sample_id,batch,timepoint,HK_001,HK_002,HK_003,HK_004,HK_005,HK_006,HK_007,HK_008,HK_009,HK_010,HK_011,HK_012,HK_013,HK_014,HK_015,HK_016,HK_017,HK_018,HK_019,HK_020,HK_021,HK_022,HK_023,HK_024,HK_025,HK_026,HK_027,HK_028,HK_029,HK_030,HK_031,HK_032,HK_033,HK_034,HK_035,HK_036,HK_037,HK_038,HK_039,HK_040,HK_041,HK_042,HK_043,HK_044,HK_045,HK_046,HK_047,HK_048,HK_049,HK_050,HK_051,HK_052,HK_053,HK_054,HK_055,HK_056,HK_057,HK_058,HK_059,HK_060,HK_061,HK_062,HK_063,HK_064,HK_065,HK_066,HK_067,HK_068,HK_069,HK_070,HK_071,HK_072,HK_073,HK_074,HK_075,HK_076,HK_077,HK_078,HK_079,HK_080,HK_081,HK_082,HK_083,HK_084,HK_085,HK_086,HK_087,HK_088,HK_089,HK_090,HK_091,HK_092,HK_093,HK_094,HK_095,HK_096,HK_097,HK_098,HK_099,HK_100,HK_101,HK_102,HK_103,HK_104,HK_105,HK_106,HK_107,HK_108,HK_109,HK_110,HK_111,HK_112,HK_113,HK_114,HK_115,HK_116,HK_117,HK_118,HK_119,HK_120,HK_121,HK_122,HK_123,HK_124,HK_125,HK_126,HK_127,HK_128,HK_129,HK_130,HK_131,HK_132,HK_133,HK_134,HK_135,HK_136,HK_137,HK_138,HK_139,HK_140,HK_141,HK_142,HK_143,HK_144,HK_145,HK_146,HK_147,HK_148,HK_149,HK_150,HK_151,HK_152,HK_153,HK_154,HK_155,HK_156,HK_157,HK_158,HK_159,HK_160,HK_161,HK_162,HK_163,HK_164,HK_165,HK_166,HK_167,HK_168,HK_169,HK_170,HK_171,HK_172,HK_173,HK_174,HK_175,HK_176,HK_177,HK_178,HK_179,HK_180,HK_181,HK_182,HK_183,HK_184,HK_185,HK_186,HK_187,HK_188,HK_189,HK_190,HK_191,HK_192,HK_193,HK_194,HK_195,HK_196,HK_197,HK_198,HK_199,HK_200,IMM_001,IMM_002,IMM_003,IMM_004,IMM_005,IMM_006,IMM_007,IMM_008,IMM_009,IMM_010,IMM_011,IMM_012,IMM_013,IMM_014,IMM_015,IMM_016,IMM_017,IMM_018,IMM_019,IMM_020,IMM_021,IMM_022,IMM_023,IMM_024,IMM_025,IMM_026,IMM_027,IMM_028,IMM_029,IMM_030,IMM_031,IMM_032,IMM_033,IMM_034,IMM_035,IMM_036,IMM_037,IMM_038,IMM_039,IMM_040,IMM_041,IMM_042,IMM_043,IMM_044,IMM_045,IMM_046,IMM_047,IMM_048,IMM_049,IMM_050,IMM_051,IMM_052,IMM_053,IMM_054,IMM_055,IMM_056,IMM_057,IMM_058,IMM_059,IMM_060,IMM_061,IMM_062,IMM_063,IMM_064,IMM_065,IMM_066,IMM_067,IMM_068,IMM_069,IMM_070,IMM_071,IMM_072,IMM_073,IMM_074,IMM_075,IMM_076,IMM_077,IMM_078,IMM_079,IMM_080,IMM_081,IMM_082,IMM_083,IMM_084,IMM_085,IMM_086,IMM_087,IMM_088,IMM_089,IMM_090,IMM_091,IMM_092,IMM_093,IMM_094,IMM_095,IMM_096,IMM_097,IMM_098,IMM_099,IMM_100,IMM_101,IMM_102,IMM_103,IMM_104,IMM_105,IMM_106,IMM_107,IMM_108,IMM_109,IMM_110,IMM_111,IMM_112,IMM_113,IMM_114,IMM_115,IMM_116,IMM_117,IMM_118,IMM_119,IMM_120,IMM_121,IMM_122,IMM_123,IMM_124,IMM_125,IMM_126,IMM_127,IMM_128,IMM_129,IMM_130,IMM_131,IMM_132,IMM_133,IMM_134,IMM_135,IMM_136,IMM_137,IMM_138,IMM_139,IMM_140,IMM_141,IMM_142,IMM_143,IMM_144,IMM_145,IMM_146,IMM_147,IMM_148,IMM_149,IMM_150,IMM_151,IMM_152,IMM_153,IMM_154,IMM_155,IMM_156,IMM_157,IMM_158,IMM_159,IMM_160,IMM_161,IMM_162,IMM_163,IMM_164,IMM_165,IMM_166,IMM_167,IMM_168,IMM_169,IMM_170,IMM_171,IMM_172,IMM_173,IMM_174,IMM_175,IMM_176,IMM_177,IMM_178,IMM_179,IMM_180,IMM_181,IMM_182,IMM_183,IMM_184,IMM_185,IMM_186,IMM_187,IMM_188,IMM_189,IMM_190,IMM_191,IMM_192,IMM_193,IMM_194,IMM_195,IMM_196,IMM_197,IMM_198,IMM_199,IMM_200,IMM_201,IMM_202,IMM_203,IMM_204,IMM_205,IMM_206,IMM_207,IMM_208,IMM_209,IMM_210,IMM_211,IMM_212,IMM_213,IMM_214,IMM_215,IMM_216,IMM_217,IMM_218,IMM_219,IMM_220,IMM_221,IMM_222,IMM_223,IMM_224,IMM_225,IMM_226,IMM_227,IMM_228,IMM_229,IMM_230,IMM_231,IMM_232,IMM_233,IMM_234,IMM_235,IMM_236,IMM_237,IMM_238,IMM_239,IMM_240,IMM_241,IMM_242,IMM_243,IMM_244,IMM_245,IMM_246,IMM_247,IMM_248,IMM_249,IMM_250,IMM_251,IMM_252,IMM_253,IMM_254,IMM_255,IMM_256,IMM_257,IMM_258,IMM_259,IMM_260,IMM_261,IMM_262,IMM_263,IMM_264,IMM_265,IMM_266,IMM_267,IMM_268,IMM_269,IMM_270,IMM_271,IMM_272,IMM_273,IMM_274,IMM_275,IMM_276,IMM_277,IMM_278,IMM_279,IMM_280,IMM_281,IMM_282,IMM_283,IMM_284,IMM_285,IMM_286,IMM_287,IMM_288,IMM_289,IMM_290,IMM_291,IMM_292,IMM_293,IMM_294,IMM_295,IMM_296,IMM_297,IMM_298,IMM_299,IMM_300,LOW_001,LOW_002,LOW_003,LOW_004,LOW_005,LOW_006,LOW_007,LOW_008,LOW_009,LOW_010,LOW_011,LOW_012,LOW_013,LOW_014,LOW_015,LOW_016,LOW_017,LOW_018,LOW_019,LOW_020,LOW_021,LOW_022,LOW_023,LOW_024,LOW_025,LOW_026,LOW_027,LOW_028,LOW_029,LOW_030,LOW_031,LOW_032,LOW_033,LOW_034,LOW_035,LOW_036,LOW_037,LOW_038,LOW_039,LOW_040,LOW_041,LOW_042,LOW_043,LOW_044,LOW_045,LOW_046,LOW_047,LOW_048,LOW_049,LOW_050,LOW_051,LOW_052,LOW_053,LOW_054,LOW_055,LOW_056,LOW_057,LOW_058,LOW_059,LOW_060,LOW_061,LOW_062,LOW_063,LOW_064,LOW_065,LOW_066,LOW_067,LOW_068,LOW_069,LOW_070,LOW_071,LOW_072,LOW_073,LOW_074,LOW_075,LOW_076,LOW_077,LOW_078,LOW_079,LOW_080,LOW_081,LOW_082,LOW_083,LOW_084,LOW_085,LOW_086,LOW_087,LOW_088,LOW_089,LOW_090,LOW_091,LOW_092,LOW_093,LOW_094,LOW_095,LOW_096,LOW_097,LOW_098,LOW_099,LOW_100,LOW_101,LOW_102,LOW_103,LOW_104,LOW_105,LOW_106,LOW_107,LOW_108,LOW_109,LOW_110,LOW_111,LOW_112,LOW_113,LOW_114,LOW_115,LOW_116,LOW_117,LOW_118,LOW_119,LOW_120,LOW_121,LOW_122,LOW_123,LOW_124,LOW_125,LOW_126,LOW_127,LOW_128,LOW_129,LOW_130,LOW_131,LOW_132,LOW_133,LOW_134,LOW_135,LOW_136,LOW_137,LOW_138,LOW_139,LOW_140,LOW_141,LOW_142,LOW_143,LOW_144,LOW_145,LOW_146,LOW_147,LOW_148,LOW_149,LOW_150,LOW_151,LOW_152,LOW_153,LOW_154,LOW_155,LOW_156,LOW_157,LOW_158,LOW_159,LOW_160,LOW_161,LOW_162,LOW_163,LOW_164,LOW_165,LOW_166,LOW_167,LOW_168,LOW_169,LOW_170,LOW_171,LOW_172,LOW_173,LOW_174,LOW_175,LOW_176,LOW_177,LOW_178,LOW_179,LOW_180,LOW_181,LOW_182,LOW_183,LOW_184,LOW_185,LOW_186,LOW_187,LOW_188,LOW_189,LOW_190,LOW_191,LOW_192,LOW_193,LOW_194,LOW_195,LOW_196,LOW_197,LOW_198,LOW_199,LOW_200,HVAR_001,HVAR_002,HVAR_003,HVAR_004,HVAR_005,HVAR_006,HVAR_007,HVAR_008,HVAR_009,HVAR_010,HVAR_011,HVAR_012,HVAR_013,HVAR_014,HVAR_015,HVAR_016,HVAR_017,HVAR_018,HVAR_019,HVAR_020,HVAR_021,HVAR_022,HVAR_023,HVAR_024,HVAR_025,HVAR_026,HVAR_027,HVAR_028,HVAR_029,HVAR_030,HVAR_031,HVAR_032,HVAR_033,HVAR_034,HVAR_035,HVAR_036,HVAR_037,HVAR_038,HVAR_039,HVAR_040,HVAR_041,HVAR_042,HVAR_043,HVAR_044,HVAR_045,HVAR_046,HVAR_047,HVAR_048,HVAR_049,HVAR_050
JUDE_T0,BatchA,0,3042,2752,3104,3256,2433,3090,2919,2831,2797,3021,3244,3339,3155,3204,3112,3020,2881,2834,3187,2894,3084,2821,3299,2983,3000,2674,2907,3291,3076,3031,3515,3056,2897,2754,3458,3288,2697,3006,2996,3234,3020,3346,2757,3243,3052,3337,3042,3143,3244,2934,3026,3001,2852,3057,2861,2948,2839,3113,2544,2916,2632,2951,3292,3120,3106,3167,2693,2921,2954,2853,3160,3147,3019,3157,3094,2912,2706,3066,2994,2802,3035,2871,2961,2798,2811,2836,3134,3267,2858,3127,3041,2987,2930,3189,2832,2632,2804,2833,2899,2884,2921,3451,2896,3176,2486,2668,2899,2954,3283,2552,2995,2598,2752,2702,2974,2808,3194,2736,2990,3028,2769,3259,3141,3255,2804,2924,3259,2702,2936,2898,2781,2603,3261,2957,2779,3002,3360,2626,3594,3661,2990,3045,2666,3325,3065,2993,2785,2976,2983,2881,2989,2809,2634,3212,2876,3251,3000,2745,3402,2714,2969,2527,3282,2593,3015,3074,3273,3154,3048,2678,2694,3150,3162,2881,2894,3107,3364,3093,2773,3206,3015,2760,2943,2908,2854,3239,2864,2658,2861,3461,3395,3118,2675,3335,2818,2731,3023,2856,2798,2630,165,202,173,189,100,160,146,109,121,143,156,102,160,129,145,179,187,199,146,126,128,133,201,123,168,142,257,224,115,171,129,130,177,213,136,137,98,144,104,128,130,142,117,112,209,101,109,214,260,89,146,186,196,128,131,197,149,135,167,124,137,159,166,148,190,214,140,147,158,144,94,174,128,219,190,155,136,99,183,134,158,107,197,159,152,148,177,161,136,139,129,153,147,85,141,134,141,143,111,163,167,131,172,188,146,127,133,205,198,220,208,173,178,173,164,147,136,148,171,145,168,156,165,176,198,182,126,164,110,119,194,152,143,125,158,101,118,143,193,174,75,179,183,135,188,106,122,161,106,166,151,155,127,175,189,157,144,160,153,132,105,144,160,100,136,183,127,132,197,187,147,158,151,155,160,193,145,114,215,155,147,203,109,124,118,112,140,148,174,118,103,137,136,171,141,146,179,159,153,126,154,163,188,143,163,148,142,147,102,99,98,88,140,169,175,167,187,159,159,206,159,128,128,116,114,123,194,198,107,167,144,198,158,86,204,156,135,129,118,151,142,158,159,201,136,127,156,159,207,161,141,171,209,239,154,141,214,136,164,177,183,123,110,100,126,148,146,223,162,119,153,135,131,148,151,139,163,139,143,288,154,200,176,164,177,134,134,173,127,161,213,154,142,141,139,151,116,147,115,110,12,11,6,5,3,7,15,9,6,8,5,6,9,9,11,8,10,5,8,12,5,6,13,7,11,6,11,9,8,10,7,5,7,9,5,7,8,9,4,5,5,5,9,7,6,8,7,5,8,10,7,8,7,11,7,7,5,6,4,5,8,8,8,7,10,9,8,6,8,8,5,7,9,6,10,4,12,10,8,8,5,6,7,5,9,11,6,5,7,9,6,8,10,5,6,7,6,8,8,5,8,5,11,6,5,7,8,7,4,9,6,8,5,9,5,6,8,10,7,12,7,9,7,6,7,7,6,11,6,5,9,12,8,6,7,7,7,6,9,7,6,8,13,8,6,7,8,5,9,7,13,7,9,5,9,8,6,7,12,6,4,8,6,7,9,5,5,9,6,4,8,9,6,6,9,7,16,10,9,8,8,9,12,8,6,6,10,10,6,6,9,7,9,4,7,5,4,5,6,7,93,91,76,91,105,80,81,100,88,97,2,2,1,2,2,1,1,2,2,1,1295,1471,1008,1109,1165,1436,1281,1238,1126,1138,1287,1190,1244,1263,1136,1291,1307,1321,1011,1025,21,24,21,17,23,23,23,22,20,19
SABRA_T0,BatchA,0,3278,2734,3020,3359,2588,2570,2885,2936,3041,2989,3280,3135,3209,2803,3054,2706,2993,3050,2952,3111,2818,2941,2974,3047,3266,3031,2934,3007,3100,3112,3367,2780,3060,2605,3017,3180,3094,2715,2961,3415,2971,3186,2851,3277,2727,2916,2889,2722,3314,3043,3081,3213,2506,3000,2770,2689,2680,3038,2553,3019,2591,3038,3431,2853,3247,2969,2859,2859,3087,3039,2586,3021,2628,3169,2790,3269,2921,2943,3508,2898,2945,2919,3045,3012,2986,3180,2705,2910,3037,3222,2858,2972,3001,2719,2735,2789,2733,2805,2925,2648,2905,3202,2752,3103,2691,3171,3385,2853,3440,2574,2990,2511,2783,2872,2829,3013,3077,3072,3261,2864,2935,3141,2763,3275,2814,3275,2959,2762,2952,2770,3072,2718,2927,3002,2743,2817,3228,2852,3347,3413,3340,2900,2557,3046,2937,3014,2820,2929,2959,3073,2859,2657,2758,2997,2934,3398,2872,3052,3078,2695,3029,3171,3446,2911,3041,3045,3245,2887,2844,3128,2882,3452,2949,2725,3072,3140,3228,3034,2924,3003,3152,3252,2818,3182,2859,3637,3074,2529,2495,3082,3643,2986,2837,3430,2975,2783,3112,2767,2744,2791,184,178,172,137,83,166,122,112,150,147,178,122,133,128,142,171,174,165,175,119,127,158,164,109,148,147,210,211,125,142,104,136,154,221,126,134,100,137,126,154,147,137,98,109,230,102,102,219,263,120,153,137,214,140,135,169,179,131,127,129,114,161,166,120,153,146,152,173,145,123,126,165,146,206,168,172,127,110,202,168,143,112,216,187,116,118,152,186,164,121,177,143,207,83,134,158,159,121,104,148,204,107,158,136,165,126,129,190,164,206,165,158,217,147,141,154,157,145,219,139,174,153,183,176,221,183,105,155,108,115,197,185,119,108,174,110,127,173,191,194,92,151,164,182,199,84,120,144,103,198,149,201,129,194,172,151,176,138,105,129,150,145,179,132,149,188,151,141,175,180,153,184,191,189,170,214,149,89,208,122,130,202,99,99,107,143,167,172,141,115,82,129,156,170,190,193,156,146,144,155,149,161,174,133,135,130,146,173,113,127,103,91,140,166,158,158,206,212,142,163,162,152,145,115,136,159,146,220,119,174,125,141,138,108,179,124,138,123,140,171,147,149,131,216,174,123,214,127,172,166,146,167,187,209,178,188,188,113,158,140,141,115,99,87,125,109,163,290,200,151,151,137,157,136,154,145,160,119,144,256,187,182,172,165,172,154,129,162,124,181,178,169,148,153,135,192,104,132,99,123,9,8,6,5,4,7,12,8,5,9,5,8,8,6,9,9,10,5,8,12,5,6,10,7,9,6,9,6,9,11,7,6,7,8,5,7,7,8,5,6,5,7,8,7,6,7,7,6,9,8,8,8,7,11,7,7,7,7,5,6,8,8,7,6,9,8,8,7,10,8,5,9,7,6,9,5,10,11,6,8,4,6,7,7,12,11,5,6,7,12,5,9,10,6,4,6,8,9,8,4,8,6,10,6,6,10,9,8,4,11,5,8,6,8,7,5,8,7,7,9,6,7,8,7,9,7,7,10,6,4,11,14,7,5,5,6,6,5,10,8,5,6,12,7,6,7,9,4,8,8,14,6,11,6,8,7,6,7,9,7,5,7,6,5,7,4,6,9,7,4,10,7,6,6,9,8,13,9,9,7,12,9,12,7,7,6,8,10,6,5,9,6,8,4,9,5,4,5,6,8,2,2,2,2,2,2,2,2,2,2,0,0,0,0,0,0,0,0,0,0,2207,2623,2023,1994,2128,2784,2499,2572,2234,2145,2347,2274,2500,2547,2433,2481,2831,2620,2247,2068,22,21,19,19,20,20,23,20,19,20
JOHNER_T0,BatchA,0,2991,2717,3213,3028,2812,2561,3186,2776,3008,2986,2956,3334,2870,3305,3022,3053,3159,2789,3340,2934,3181,2593,3028,2969,2609,2832,2696,2839,2961,3372,3428,3051,2357,2933,3064,3383,2772,3117,3071,2807,3238,3258,2813,2913,3127,3069,3073,3347,3213,2998,3120,2982,2577,2943,3113,2580,2373,3381,3298,3125,2870,3035,3314,3176,2936,2910,2931,2780,3003,3135,2768,2768,3124,3045,2996,3270,3138,3174,3256,2749,2712,2581,2827,3010,2862,3448,3156,2968,3175,3269,3161,3117,2627,2834,2572,3029,2772,2867,2796,2690,3028,2850,3086,3046,2978,3357,2872,2752,2941,2768,2951,3104,2879,2887,2957,2862,2966,3226,3135,2961,2715,3075,3255,2980,3085,3054,3088,2822,2766,2946,3149,2617,3284,2952,2615,2619,2786,3082,2969,3572,2937,2862,2683,3470,2666,3032,3109,2919,3153,2982,2984,2960,2701,2744,3070,3521,2777,3518,2977,2761,2673,2683,3442,2787,3030,2796,3088,2888,2944,3076,2819,2689,2751,2842,2837,2792,3630,2698,3125,3019,3156,2732,2797,3122,3060,3279,3022,2592,2516,3543,3106,2813,2881,3275,3155,2574,3196,2712,2889,2912,167,198,169,151,105,140,99,118,127,146,205,141,146,145,145,201,149,209,147,113,135,135,133,115,151,170,252,227,129,148,111,129,141,184,108,112,103,157,106,120,123,169,110,116,233,113,111,208,297,115,168,188,202,112,120,193,151,133,164,104,150,142,141,116,185,162,165,161,145,162,114,177,149,193,190,184,144,120,181,197,166,133,192,152,128,132,141,169,149,141,147,138,192,100,149,153,154,117,100,173,195,118,204,124,144,122,149,208,169,175,162,196,206,173,212,132,156,118,175,113,179,145,184,156,230,168,98,137,134,141,221,200,152,125,148,133,117,156,170,165,87,140,172,137,184,97,144,169,111,228,153,176,114,141,199,147,161,156,107,158,121,141,186,142,154,191,125,118,151,189,137,232,185,156,152,258,144,83,187,124,132,204,119,114,108,138,159,175,149,112,115,168,157,161,181,128,158,152,150,114,138,170,177,123,161,122,136,153,115,97,101,94,119,213,145,149,189,195,159,167,163,120,134,114,139,138,193,185,119,159,111,155,143,92,153,113,141,133,123,184,140,145,141,183,123,119,202,148,191,176,133,117,239,254,146,160,176,105,173,127,189,127,98,94,122,145,134,222,181,120,150,143,147,177,187,133,151,106,135,232,150,216,168,190,151,156,125,170,118,168,173,150,143,153,149,174,101,140,86,116,11,10,7,6,3,7,11,9,7,9,6,9,9,7,8,9,9,7,8,11,6,5,11,7,8,6,13,9,9,13,6,7,7,9,4,8,7,11,5,7,5,6,10,8,8,8,9,6,10,9,9,10,10,14,7,6,6,6,5,5,9,6,9,7,11,7,8,6,7,7,6,7,8,5,8,4,11,8,8,8,4,5,7,6,9,14,5,7,7,11,6,8,12,4,5,6,7,8,8,4,8,7,10,7,7,9,8,8,5,9,5,9,4,11,6,5,9,6,5,12,7,8,8,7,10,5,7,11,6,4,12,17,7,5,8,7,10,6,10,8,5,8,12,8,7,7,10,6,8,6,13,7,11,7,9,10,6,7,8,8,5,7,7,7,7,5,4,8,6,4,9,7,7,6,8,7,13,7,6,7,9,8,10,6,7,5,9,10,6,7,7,7,10,4,6,7,3,6,7,6,5,4,4,4,5,4,4,4,4,4,0,0,0,0,0,0,0,0,0,0,5902,6662,4734,5641,5951,6250,6204,6297,5435,5000,5831,6514,6251,6547,6278,5965,6211,6411,5400,4990,22,23,17,17,20,22,25,20,20,20
FERRO_T0,BatchA,0,2686,2729,3185,3112,2656,2664,2954,2851,2966,2858,3271,3142,3177,3059,3276,2866,3341,2937,3067,2982,3434,2608,3099,2993,3116,2996,3068,2892,2984,3436,3014,2734,2699,2822,3132,3328,2894,2542,2611,3033,2718,3173,2766,2744,2949,3020,3182,3294,3336,2829,2980,2836,2904,2910,2942,2930,2981,2858,2965,3181,2806,3147,2865,2680,3140,2949,2846,2888,3132,3047,2804,2652,3083,3082,2899,3049,3082,2905,2812,3150,2983,2877,2756,2705,2695,2906,3086,2948,3262,3298,3043,2524,2845,3081,2632,2983,2853,2933,3104,2440,2709,3400,3217,2907,2913,3046,2784,2792,2929,2749,3031,3235,3096,2851,2961,2645,3024,3095,3237,2861,2944,3131,3357,3254,3096,2891,3130,2481,3060,2870,3029,2596,2950,2960,2778,2764,2678,2990,3163,3260,3084,2957,2534,2746,2777,2970,3014,3214,3104,2772,3108,2835,2788,2877,2612,3359,2874,2900,2987,2835,2982,2894,3049,3109,3334,2736,3241,3120,2596,3030,2924,2824,2986,2859,2725,2621,3494,2995,3129,2972,3421,3000,2787,3001,3129,3629,2914,2833,2876,3053,3316,3238,2907,2996,2708,2788,2924,2849,3042,2648,155,204,161,155,94,154,118,135,127,133,148,104,137,123,136,184,130,197,169,121,150,155,144,126,155,171,247,215,123,155,102,136,145,190,121,131,98,156,111,142,126,144,109,119,229,140,118,249,258,107,133,172,252,114,151,154,182,155,144,123,142,135,160,125,172,213,150,159,161,151,116,138,135,235,207,126,123,110,203,168,148,119,190,142,136,153,137,128,158,151,154,147,194,98,131,124,140,134,111,161,200,126,198,137,164,105,129,200,155,246,187,164,220,158,212,156,202,117,189,117,168,122,184,193,185,192,116,174,125,133,194,168,156,140,150,125,133,162,189,127,93,145,133,162,191,91,142,137,97,169,159,191,130,171,167,181,165,136,112,148,115,156,167,107,150,228,130,129,128,165,164,189,164,163,174,237,164,105,193,136,141,252,101,108,113,131,164,157,168,142,95,138,145,152,187,130,147,209,185,148,148,155,176,144,165,150,124,174,105,122,104,86,138,147,129,145,179,209,136,180,165,124,146,109,126,177,182,195,112,174,115,143,141,101,183,135,129,127,144,153,153,172,165,201,164,108,142,155,153,148,126,166,219,233,165,162,173,120,154,145,156,132,96,96,128,182,141,234,192,120,144,153,133,147,192,115,185,131,146,242,130,204,144,150,169,157,129,142,132,184,149,154,151,136,170,185,93,144,119,118,12,8,6,5,3,6,13,8,6,10,6,7,8,7,9,9,10,8,8,11,6,6,9,6,13,7,11,7,8,11,7,6,8,8,5,10,6,10,4,6,4,7,7,7,7,7,8,5,7,10,8,7,9,12,8,8,5,7,5,7,7,8,8,6,9,8,7,7,9,8,5,7,9,4,8,5,10,11,7,7,4,5,8,5,9,12,4,6,11,11,5,6,14,5,6,7,6,11,8,4,9,7,10,7,8,7,10,8,4,9,5,9,5,10,6,5,9,7,6,10,8,7,9,6,9,6,7,9,6,4,11,17,7,4,7,6,8,6,9,7,5,8,15,10,6,6,9,4,7,7,12,8,13,6,7,8,5,8,8,8,7,8,6,7,7,5,6,9,7,4,8,7,6,5,9,7,14,10,8,9,10,11,9,7,8,7,8,10,6,7,8,7,12,4,7,6,3,6,7,7,2,2,2,2,2,2,2,2,2,2,0,0,0,0,0,0,0,0,0,0,97,86,79,78,89,100,88,86,82,78,88,86,85,83,88,88,84,94,88,75,23,20,18,18,24,23,25,21,19,19
WIERZBOWSKI_T0,BatchA,0,3075,2731,3003,3685,2977,2741,2787,3294,2989,2718,3007,3256,3221,2913,2856,2845,3103,2984,3335,3054,2808,2979,3005,3131,2964,2954,3430,2957,3086,3205,3446,2801,3040,2926,3191,3128,2971,2691,2730,3012,3174,3281,2996,2923,2991,3255,2958,2961,2980,3170,3405,2924,2371,3100,2903,2640,3188,3655,2739,3317,2854,2917,2837,3286,3164,3062,2835,2580,3174,2885,3066,2709,2432,3153,3102,2788,3072,2661,3303,3117,3122,2988,2786,2892,3091,3110,2898,3269,3080,2833,2930,3153,3171,2949,2652,3052,2762,2894,2894,2946,2905,3097,3117,3158,2641,2948,2474,2959,3120,2614,3265,2983,3023,2800,3044,2935,3486,3312,3216,3010,3132,2897,2924,3092,2931,3203,2879,3092,2599,2662,3404,2497,2904,2865,2551,3098,3130,3253,3279,3223,2876,2859,2410,3213,2824,2723,2874,3264,3247,2917,2728,2683,2538,2746,3297,3227,2950,3239,2794,2850,2729,2951,3439,3000,2802,2660,2820,2819,2805,3137,2808,3040,2859,2972,2674,2990,3349,2622,3067,3026,3428,3000,3008,2969,2922,3378,2849,2630,2684,3516,3372,3173,3347,3325,2865,2790,3250,2960,3056,3231,166,196,144,182,97,160,117,111,131,144,183,127,151,134,148,150,176,167,154,156,143,146,177,112,146,171,243,245,133,166,109,134,147,175,151,143,94,143,114,131,91,128,120,108,192,107,140,253,244,118,132,169,195,130,142,207,152,138,144,127,140,148,184,148,144,160,161,140,141,147,136,131,148,211,222,155,120,116,202,153,164,117,166,160,143,120,170,160,162,123,148,179,182,89,140,163,149,142,102,144,182,114,182,136,168,109,146,219,170,168,195,161,258,167,154,140,162,145,171,100,171,139,167,158,211,205,121,164,119,141,200,195,121,119,144,134,133,157,194,178,87,182,134,139,170,104,118,165,92,196,132,160,139,163,194,143,137,151,132,146,147,158,167,128,124,197,131,118,144,192,164,218,171,154,163,259,129,113,202,151,139,181,115,113,116,136,142,146,179,103,84,136,144,153,181,178,189,118,192,138,134,160,204,141,161,135,141,175,99,125,125,88,140,198,123,171,182,212,177,211,150,139,117,111,132,129,166,214,122,170,111,162,167,116,157,125,151,112,121,193,155,201,171,190,128,128,179,150,183,165,140,164,210,207,160,150,209,135,146,123,148,127,112,87,104,151,123,208,181,133,143,126,168,156,185,129,179,123,148,226,167,226,132,147,139,143,141,152,108,178,213,180,147,142,150,183,105,158,78,123,11,11,5,6,4,6,14,7,7,8,5,6,7,9,11,7,9,8,9,9,5,8,9,5,10,7,12,9,7,10,7,6,5,8,5,8,8,9,4,6,5,5,8,8,7,7,8,5,9,8,9,8,7,15,9,8,6,6,6,7,7,9,8,5,11,9,8,7,9,9,5,7,6,7,6,4,9,10,7,7,4,5,7,5,9,11,7,6,9,11,5,10,9,5,5,8,7,8,7,5,10,7,9,6,7,8,10,8,4,9,6,9,6,8,7,6,7,9,7,10,6,7,7,7,9,6,7,9,6,4,9,14,7,5,6,6,8,5,9,8,6,8,14,8,7,7,8,5,7,8,13,7,13,6,7,8,5,9,10,8,4,6,6,5,7,5,6,9,7,3,9,11,6,4,12,10,15,9,8,7,9,9,11,7,7,6,8,10,7,7,7,8,11,6,5,6,4,7,6,8,7,6,6,6,7,6,6,7,7,6,0,0,0,0,0,0,0,0,0,0,486,530,371,448,446,552,467,512,418,459,505,518,511,477,505,492,481,545,426,415,20,22,18,17,20,22,23,20,20,19
HILLARD_T0,BatchA,0,3086,2699,3069,3292,2958,3081,3409,2649,3189,3012,3214,3109,3236,3063,2924,2767,2996,2608,3279,2605,3089,2920,3112,2794,2963,3215,3097,2977,3187,3227,3329,2925,3180,2766,3478,3175,3074,2887,3029,2782,3146,3104,2858,3006,3129,3049,3465,3155,3485,2692,3353,3322,2561,2915,2893,2676,3094,3188,3222,2938,2799,3044,3410,2821,3232,3470,3018,2984,3284,2829,2805,2910,2809,3142,2928,2872,2894,2989,3418,3054,2955,2682,2986,2948,2700,3309,2868,2719,3152,3284,3009,3060,2696,2999,2570,2880,2840,2862,3004,3125,2775,3528,2793,3122,2582,3000,3036,3084,3193,2901,2981,2932,3261,2452,3088,2952,3366,3142,3132,2978,2855,3182,3211,2903,3030,3043,3294,2824,3201,2730,2786,2652,3161,3188,2691,3076,2692,3049,3094,3481,3297,2876,2857,3117,2907,2952,2771,3155,3022,2722,2734,2823,2605,2758,2930,3159,3014,2985,2985,2615,2832,2684,3500,2748,3076,2812,2941,3200,2774,3023,2908,2834,2898,2951,2879,2973,3099,3031,2741,2915,3609,2958,3055,3327,3300,3025,3027,2645,2790,3269,3096,2952,2970,3109,2712,2672,3075,2748,3084,3013,180,174,139,179,99,148,129,111,117,121,166,115,177,117,129,196,171,193,137,152,144,144,173,121,158,156,266,216,151,144,102,129,148,228,135,140,109,130,137,124,119,154,96,118,279,124,137,266,278,129,109,163,214,118,141,195,182,148,127,101,153,132,154,133,142,159,139,137,180,124,129,167,154,228,187,137,114,121,195,174,168,109,206,173,124,131,119,127,148,122,146,142,186,91,139,164,148,142,109,144,211,111,174,124,137,121,112,199,191,194,179,146,240,182,175,145,139,137,179,118,195,116,198,188,240,176,105,124,134,110,200,173,140,125,163,128,125,183,206,150,105,156,130,164,222,89,124,155,96,204,147,193,141,169,158,170,172,152,122,138,137,159,202,114,157,198,118,132,140,151,136,213,161,212,209,200,144,92,185,132,161,174,97,98,109,150,167,144,164,114,90,174,120,133,171,171,204,142,152,126,138,184,200,125,142,157,140,163,100,112,113,75,145,163,143,140,176,203,130,173,146,126,153,114,117,168,157,211,123,147,106,148,129,105,189,126,146,100,130,185,145,160,130,234,132,107,220,138,168,178,166,158,237,250,146,164,182,103,169,145,180,109,112,84,124,137,110,210,190,135,144,117,155,162,161,136,205,125,172,260,169,182,152,158,151,140,126,171,110,160,179,165,143,162,140,175,100,145,95,102,12,10,6,5,3,5,16,8,6,8,5,7,9,7,8,7,9,5,11,12,7,5,10,7,10,7,11,7,7,10,7,7,6,9,5,8,6,11,4,6,4,7,6,8,6,6,8,5,7,9,9,8,7,12,8,8,6,6,5,6,6,10,9,5,11,9,6,8,8,8,5,8,6,6,9,5,8,11,8,7,3,5,8,7,10,10,6,6,8,11,5,7,12,6,4,7,7,9,6,5,10,5,10,6,6,9,9,9,6,8,6,8,5,10,6,5,9,6,6,10,6,9,11,7,8,6,7,12,6,3,11,13,6,5,7,8,6,6,10,8,5,9,13,9,7,6,9,4,7,6,10,8,12,6,9,8,7,8,9,7,4,8,5,7,7,5,5,7,5,4,11,6,6,7,10,9,15,8,8,6,8,7,9,8,6,7,9,12,6,6,8,7,10,5,7,6,4,6,5,8,1,1,1,1,1,1,1,1,1,1,0,0,0,0,0,0,0,0,0,0,147,161,115,129,140,158,147,148,128,124,148,143,157,145,149,149,158,146,138,121,22,22,19,18,21,24,23,23,18,19
CROWE_T0,BatchA,0,3373,2483,2853,3369,2873,2456,3234,2706,3186,2844,3268,2936,3350,3176,2889,2606,3089,2852,2967,3160,2715,3229,3040,3003,3112,2798,2988,3280,2881,2851,3291,2955,3201,3098,3319,3321,3159,2671,2888,3593,3290,3006,2863,3003,3485,2785,2990,3263,2989,3071,3117,2949,2653,2749,3061,2612,3170,2959,3031,3183,2813,3171,2776,3173,2834,3175,3215,2942,3024,2908,2766,2688,2860,2943,2791,3106,2817,3146,3097,3034,2872,2722,2985,3177,2902,3091,3264,2965,3145,2891,3102,2903,3086,2885,2594,2717,3005,3221,2796,2751,2994,3106,3166,3158,2314,2884,2839,3423,3140,2902,3215,2731,3250,2844,2922,2640,3246,3071,3074,2918,2642,2882,2938,3173,3082,3220,3025,3051,3143,2686,3187,2972,2809,3020,2799,2727,3170,3312,3248,3719,3250,2951,3024,3252,2858,2913,2811,2858,3367,2993,2825,2750,2538,2909,3100,3414,3272,3094,2811,2598,3237,2656,2929,2905,3151,2636,3265,3114,2858,3214,2956,3092,3014,2521,2777,2943,3286,2898,3046,3467,3273,3041,3021,3078,3085,3273,3079,2616,2751,3220,3091,3037,2942,3282,2789,2850,3349,3185,3110,2865,176,232,170,179,98,143,103,126,104,124,192,125,137,136,123,200,142,179,154,128,156,146,140,114,168,181,221,221,119,144,125,129,183,166,113,123,102,135,117,150,112,146,112,130,251,119,145,215,231,123,137,167,223,100,117,210,165,131,163,114,128,144,158,126,142,150,169,168,133,158,135,155,145,212,193,181,116,121,181,173,159,97,173,147,107,141,187,174,134,137,114,136,184,84,172,153,154,134,112,140,177,105,180,141,177,128,122,173,198,247,217,175,181,166,173,133,153,156,187,130,159,133,226,176,225,147,88,141,155,140,184,152,107,137,161,92,162,156,214,153,88,150,142,132,215,95,125,165,100,193,181,180,124,187,168,161,167,165,135,151,147,166,192,121,104,202,113,128,159,189,157,169,173,173,160,233,136,96,189,148,147,156,109,122,103,121,176,132,186,117,93,148,153,148,158,133,174,183,166,108,164,161,174,128,146,146,155,196,105,126,109,88,131,195,180,152,170,165,169,182,149,115,124,107,122,128,164,185,120,160,123,167,125,89,187,107,146,112,121,158,183,157,162,182,130,95,208,132,194,171,138,167,221,219,163,157,186,123,135,154,161,147,111,78,124,155,147,167,184,122,170,130,142,159,148,149,176,105,150,281,150,223,190,166,160,153,133,164,113,150,191,134,139,171,125,186,108,143,108,95,9,9,6,5,3,5,14,9,7,10,5,6,7,6,9,7,9,6,10,11,6,6,10,6,12,7,11,8,7,10,7,6,7,10,5,9,7,10,4,6,5,6,7,7,6,7,9,6,9,9,9,9,10,12,7,7,7,7,5,6,7,7,7,6,8,8,7,7,8,9,4,7,7,6,9,6,12,9,7,9,4,7,7,5,9,11,7,5,10,10,5,9,13,6,5,7,7,10,9,5,8,6,10,6,7,9,9,8,4,7,6,10,5,9,5,4,9,7,6,11,6,8,8,7,9,7,5,9,5,4,15,13,8,4,8,8,6,7,9,8,6,9,13,7,6,6,10,4,8,6,11,5,14,7,7,9,6,9,10,8,5,7,6,7,6,4,4,8,6,4,9,8,7,4,10,8,12,9,8,9,8,8,9,8,8,7,9,9,6,6,7,6,11,4,6,5,4,6,6,6,9,9,9,8,9,8,8,9,8,9,0,0,0,0,0,0,0,0,0,0,768,882,706,641,725,950,783,832,711,691,838,824,801,760,771,764,828,821,683,602,21,23,17,17,20,21,21,22,18,20
AARON_T0,BatchA,0,3103,2727,3266,3112,2793,2734,2926,2464,3016,2700,3008,2967,3107,3343,3014,2775,3331,2838,3178,2943,2999,2798,2955,3031,3184,3016,2971,3101,3075,2885,3084,2688,3038,2717,2981,3159,3072,2919,2826,3436,3099,3087,2891,2959,2937,2714,2882,2903,3111,2978,2811,3189,3082,2893,2656,2673,3111,3326,2782,3099,2614,2931,2815,3120,3007,3336,2872,2982,3101,2821,2908,2917,2807,3341,3096,2873,2952,3118,3042,2981,3291,2969,3138,2961,2476,2932,2574,3217,2960,3025,2918,2754,2639,2955,2727,2825,2846,2449,3067,2834,2955,3244,2876,3299,2925,2851,2921,2718,3467,2508,3359,3037,2652,2835,2968,3043,3131,2892,3308,3189,2787,3188,2835,2819,2993,3069,3304,3030,2779,2793,2934,2996,3027,2880,2970,2769,3153,2890,3251,3435,2689,3262,2698,3064,2790,3140,2889,3110,3187,2994,2761,2735,2956,3331,3002,3259,3138,3285,2883,2747,3281,2936,3416,2788,2835,2731,2938,3051,2920,2612,2931,2877,2769,3021,2703,2964,3268,3039,2943,3079,3290,2689,3057,3272,3131,3317,2999,2455,2914,3227,3206,2825,2656,3097,2808,2813,2798,2853,3059,3095,165,189,143,169,114,142,128,112,101,149,184,111,140,136,134,176,156,204,128,113,148,136,155,117,149,135,241,235,113,143,110,120,165,192,107,137,96,145,129,127,129,145,94,103,260,113,110,217,232,119,137,141,230,135,138,160,154,153,129,131,145,117,187,129,166,162,163,161,179,134,130,152,142,185,225,195,123,127,207,131,175,115,177,151,124,142,144,143,128,128,135,139,189,84,131,175,139,138,95,141,212,90,154,144,139,125,140,168,142,214,210,167,226,169,144,155,135,135,152,110,175,166,182,163,196,189,103,159,103,151,195,202,126,132,124,111,118,122,187,148,103,163,143,147,195,81,122,178,107,202,164,154,149,175,199,156,155,133,121,120,139,165,188,111,122,227,119,122,156,150,147,200,179,164,166,280,146,110,203,135,173,165,110,118,110,120,144,173,150,113,98,152,160,176,168,152,177,158,165,135,133,152,170,175,179,129,140,201,103,96,110,97,131,148,121,150,171,171,146,195,168,118,131,123,134,140,181,217,136,161,139,130,169,104,172,157,147,86,125,175,152,179,179,180,157,106,229,139,191,157,159,148,205,291,146,180,167,99,164,137,181,109,88,97,120,144,138,238,186,121,165,126,145,158,159,135,212,114,135,236,146,191,139,197,142,125,138,175,127,156,227,176,131,159,150,190,104,126,87,117,10,12,7,4,3,6,13,10,7,9,6,8,7,8,8,9,9,8,9,12,6,6,11,8,11,7,10,6,9,11,8,6,7,8,6,11,6,8,4,8,5,7,8,7,6,5,8,7,10,9,9,8,7,12,7,7,5,5,6,5,8,7,7,5,9,9,8,7,8,8,4,10,8,5,8,6,11,10,8,9,4,6,6,5,9,13,6,7,8,14,6,8,11,5,4,7,7,11,7,5,9,6,9,6,7,9,8,7,5,10,6,9,4,8,7,5,8,8,6,9,8,7,9,7,9,6,7,10,5,4,13,12,6,5,7,6,6,5,10,10,6,8,13,8,7,7,9,5,7,6,13,6,12,7,8,8,6,8,11,6,4,8,6,6,7,5,5,7,7,4,10,7,7,6,9,8,13,9,9,7,8,9,10,5,7,7,11,13,5,6,8,7,10,3,6,5,4,5,7,6,1,1,1,1,1,1,1,1,1,1,0,0,0,0,0,0,0,0,0,0,118,127,92,99,108,136,116,126,110,106,115,109,117,119,116,111,130,135,94,99,23,20,18,17,21,23,23,20,20,17
CALL_T0,BatchB,0,2856,5693,3205,3059,2853,2908,5442,3074,4554,5318,3209,5866,5320,3102,6647,3131,3099,2864,3199,2749,2950,2980,3256,7705,2865,2870,6088,3008,3364,3124,3424,2740,3034,2939,3176,3363,3027,8111,2803,3250,5731,3259,2912,2934,3429,5594,3007,2881,3091,2999,4550,6635,2508,2999,7252,2780,2519,3065,5283,8567,2647,2869,3087,6886,3301,3195,2750,3073,3479,2852,2731,4568,2865,3071,3021,2766,5334,5971,2987,6362,2956,2651,3117,6065,2875,3344,2776,4270,2869,6105,6436,2951,2890,4366,2914,6701,6810,2936,3172,7887,2920,5177,3145,2893,2875,2710,2936,2928,7449,2616,3209,3205,3611,2569,3091,4969,2856,3363,3294,3031,3163,6438,2936,6653,2973,2972,3343,4677,2864,2723,7611,5848,3242,2681,2703,5955,3047,3093,3224,3494,10885,2895,4689,3296,2871,2977,2854,2696,2940,2952,2871,6106,7699,2986,2833,2924,6228,2919,3200,2715,2751,2910,3433,2797,5720,2818,3203,3130,9438,6272,4207,3188,3030,2737,3070,2737,3300,2996,2875,7380,3512,6628,3212,2901,2699,3398,3178,2838,7010,6208,3113,8103,3381,5131,4367,3120,9179,2623,2954,8896,158,208,240,173,90,150,125,147,117,140,203,222,175,135,135,160,182,175,308,124,383,154,165,114,150,140,258,173,113,325,256,138,178,163,104,121,226,144,146,447,119,181,118,114,763,123,126,203,228,268,114,154,214,249,277,190,167,221,232,272,212,314,155,121,302,187,467,145,176,143,164,154,127,305,213,187,118,125,169,141,245,103,213,465,246,121,159,319,330,269,128,463,478,111,143,377,177,155,100,329,191,95,167,142,138,121,129,219,277,186,173,243,213,155,173,144,275,167,183,137,204,171,190,144,254,289,253,164,116,213,401,190,105,270,250,110,134,452,190,373,174,189,169,130,538,107,139,390,189,226,194,468,153,168,547,151,176,184,105,134,152,161,585,113,163,203,210,314,149,165,157,200,179,174,436,383,122,119,177,129,148,185,255,122,250,119,355,192,262,104,94,139,458,159,197,168,173,161,350,110,130,180,211,121,428,170,137,194,101,109,94,172,136,373,230,326,209,173,156,197,137,129,493,118,134,509,188,201,161,170,116,312,147,295,380,316,153,106,445,168,142,151,169,375,130,254,462,136,182,149,241,172,494,187,145,158,155,475,383,161,160,109,222,162,216,135,164,403,552,113,149,118,137,168,400,139,211,101,149,541,147,298,149,196,157,161,137,156,129,325,471,134,142,309,141,363,116,272,199,114,12,21,16,12,4,6,23,9,6,8,12,7,8,8,9,9,21,10,8,29,8,12,11,15,13,6,10,12,8,12,7,5,5,15,5,13,6,9,4,6,4,6,14,9,22,7,8,6,9,11,10,17,8,28,8,12,14,6,9,11,7,8,16,5,17,9,13,7,10,8,5,17,10,5,7,4,20,10,7,7,4,5,7,7,10,12,10,10,8,13,5,8,15,5,10,8,7,7,17,5,20,7,18,21,6,8,9,11,5,9,6,9,5,8,5,13,26,9,12,11,6,9,8,15,7,13,6,17,5,4,11,11,7,10,12,17,18,6,24,8,6,8,12,8,6,7,10,5,7,7,26,7,12,10,9,8,6,10,23,18,9,8,8,14,13,6,5,9,7,4,7,8,17,5,8,7,11,19,7,14,13,10,7,6,6,6,8,11,11,19,7,10,9,4,6,7,4,5,6,7,1,1,1,1,2,1,1,2,1,2,0,0,0,0,0,0,0,0,0,0,176,188,143,150,148,184,176,181,165,174,180,180,182,185,173,170,184,174,160,136,22,23,18,16,19,21,24,22,21,18
OUTLIER_C_T0,BatchA,0,2892,2954,3122,2684,2910,2629,2654,2735,2929,2818,3236,3208,3019,3245,3130,2900,2858,2905,3024,2900,3178,2502,3332,2702,2923,2822,3095,3112,3100,3041,3368,2952,2970,2812,2956,3208,3171,2984,2794,3195,3134,3069,2518,3159,3026,2912,2910,3067,2944,2945,2990,3042,2763,2831,2896,2757,2796,2994,2685,3136,2825,2912,3128,3191,3095,3294,2890,2732,3137,3226,2796,2359,2794,3145,2664,3111,3011,2758,2908,2904,2714,3010,2910,2987,2986,3124,2891,2984,3322,3696,3146,2765,2865,3145,2663,2715,2813,2984,3078,2943,2594,3315,3033,2970,2781,2810,2963,3007,3002,2885,3222,3024,2857,2825,2841,2780,3137,2853,3191,3154,2516,2821,3070,3207,3410,3058,3354,2802,2784,2938,3015,3071,3018,2735,2674,2576,3302,3051,3469,3404,3001,2849,2567,3219,2795,2889,2722,3009,3171,3193,2910,2852,2828,3162,2832,3194,2889,3151,2461,2700,2952,2858,3085,3026,2946,2812,3307,3159,2987,2767,2935,3220,2932,2607,2937,2816,2928,2843,2901,3386,3379,2773,2784,3435,3439,3457,2969,2713,2601,3053,3341,3173,2897,3731,2575,2823,2961,2758,2852,2900,138,185,125,158,119,151,122,114,140,157,186,116,147,130,148,179,168,197,116,131,154,160,151,134,152,151,266,259,128,136,119,127,165,179,132,129,97,160,103,160,146,139,103,117,246,111,117,178,254,110,150,159,197,132,129,165,159,130,138,114,121,138,145,137,143,187,154,164,143,136,118,169,152,175,208,142,128,109,169,141,154,97,183,161,124,133,183,154,150,149,127,185,229,80,158,150,138,142,121,164,221,101,178,126,149,102,142,219,160,226,228,158,226,183,189,131,144,130,190,138,204,145,170,200,231,160,109,126,118,123,204,181,125,125,137,84,137,147,205,151,102,169,125,156,186,114,106,177,105,154,170,172,145,159,175,160,168,129,110,134,151,161,193,116,148,205,143,121,146,174,143,191,183,197,156,227,139,104,234,116,162,200,87,120,122,123,155,156,211,99,99,145,126,177,158,140,172,127,167,118,155,133,171,135,189,144,114,171,96,98,108,90,127,148,149,168,213,163,146,177,144,134,142,128,113,113,204,188,111,161,126,186,144,94,159,144,134,106,124,179,142,150,154,178,155,129,221,133,157,180,192,172,216,259,148,158,195,114,155,151,136,117,112,103,113,132,128,226,196,127,141,141,157,145,154,131,160,134,141,239,135,196,140,166,139,149,130,197,123,181,205,166,147,163,141,154,93,141,107,100,10,9,6,5,4,5,12,8,7,9,5,7,8,8,9,7,9,7,10,12,5,7,11,6,9,7,11,7,9,12,6,5,7,8,4,9,6,10,4,5,5,6,8,8,7,10,8,6,9,8,7,9,6,11,9,6,6,6,6,7,7,7,9,5,10,9,8,6,7,7,5,7,7,6,7,6,11,10,8,9,4,6,8,6,9,10,6,6,8,12,6,7,13,4,5,6,8,7,8,5,7,7,10,6,6,8,10,7,4,7,6,8,4,9,5,6,9,8,7,10,7,7,9,7,9,6,7,11,6,4,11,16,7,4,6,7,8,6,8,8,6,10,14,7,7,7,9,5,8,8,12,8,11,6,8,7,5,8,11,8,4,6,6,7,6,5,4,9,6,4,8,8,6,4,8,6,12,8,7,7,8,10,8,6,6,7,9,11,7,6,7,7,10,5,6,6,4,5,5,6,2,2,2,2,3,2,2,2,2,3,134,114,141,144,100,110,131,125,129,117,143,141,130,146,137,117,135,115,143,129,127,119,148,127,123,124,137,135,136,136,24,21,18,18,21,21,25,23,20,20
APONE_T0,BatchB,0,2848,6256,3271,3101,2783,2942,5456,2731,5134,6648,3214,6205,5526,2977,6398,2981,2729,3077,2863,3133,3324,2890,3056,7920,2755,2879,6660,2906,3212,2872,3320,3074,2542,2693,3357,3054,3032,7232,2968,3122,6813,3285,3121,2926,2776,5943,3035,3232,2895,3200,4709,6225,2804,3007,8739,3003,3114,3343,6700,9077,3047,3041,3117,6268,2959,2809,2861,3158,2846,3322,2653,4213,2778,2740,2860,3499,5788,6413,3138,5756,3240,2835,2985,5949,2644,3039,2744,3987,2877,6057,6107,3066,2917,4155,2707,6187,5741,2717,3269,8340,3103,5522,2810,3345,3049,2895,2722,2711,6679,2660,2799,2710,3317,2805,2961,4986,2872,2839,3296,2977,2695,6430,2849,6119,3111,3255,2948,4110,3114,2877,7682,5927,2975,2910,2758,6034,3073,3402,3218,3495,10406,2683,4900,2963,3185,3118,2744,3057,3365,2840,2938,6414,9109,2815,3033,3278,6105,3216,2909,2817,2785,2833,3521,2662,5165,2886,3092,3168,9628,7090,4103,2610,2981,2578,2661,3057,2973,3137,3075,7707,3054,7076,2895,3159,2906,3039,3141,2631,6350,5112,3071,7971,3641,4912,4286,2562,8723,3092,3001,8919,170,195,229,159,92,141,130,118,125,141,178,225,134,145,138,169,177,189,276,124,283,162,180,134,137,152,289,205,113,321,236,145,170,158,120,127,200,134,137,378,96,164,109,97,785,97,117,212,221,241,161,163,217,191,228,177,181,253,214,299,273,318,153,135,348,163,396,148,159,170,201,187,127,382,192,166,125,124,160,146,213,88,167,506,223,138,143,315,282,250,147,385,516,93,138,317,177,144,106,288,200,104,175,165,149,119,139,199,262,198,170,203,218,165,118,153,226,129,181,122,147,135,170,178,185,238,291,131,115,211,294,147,123,355,268,135,130,531,182,339,184,119,140,149,642,94,120,371,195,233,165,483,116,166,490,146,191,188,104,145,141,150,434,120,158,221,236,330,154,149,149,171,171,181,451,397,153,130,186,142,159,191,242,106,208,156,397,202,260,111,80,166,508,130,187,153,168,152,376,130,118,175,215,159,622,143,150,151,101,126,125,175,123,269,208,386,185,186,141,227,155,137,484,104,104,582,175,170,160,148,124,242,150,324,496,274,148,117,311,140,137,152,140,431,123,235,398,128,211,146,225,152,514,282,134,140,188,497,470,146,183,134,230,174,226,131,122,430,387,121,161,135,146,168,412,148,175,129,165,570,142,302,174,155,161,139,164,206,126,305,423,167,132,248,145,349,104,372,203,124,11,24,12,11,3,8,24,7,7,9,10,8,7,6,8,8,22,12,9,35,9,12,11,16,14,7,9,15,7,12,6,5,8,18,5,13,6,9,5,5,6,6,15,8,17,9,7,6,9,9,9,18,9,32,8,12,18,7,8,10,6,7,19,7,15,9,14,6,9,7,6,14,6,7,8,6,19,11,7,7,4,5,8,5,10,14,9,9,7,11,6,9,10,4,8,7,6,9,14,5,21,8,19,17,7,8,8,10,4,9,5,8,5,7,6,11,25,6,11,10,7,7,9,17,8,14,8,23,5,4,12,14,7,10,16,16,18,7,22,8,5,11,13,8,6,6,8,5,7,8,23,8,13,10,6,10,6,7,32,26,10,7,8,11,15,5,5,8,6,4,12,7,20,6,10,7,13,20,9,20,14,8,10,8,6,7,10,14,10,17,6,12,9,4,7,6,4,6,5,8,14,13,12,12,14,12,11,14,13,15,1,2,1,1,1,1,1,2,1,1,178,200,151,179,158,209,197,183,179,166,196,187,194,180,187,186,186,193,149,157,23,21,19,17,20,22,24,22,20,20
BURKE_T0,BatchA,0,3136,2944,3046,3262,2946,3101,3011,2857,3019,2721,3068,2910,2940,3043,2898,2496,3153,3024,3345,3242,2741,2944,3390,3144,2963,2966,2680,3243,3202,3063,3258,2872,2935,2886,3200,3345,3109,2883,2873,3160,3094,3230,2735,2902,2909,3074,2961,3136,2873,2697,2985,2866,2653,3103,2786,3181,3065,3281,2609,2956,3061,2746,3258,3189,3120,3006,2804,2853,3010,3030,2887,3208,3167,2876,3174,3391,2948,3206,3116,3011,2901,3101,3011,2507,2662,3042,2815,3043,2816,2712,2930,2885,2705,2852,2815,2858,2999,2852,3066,2617,2919,3122,3121,2876,2652,2791,2775,2813,3154,2817,2944,3332,2897,2758,2666,2988,3040,3143,3518,2959,2764,2894,3058,3173,3101,2987,2932,3142,3133,2874,3040,2746,3366,3070,2659,2894,3095,3244,3261,3479,3535,2629,2765,3198,2790,2576,2798,3125,3147,2940,2969,2605,2646,3058,2971,3079,3225,3074,2915,2636,3002,2909,3327,2997,2953,2868,3358,2941,2662,3099,2933,3262,2983,2801,2726,2815,3352,3121,2701,2940,3486,2859,2739,2981,3053,3116,3374,2851,2724,3050,3260,2897,3382,3107,2843,2932,3101,3025,3086,3137,154,198,126,162,112,163,123,127,125,135,213,105,164,129,160,166,163,193,133,148,144,173,178,102,158,161,271,178,122,145,108,125,135,175,115,134,100,173,124,138,120,153,112,121,252,114,117,233,286,114,130,160,238,131,152,169,193,175,157,137,154,122,198,127,196,190,124,152,174,140,108,144,154,222,214,164,126,118,234,157,163,110,175,172,129,126,156,157,126,173,128,157,196,99,157,151,178,153,94,158,208,116,207,145,141,112,147,201,136,207,182,167,180,151,186,141,172,115,160,127,194,122,185,150,227,139,133,157,104,124,179,167,121,116,156,117,131,164,175,131,107,161,174,165,226,120,134,161,97,201,142,204,139,178,216,161,163,160,107,140,157,141,151,118,160,207,143,117,168,160,119,207,194,196,166,235,148,110,165,130,143,188,98,106,123,121,164,176,130,106,85,147,142,140,188,131,182,151,165,129,155,142,159,139,153,143,146,174,98,125,85,89,131,172,147,136,168,191,165,238,131,119,134,112,119,149,207,195,103,136,124,153,143,97,182,129,120,117,131,140,142,140,162,166,148,116,174,126,221,151,132,156,186,230,152,150,184,175,132,175,141,101,109,126,115,149,134,213,195,110,186,124,148,170,151,136,186,122,127,231,166,234,168,167,186,129,147,157,151,154,153,156,162,162,150,206,114,164,98,109,11,11,5,5,3,6,15,9,7,8,4,7,8,7,10,10,10,6,9,9,7,6,11,7,7,7,10,9,7,10,7,6,7,10,6,9,6,12,4,6,5,5,7,7,7,8,8,6,9,11,8,10,8,12,7,7,7,7,4,7,7,8,8,7,10,7,7,6,8,7,5,7,8,6,7,6,10,11,8,8,4,6,7,6,10,11,4,5,8,11,6,8,12,5,5,6,8,11,9,4,7,7,9,6,6,10,9,9,5,10,6,7,5,8,5,5,9,7,6,12,6,7,7,6,8,7,7,11,6,3,13,16,7,5,7,7,7,6,11,7,5,11,13,9,7,7,11,4,6,7,12,7,11,5,7,6,6,9,11,7,5,6,6,8,7,5,6,7,7,4,10,9,6,5,8,9,14,7,8,7,9,9,10,5,6,6,10,10,7,5,9,8,9,4,5,5,4,5,6,7,1,1,1,1,1,1,1,1,1,1,0,0,0,0,0,0,0,0,0,0,78,91,61,67,67,88,80,75,69,69,81,81,77,68,86,71,83,78,61,70,22,22,19,17,18,21,24,22,21,18
DISTEPHANO_T0,BatchA,0,3170,2755,2779,3016,2710,2885,2896,2915,2788,2721,3071,3304,2964,3080,3005,2856,3305,3008,2975,3040,2921,3015,3287,2911,3109,2767,2958,3147,3146,2941,3344,2751,3079,2902,3497,3007,2908,2764,2856,3269,2915,3060,2800,2819,2871,3127,2990,3296,3130,3137,3075,2916,2723,2898,2817,3393,2808,3400,2732,3438,2705,3143,3104,3486,3075,3090,2826,3199,2874,3129,2688,2946,2840,2864,2707,3383,2913,3210,2978,2803,3109,2628,2939,3035,2567,2988,2799,3338,3299,3072,2898,2746,3206,3060,2648,3001,2938,2949,3392,3113,3182,3103,3374,3332,2673,3107,2670,3153,2940,2541,3049,3107,2968,2723,3551,2799,2905,2885,3275,2740,2553,3186,2943,3002,2836,3400,3313,2659,2728,2763,2967,2717,3019,3098,2796,2820,3323,3208,3171,3321,3030,3020,2657,3062,3060,3065,3269,3115,2928,3328,3051,2862,2890,3004,2830,3202,2925,3274,2710,2650,2682,3262,3281,2725,3143,2688,3151,3128,2980,3162,2943,2965,2844,2608,2870,3057,3714,3037,3078,2845,2974,3423,2562,3286,3293,3228,3123,2669,2885,3047,3619,2824,2975,3483,2675,2663,2895,3040,3048,2910,163,228,144,167,114,171,119,93,125,141,195,128,163,129,140,206,186,234,133,132,154,138,187,114,143,172,266,230,125,157,98,130,139,196,116,127,102,131,113,129,117,161,105,108,234,99,107,207,239,115,109,165,221,122,125,158,201,183,160,144,136,121,158,117,150,153,157,170,137,130,110,153,157,212,198,146,120,102,182,194,142,95,182,165,122,132,197,143,148,101,137,147,195,84,153,174,168,158,107,175,214,108,187,151,162,113,143,212,198,183,203,146,206,136,197,154,189,132,179,133,187,146,214,173,215,173,108,153,110,126,185,156,124,126,148,128,139,165,217,154,111,166,183,171,203,92,115,165,122,205,156,168,127,160,174,155,147,160,122,146,157,152,181,127,173,211,104,138,152,185,166,200,207,189,147,244,138,89,215,139,153,184,117,108,110,125,139,153,161,126,93,136,124,153,169,166,178,153,162,145,122,172,166,146,179,181,181,186,85,98,91,90,120,186,143,179,168,212,147,210,173,120,114,104,123,107,163,199,138,157,111,159,134,107,171,115,142,129,151,161,134,153,188,160,128,98,180,143,192,175,138,167,200,233,159,127,183,115,146,152,162,117,110,88,105,152,151,223,223,129,167,105,136,150,175,144,185,129,167,275,170,200,139,158,134,147,119,135,119,155,227,145,156,193,125,186,98,144,105,117,11,9,7,5,4,6,15,8,6,8,4,6,9,8,8,9,8,6,10,13,6,5,12,7,12,6,10,8,9,11,6,6,6,8,5,10,8,8,4,6,4,7,9,8,5,7,8,5,9,9,8,10,7,11,8,7,6,6,6,5,8,9,6,6,8,8,8,6,8,8,5,6,9,5,8,5,10,11,7,8,4,5,6,6,9,10,7,6,7,11,6,9,14,5,4,7,4,9,7,6,9,7,9,7,7,8,11,8,4,9,6,6,5,9,6,5,11,8,7,11,6,7,7,5,9,7,6,10,7,5,12,16,6,6,7,6,7,5,8,9,5,10,16,8,5,9,9,5,8,8,11,7,10,5,8,7,7,8,10,7,5,8,7,7,7,5,4,7,6,4,11,10,5,6,9,9,15,9,7,6,8,9,9,7,6,7,9,13,8,6,8,7,9,4,6,7,3,5,5,9,1,1,1,1,1,1,1,1,1,1,0,0,0,0,0,0,0,0,0,0,454,523,408,458,447,500,462,526,439,458,520,479,477,464,489,503,518,516,398,410,22,22,19,17,20,22,22,21,18,19
HICKS_T0,BatchA,0,3223,2779,3498,3054,2716,2665,3022,2910,2785,2859,3180,3327,2930,3095,2907,2640,3225,2888,3159,3093,3196,2730,3384,2878,2986,2823,2851,3225,2749,3239,3429,3065,2601,2749,2915,3300,3112,2890,3042,2832,3427,3216,3041,2889,2816,3301,3081,3059,3170,2974,2902,3064,2728,2833,2812,3173,2752,3177,2989,3312,3155,2983,3205,2818,2842,2897,3081,2882,3259,2980,2629,2874,2709,2924,2815,3614,2811,3020,3022,2616,3042,2803,2751,3060,2516,3103,2951,2940,3099,3240,2905,2950,3042,2972,2386,2816,3009,3035,2859,2658,2871,3622,3050,2922,3182,3045,2711,2998,3060,2731,2976,2985,2876,2782,3165,2927,2701,3156,3497,3005,3223,2756,3279,3380,2834,2962,3230,3095,2568,2645,2859,2870,3063,3222,2878,2792,3095,2982,3307,3670,3025,2994,2624,3079,2951,2754,2849,3059,3020,2872,2948,2840,2794,2975,2957,3094,2767,3288,2819,2776,3171,3083,2856,2557,3340,2835,2885,3289,2755,3016,2605,3053,2736,2615,3140,2705,3323,3129,2893,3280,3302,3087,2971,2966,2876,3202,3058,2719,2750,3446,3427,2973,2773,3063,2693,2826,3068,2997,2895,3125,168,212,156,171,98,141,121,132,118,149,190,139,125,146,137,165,151,168,172,145,125,112,160,113,166,139,252,202,146,138,87,135,155,183,128,141,106,153,141,172,116,134,92,92,202,111,123,240,296,127,171,169,229,151,131,169,202,124,169,112,142,138,138,141,169,178,181,158,153,168,132,163,163,219,212,140,150,124,210,146,186,88,207,152,116,122,162,149,131,143,158,141,263,98,149,166,146,135,98,130,202,106,179,139,142,120,124,214,161,236,207,142,251,168,188,143,150,123,164,108,190,176,189,164,242,179,111,159,115,150,194,167,113,135,138,119,125,176,195,172,92,168,151,155,216,95,139,146,109,174,146,221,154,176,205,154,176,144,137,169,159,183,178,121,147,224,124,147,159,179,141,200,176,202,158,268,146,85,228,142,158,245,109,119,139,143,193,146,149,102,99,155,140,171,153,156,189,142,169,133,135,164,171,148,169,148,138,152,96,119,119,96,112,178,139,147,160,168,163,180,157,126,126,103,132,163,154,231,104,149,109,158,131,88,177,130,132,119,131,166,175,143,153,235,129,109,206,122,179,177,149,140,197,239,132,126,166,122,192,154,174,116,108,83,105,111,133,239,197,126,123,115,163,161,243,130,169,116,161,267,183,183,136,147,162,157,138,169,137,143,181,163,133,161,144,198,97,149,112,116,12,10,7,4,4,6,14,8,6,8,5,8,8,6,8,7,8,6,14,12,6,6,11,7,10,5,9,7,8,10,9,5,7,7,5,8,5,11,4,7,5,6,9,8,8,7,9,5,7,8,9,8,7,13,8,7,6,5,6,7,6,8,7,7,8,8,8,5,9,8,5,7,9,7,9,4,9,9,7,8,4,6,8,5,8,12,6,6,7,10,6,9,11,6,6,6,7,12,9,5,9,7,8,7,5,7,10,7,6,8,6,8,6,10,7,7,7,8,7,10,6,6,9,7,10,6,9,9,5,4,10,15,8,5,7,7,6,5,9,8,6,10,15,7,6,5,8,4,9,7,12,6,13,5,10,8,7,8,11,7,4,7,6,6,8,5,6,7,7,5,11,9,6,6,10,8,15,9,10,8,8,10,11,6,6,7,9,11,6,8,8,7,11,4,5,7,3,5,8,6,17,16,15,16,17,15,14,16,16,17,1,1,1,1,1,1,1,1,1,1,322,391,254,292,264,355,316,330,280,277,328,291,336,301,290,304,322,325,260,254,19,23,18,18,21,25,23,22,20,19
HUDSON_T0,BatchB,0,2852,6065,3237,3133,2753,2896,5126,2838,5276,6419,3381,5994,5727,3044,6627,2692,2949,2675,3297,2745,3157,2786,3024,7736,2886,2815,5916,2682,3103,2813,3406,3254,3003,3055,3572,3231,3181,7557,2926,3286,6321,3090,2794,3357,3230,6007,3055,2744,3238,2782,4858,6724,2904,2786,8003,2839,2850,3076,5855,9161,2867,2643,3188,6570,3255,3402,2926,2918,3365,2717,2614,4405,3173,3318,2824,2925,5086,5900,3146,7225,2920,2844,2803,6685,2341,2978,3116,4136,2886,5563,6612,2829,2951,4181,2654,7028,6376,3036,3527,8310,2992,5538,2671,3153,3133,2636,2853,2972,7502,2819,3067,3364,3502,2751,2844,5407,3192,2877,2895,2628,2727,6001,2870,6053,2858,3114,3639,4800,3150,2864,8235,5542,3319,2904,2973,6159,3166,3522,3594,3281,10071,2722,4451,2790,3152,2816,2672,2587,3198,3277,2671,6117,7845,2671,3047,3570,5917,3271,2731,2737,2615,2990,3602,2738,5053,3113,3004,3078,9389,6982,4088,2936,2949,2490,2879,2959,3276,3273,3150,7625,3404,7155,2800,3295,3366,3226,3161,2786,6719,5854,3107,7744,3439,5264,4015,2811,8842,2496,3312,8233,141,181,201,159,91,127,116,94,115,126,175,213,162,134,152,172,152,172,209,157,306,176,160,106,143,159,281,256,105,301,183,134,169,177,115,158,200,161,132,389,110,156,104,107,761,106,117,218,253,310,133,155,151,175,244,176,179,272,183,281,345,311,208,147,277,193,339,152,141,177,189,136,154,311,249,156,121,104,221,160,225,120,196,497,204,137,144,301,266,291,132,445,567,102,134,320,150,133,94,306,188,113,200,156,155,123,168,184,224,181,251,245,220,150,151,120,262,136,181,117,183,140,203,210,188,322,233,153,100,211,292,154,132,346,317,142,119,479,177,367,174,167,147,158,542,80,142,418,199,190,140,433,150,164,429,145,143,192,106,162,156,148,517,99,154,189,228,409,156,190,145,190,183,193,399,288,164,123,200,132,134,183,283,157,216,121,368,166,272,119,87,141,461,161,151,149,158,150,374,143,135,142,181,141,515,130,176,163,88,113,121,233,121,287,225,311,189,169,163,198,137,158,499,112,115,553,158,228,150,141,117,315,140,322,463,312,135,128,374,168,155,149,167,340,129,233,443,148,162,202,234,177,627,228,132,155,173,505,393,131,156,142,287,161,249,123,129,519,464,147,150,143,154,163,469,151,180,113,157,494,149,301,153,162,173,163,134,169,132,309,422,205,138,270,160,357,94,308,214,110,12,25,13,15,4,6,19,8,6,10,14,6,9,7,10,11,20,12,9,33,8,13,10,12,14,8,13,13,6,12,6,6,9,21,5,16,6,11,4,7,4,7,15,8,21,6,7,6,8,10,8,15,8,26,7,12,17,5,6,11,7,8,19,6,14,9,13,6,7,8,5,18,9,5,7,7,17,10,7,7,5,6,8,6,8,12,8,10,7,13,6,7,12,4,7,8,5,9,17,5,24,6,23,23,7,7,10,10,5,8,6,8,5,7,6,10,19,7,12,12,7,7,8,14,9,13,6,21,6,4,11,12,7,10,12,12,20,6,22,7,5,9,14,8,6,6,9,4,7,7,26,6,12,8,11,8,6,7,35,21,11,8,7,11,14,5,6,8,6,4,10,8,16,5,9,9,15,20,7,16,17,10,11,6,7,7,10,10,10,21,9,11,11,5,5,7,4,7,6,6,34,30,27,29,37,31,29,33,31,31,1,1,1,1,1,1,1,1,1,1,591,631,473,506,521,689,593,613,506,543,615,551,609,555,584,589,627,582,507,492,21,25,19,18,21,22,25,20,21,19
TULLY_T0,BatchB,0,2912,6883,3336,2982,2844,2941,5145,2894,4986,5420,2900,5760,5332,2723,6588,2989,3208,3180,3064,2897,2931,2978,3012,8316,2552,3147,6470,3051,2888,3070,3141,2945,2685,2667,3355,3312,2955,7196,2868,2792,6495,2935,2734,2907,3245,6221,3355,2950,3084,3089,4480,6814,3059,3050,8391,3087,2732,3219,5272,9002,2601,3060,2894,6465,3090,3326,3232,2750,3196,2901,3066,4266,2740,3078,3116,3077,4860,6255,3032,6419,2969,2938,3030,5915,3015,2921,2901,4766,3136,6367,6714,3064,2766,4069,2866,6390,5899,2815,2914,7574,2821,4737,2672,2969,2851,2453,2580,2943,7101,2926,3074,3032,3568,3007,3080,5411,3090,2872,3240,2644,3082,6525,3093,6503,3216,3375,3259,4584,2981,2794,7148,6023,3223,3282,2643,6832,3459,3151,3434,3445,10940,2752,4343,2904,2948,2920,2837,2947,2997,2846,3094,6641,8340,2939,2905,3400,5412,3396,2810,2404,2952,2753,3406,2508,4974,2727,3155,3170,8997,6398,3889,3233,2858,2820,2651,3290,3167,2937,2996,7028,3274,7353,2921,2794,3202,3022,3085,2757,6689,6189,3181,7757,3534,4605,4735,2873,8815,2719,2906,7686,146,194,206,153,108,192,119,119,128,125,169,193,151,157,140,222,164,210,232,133,240,136,152,115,146,131,264,212,135,305,203,141,141,166,145,120,207,135,115,393,115,152,101,103,817,125,118,206,273,248,150,159,204,179,237,200,180,240,215,294,245,267,142,149,289,178,347,161,138,174,232,137,120,387,233,178,120,103,187,155,222,90,184,462,231,137,168,341,267,254,178,439,382,129,171,308,152,143,117,377,247,115,183,120,140,116,144,227,249,200,181,214,225,173,180,170,266,126,171,114,184,148,212,195,187,260,245,169,144,222,336,151,150,331,304,118,151,420,185,353,162,165,153,163,573,108,145,395,179,212,209,455,134,148,463,146,169,202,128,184,141,178,462,101,178,197,252,368,148,183,129,190,180,193,413,341,129,132,218,154,162,179,224,114,215,136,358,203,303,92,90,159,480,179,177,138,171,170,452,128,151,142,186,145,496,133,146,172,104,101,129,202,125,299,300,284,190,198,122,204,143,119,461,97,126,497,167,187,173,184,128,249,123,281,445,233,137,132,347,155,136,158,170,355,167,218,479,124,166,182,222,155,505,227,156,144,173,494,312,131,174,121,266,160,233,135,154,472,435,108,157,135,139,131,387,128,166,116,149,625,132,331,171,167,153,164,145,171,129,263,412,161,138,291,131,288,99,296,225,109,10,33,16,12,4,5,22,8,5,8,9,8,7,7,10,9,22,10,9,32,9,15,12,11,14,6,14,14,8,13,8,5,7,20,5,19,7,9,4,6,5,5,10,7,22,7,9,6,9,11,8,16,9,31,7,12,21,6,7,12,7,9,17,5,15,10,13,7,10,7,5,16,7,5,8,6,16,9,7,7,5,5,7,6,8,15,11,13,9,10,5,8,12,4,8,6,6,8,17,5,24,7,23,17,7,8,10,12,4,8,7,7,5,10,6,14,25,8,12,11,6,9,7,13,11,18,6,24,5,5,12,13,7,11,11,14,18,6,22,8,4,8,13,9,7,6,8,6,7,8,24,8,12,11,10,10,5,9,27,22,10,7,6,11,17,4,4,8,7,4,6,8,17,5,8,11,15,21,8,20,14,7,10,6,7,7,10,9,9,26,8,10,9,4,6,6,3,6,7,7,2,2,2,2,2,2,1,2,2,2,0,0,0,0,0,0,0,0,0,0,104,109,81,77,78,116,101,104,83,88,102,101,92,91,96,94,102,108,82,76,22,22,18,18,20,22,23,21,19,19
BOGGS_T0,BatchA,0,3003,2871,3120,3039,2591,2764,2859,3260,3203,2814,3262,2995,3259,2804,3073,2804,2874,2698,3309,2718,2909,2717,3256,2809,2864,2878,2976,3366,3000,3066,3585,2536,2683,2945,2735,3328,2704,2910,2702,3344,3109,3116,2871,3027,2959,3421,3491,3094,3375,2899,3032,3007,2952,3007,3246,2934,2749,3137,2593,3239,2689,2673,3328,3110,2939,3021,2828,2935,3605,3028,2968,2847,2826,2959,3015,2931,2725,3170,2896,2606,3086,2937,2843,3140,2724,3182,2734,2962,3315,3303,3118,3033,2717,3144,3010,2418,2848,3196,2876,2693,2907,3152,2878,3073,2772,3035,2898,2901,2987,2708,2955,3090,3101,2774,2624,2458,3491,2842,3294,3036,2930,2867,2896,3257,3001,3091,3365,2936,2923,3014,2885,2667,2872,2656,2884,2873,3232,2933,3443,3514,2930,3125,2957,3071,2899,2975,2838,2821,2808,3496,2775,2740,3067,3045,3079,3167,2722,3185,2796,2676,2758,3122,3612,2832,3133,2857,2991,3089,3208,3086,2521,3454,3021,2707,2738,3201,3753,3126,2603,2916,3199,3395,2858,3307,2723,3371,2862,3096,2820,3468,3154,3067,2784,2985,2815,2957,3044,3151,3358,2834,160,193,164,146,94,147,130,123,131,124,166,122,136,126,154,143,177,217,147,107,131,164,149,126,137,171,259,227,127,153,118,125,172,205,116,110,104,141,120,144,109,159,106,95,213,128,133,231,248,127,135,146,217,126,129,162,157,127,118,133,152,159,155,153,132,182,167,211,145,146,139,169,144,228,202,180,143,113,192,168,155,89,156,152,106,123,155,148,143,175,137,139,191,89,132,180,156,153,115,154,203,105,195,151,160,110,153,245,169,233,173,140,226,159,194,127,174,133,223,128,156,136,201,200,198,164,108,145,114,139,181,161,126,105,145,135,123,136,182,161,94,157,151,131,212,99,128,144,114,177,174,180,135,204,194,129,177,141,119,143,141,164,181,120,133,194,125,136,142,177,151,184,159,165,142,202,123,104,179,151,152,169,108,124,135,113,153,152,141,120,99,169,149,178,157,129,189,144,163,123,152,140,140,133,170,138,134,167,103,109,103,121,119,179,142,155,180,164,127,171,143,110,126,114,97,145,168,209,114,180,117,153,146,110,173,125,140,121,146,153,133,147,181,230,125,98,202,117,194,169,145,153,219,213,148,153,178,134,149,145,141,107,92,91,104,109,157,214,180,127,145,115,124,133,176,119,185,111,136,227,155,178,161,149,147,116,117,151,137,150,206,139,140,198,158,165,101,133,104,103,10,10,9,5,3,5,10,8,7,7,5,7,7,7,9,7,7,6,10,12,7,5,12,7,12,8,10,10,8,11,6,5,6,8,5,11,7,10,4,5,5,6,8,9,6,6,9,5,10,8,8,10,9,14,7,7,5,7,6,5,8,7,10,6,9,8,6,6,9,9,4,6,9,5,9,5,10,9,6,8,4,5,6,5,9,12,5,6,8,14,5,9,12,5,5,6,6,9,9,6,8,7,10,5,6,8,9,8,5,10,6,8,5,7,7,5,8,8,7,10,7,7,7,7,7,7,7,11,5,3,12,16,7,4,6,7,8,4,9,8,4,8,11,8,8,6,10,5,7,8,13,7,11,6,7,7,6,7,11,6,5,7,5,6,7,5,5,8,6,4,9,7,6,6,9,7,12,8,8,8,9,8,9,7,8,5,9,9,7,7,8,8,9,4,6,6,4,5,7,7,70,70,62,71,72,72,62,75,66,73,7,7,7,6,7,7,6,7,7,7,210,259,172,189,207,264,211,240,188,204,206,217,224,218,202,219,224,218,178,187,20,22,17,18,20,22,21,22,21,20
CLEMENS_T0,BatchB,0,2801,6350,2999,3094,2720,2635,4787,2882,4698,5613,3202,5876,4951,3183,6836,2863,2961,2706,3307,3204,2978,2913,3214,7226,2948,3001,5941,3134,2966,2788,3612,3034,3026,2847,3475,3477,2874,7529,2953,3125,6566,3073,3140,2823,2767,5722,3049,3023,3298,3446,4309,7156,2541,2753,8057,3035,3005,3047,6008,9007,2886,3315,3147,6399,2770,3413,2685,2894,3137,2914,2793,4554,2543,3153,3044,3302,5829,6071,3050,6674,3290,2940,2898,6280,2836,2765,2911,4174,3156,5571,6013,2952,3042,4410,2646,5413,6883,2644,2999,8286,3237,5188,3003,3104,2900,2922,3015,3219,7513,2561,2934,2585,3557,2662,2864,5254,2850,2783,3170,2872,3073,5828,3308,6437,3408,3186,3442,4703,2767,2890,7484,6848,3102,3054,2724,6059,2830,3238,3466,3544,11744,2946,4150,2901,2894,2792,2936,2658,3465,2828,2687,5951,8112,2938,2670,3721,5586,3608,3145,2807,2719,2909,3690,2876,5725,2731,3125,2742,9591,7119,3475,3231,3087,2704,2618,2640,3208,2903,2770,6809,3040,7358,2798,3260,3138,3345,3003,2765,6454,6050,3412,8256,3656,5102,3996,2819,9057,3122,2691,8301,166,186,230,188,84,164,133,111,110,144,188,242,158,117,127,185,165,212,247,129,327,138,160,123,164,137,226,206,120,293,232,139,163,188,147,157,184,129,144,341,123,149,93,115,824,115,110,232,229,277,130,139,207,200,238,178,170,254,220,291,276,315,170,148,307,185,367,157,162,143,159,185,146,361,205,151,134,126,194,164,226,107,191,465,245,155,159,286,282,281,134,379,459,120,148,328,150,155,97,278,218,122,176,145,140,140,155,167,196,185,165,233,203,176,172,150,210,123,171,129,193,148,228,174,235,365,265,133,124,212,339,156,120,323,323,134,117,502,166,359,170,152,142,135,646,102,124,372,194,194,156,470,147,180,428,168,141,202,150,152,162,156,457,128,134,192,230,357,141,165,163,204,207,180,454,367,171,148,167,151,164,199,243,129,248,104,315,150,288,100,87,165,517,154,185,136,160,167,329,129,141,155,185,135,735,142,144,170,89,120,94,153,119,299,233,316,164,204,168,179,148,142,484,108,124,519,174,182,156,157,134,270,151,305,444,290,134,116,364,164,130,180,137,351,127,215,470,141,183,167,250,167,464,217,146,145,154,531,390,139,161,124,245,191,279,168,137,543,400,128,154,144,120,172,342,114,207,110,157,510,150,325,149,184,169,141,150,165,123,328,439,171,132,321,147,321,91,296,159,100,11,23,16,12,3,7,20,8,7,8,12,8,8,8,7,7,20,10,8,29,9,16,9,13,13,5,11,15,8,10,7,6,7,21,5,19,7,11,5,6,5,7,12,9,17,8,8,4,7,11,8,16,7,26,9,14,18,5,7,12,6,8,20,8,15,10,14,5,9,7,5,17,8,6,6,7,16,9,6,9,5,5,7,6,10,13,9,10,8,11,5,8,13,5,10,6,7,9,18,5,26,8,20,17,7,9,9,11,4,9,6,8,5,7,6,10,22,7,15,12,8,8,8,16,7,18,8,22,5,4,14,12,7,10,15,16,21,5,21,8,6,8,13,7,6,8,7,5,8,6,21,7,12,12,8,7,6,8,28,20,9,9,7,12,14,6,6,8,6,4,9,8,17,5,8,8,13,22,9,21,16,8,7,6,6,6,10,10,13,21,9,10,9,4,6,6,6,6,5,6,121,111,108,106,145,105,102,121,112,131,18,19,17,18,17,16,14,18,17,16,129,147,110,125,121,151,127,140,118,119,131,137,135,139,140,123,139,144,115,105,23,22,17,15,21,23,24,20,17,20
DIETRICH_T0,BatchB,0,2855,6513,3361,3324,2730,2803,4960,2731,4964,6428,3112,6049,5246,3240,6496,3115,3076,3084,3232,2722,3028,2845,3166,8127,3002,2822,5756,2884,3164,3235,3437,2839,2820,2955,3142,3061,2759,8673,2924,2909,7037,3005,2674,2896,2918,5480,3148,2986,2840,3049,4353,6389,2732,2818,8219,3034,2888,3546,5328,9687,2647,2615,3142,6041,3008,3202,3041,2827,2916,3326,2711,4366,3099,3177,3197,2841,5439,5543,3285,5847,2901,2943,2964,6559,3130,3160,2854,4617,3093,6051,5924,3008,2817,4066,2594,5871,6364,2741,3185,7717,2730,4632,3202,2903,2985,2857,3156,3214,6298,2803,3054,3035,3548,2949,2937,6007,3125,2999,3204,2728,2477,6362,3044,6680,3082,2692,2772,4740,2914,2709,7381,5358,3040,2956,2903,5830,3183,3213,3258,3409,10872,3044,4626,2926,2759,2629,3055,3033,2816,3250,2886,6138,8751,2661,3500,2829,6405,3070,2836,2903,2683,2639,2855,2906,5224,2876,2657,3317,8933,6301,4424,2701,3036,2887,2641,3389,3321,2824,2961,7835,3178,7488,3054,3331,2894,3373,3051,3088,6453,5480,3272,7216,3540,5050,4424,2688,8966,2957,2765,7813,175,176,238,183,92,156,115,123,110,130,205,203,161,124,171,198,164,195,238,128,325,179,148,120,144,161,236,224,116,314,198,131,149,215,123,124,206,164,140,403,130,147,101,106,652,127,119,196,280,262,145,144,232,161,171,178,184,255,179,290,216,296,148,118,336,141,384,146,199,152,183,187,155,382,231,139,130,122,210,144,241,102,158,394,236,155,159,337,354,266,144,442,461,109,138,334,155,142,87,329,229,119,202,143,130,116,127,190,243,188,165,227,223,150,167,173,276,134,203,89,201,131,239,180,244,274,220,159,116,181,318,164,130,305,283,113,137,458,191,338,189,141,158,180,552,96,141,408,185,179,144,537,126,170,483,172,159,198,134,190,140,149,428,114,137,186,253,346,147,168,152,198,162,155,391,353,140,149,168,138,159,172,272,102,240,121,334,163,260,97,94,150,479,170,153,151,162,176,347,127,144,175,204,151,621,160,127,174,89,112,111,183,124,311,239,344,207,188,149,216,126,119,414,107,97,474,168,193,176,196,124,314,160,256,450,269,127,121,348,187,158,148,133,429,134,191,435,154,184,161,242,154,466,234,157,158,176,428,326,190,181,129,279,168,269,132,173,399,404,120,138,141,165,136,399,172,221,114,148,562,173,321,160,172,138,125,170,147,155,286,460,154,135,271,151,304,100,346,233,119,12,21,14,13,4,6,26,9,5,8,14,7,8,7,8,8,20,10,11,31,10,14,12,13,15,7,10,11,7,11,6,7,6,19,5,20,6,11,5,7,5,5,13,8,18,7,8,6,8,10,7,16,8,31,6,13,17,6,7,10,8,8,17,5,12,9,17,6,11,7,5,15,8,4,8,6,20,9,8,8,4,5,7,6,8,12,11,14,8,12,5,10,13,5,8,6,6,9,19,6,19,7,18,24,5,9,11,12,5,8,7,7,4,9,6,13,24,9,13,10,7,9,7,15,7,16,8,22,5,4,12,15,8,10,11,15,18,6,25,11,5,9,12,7,7,7,10,5,9,8,29,8,11,9,8,8,6,7,37,18,13,6,8,10,16,6,5,9,6,4,9,8,15,7,10,9,14,18,8,18,14,9,9,6,6,5,9,11,11,22,8,11,11,4,6,7,4,7,6,6,24,19,21,22,24,20,21,24,22,26,1,1,1,1,1,1,1,1,1,1,354,389,297,368,353,419,362,407,337,345,370,384,397,382,350,391,390,372,303,358,22,23,17,18,20,25,23,21,18,18
JACOBS_T0,BatchA,0,3071,2895,3276,3260,2645,2896,3038,2763,2653,2958,3365,2983,3059,3047,3075,2797,2964,3223,3000,3274,2770,2707,3268,2969,3087,3210,3180,3328,3046,2956,3574,2917,2647,2775,3341,3141,3111,3048,3182,3617,3026,3327,2930,2995,3340,3260,3006,3233,3121,2994,3265,3224,2889,2896,2622,2680,2863,2971,2855,3180,2657,2589,2789,2907,3204,2898,2938,2753,3392,2876,2782,2724,3130,2783,3188,2963,2777,2911,3466,2809,2629,2883,2824,3155,2763,3283,3011,2856,3440,3307,3328,3353,2978,3086,2675,3036,2735,3040,2996,2973,3166,3439,2829,3174,2867,2847,2952,2988,3144,3056,2825,2971,2726,3268,2940,2860,3021,2892,3177,2921,3118,2947,2954,3356,3107,3098,3217,2658,2935,2829,3246,2878,3168,3318,2705,2943,2985,2863,3304,3844,3008,2543,2711,3096,3078,3176,3059,2924,3008,2606,2973,3076,2919,3058,2835,3120,3068,3069,2519,2952,2631,2965,3404,2857,2873,2598,3168,2756,3022,2924,2853,3240,2630,2836,2452,3112,3368,2938,3002,2778,3284,3178,3066,2906,2796,3333,3234,2623,2583,3431,3494,2847,3053,3215,3000,3034,2835,2689,2919,2581,164,176,157,190,99,166,123,119,139,128,165,139,134,138,155,174,162,156,144,114,121,156,137,137,162,129,256,274,121,144,115,131,140,186,114,117,107,143,102,148,126,152,101,100,227,110,114,229,288,140,161,158,222,105,136,156,144,145,130,115,143,145,152,136,204,165,158,158,133,126,161,169,135,188,199,161,115,104,163,166,188,91,153,144,122,150,185,159,114,128,141,141,193,91,106,172,195,155,111,159,203,124,180,158,189,106,155,192,163,201,205,191,201,202,157,140,181,112,168,124,191,145,192,196,203,168,114,143,112,130,209,149,156,126,144,127,125,168,207,217,103,149,170,168,180,85,131,162,94,185,162,158,125,209,204,146,146,141,135,149,123,186,181,124,161,198,179,113,147,176,126,221,177,181,165,229,136,115,233,127,175,176,108,119,112,116,179,180,150,121,88,135,125,167,203,166,159,147,183,133,157,130,187,149,162,139,141,141,106,111,100,109,138,185,125,159,187,205,129,172,160,134,116,121,143,142,174,195,147,154,115,161,138,94,187,140,150,113,132,159,149,138,166,167,138,93,177,112,170,150,153,206,202,231,154,141,189,116,147,151,151,123,102,119,121,136,121,214,169,112,165,153,118,137,167,168,231,150,157,275,156,196,145,169,153,155,127,159,130,181,168,189,151,180,143,183,92,153,114,125,10,9,7,5,3,6,19,9,7,9,6,9,7,7,9,9,8,6,8,13,6,6,11,6,10,6,10,6,8,12,7,6,6,7,4,7,6,10,4,7,5,5,6,7,7,8,7,6,9,9,8,10,8,12,6,7,6,6,6,7,8,7,5,6,10,11,7,6,8,8,5,7,7,6,9,5,9,10,7,10,3,5,6,7,9,14,6,6,8,10,6,8,12,5,5,7,7,9,8,5,8,7,10,7,7,10,7,7,5,8,6,9,6,9,7,5,8,8,5,12,6,7,7,5,9,5,8,8,6,3,12,15,6,6,6,6,6,5,9,9,6,8,11,8,8,6,10,4,8,8,13,7,13,5,8,8,6,9,9,6,4,7,4,8,7,6,5,10,7,3,11,8,6,5,11,9,11,7,7,10,9,9,10,6,7,7,8,11,5,8,7,5,9,4,6,5,4,6,6,6,10,9,8,8,10,8,8,10,9,10,1,1,1,1,1,1,1,1,1,1,311,339,246,277,315,380,375,329,260,324,321,339,349,319,320,314,340,348,298,271,21,24,17,17,19,22,24,22,21,18
RAINS_T0,BatchB,0,2975,6333,2684,3137,2488,2999,4720,3178,5026,5764,3062,5874,5003,3453,6289,2540,2787,2804,2770,3184,3102,3060,3085,8245,3028,3052,6005,2862,3099,3053,3263,2815,2847,2758,3009,3030,2940,7710,2981,3043,7254,3003,3063,2938,3115,5544,3004,3008,3351,3484,4742,6673,2698,3011,7538,2907,3408,3134,5214,9039,2541,2885,3118,6027,3005,3002,2667,2747,3025,2860,2795,4456,2471,3020,2940,3081,5161,6298,3092,6205,3095,2929,2987,6049,2807,2921,2787,4325,2993,6116,6405,3066,2693,4037,2561,5479,5707,2873,2910,7801,3068,5367,2949,2957,2905,2912,3138,2900,6680,2645,3057,3230,3701,2948,3027,5628,2515,3108,3443,2816,2673,7284,2724,7388,3074,3354,2864,4762,2903,2752,8354,6141,3052,2940,2718,6200,3018,3130,3464,3375,9979,2920,4508,2819,2931,3120,3117,2966,3198,3026,2601,6278,7967,2824,2966,3273,5638,2953,3100,2913,2867,2727,3331,2793,4874,2951,3089,2770,10330,6484,4132,2999,2699,2694,2655,2778,3622,2880,3270,7007,3255,7702,2897,3423,3080,3468,2866,2782,6193,5525,3147,7740,3288,4697,4335,2881,8331,2920,2904,7576,154,194,228,151,114,153,134,135,98,125,168,192,165,160,149,181,181,198,250,129,312,177,132,119,128,174,277,224,109,313,179,119,145,193,138,132,231,137,103,439,112,146,114,110,806,110,122,231,277,234,176,169,216,157,237,192,180,225,235,279,261,259,139,130,286,193,369,162,169,151,215,171,140,356,214,158,126,115,226,147,250,105,185,451,215,137,165,307,278,278,144,343,401,97,132,347,135,130,95,353,230,104,205,140,151,147,145,238,264,179,197,205,199,169,205,133,199,131,164,147,165,112,168,169,194,295,292,139,124,196,345,185,127,361,323,99,150,454,163,265,164,139,161,149,579,102,145,377,182,193,155,425,121,156,582,163,150,210,132,138,172,167,541,109,130,193,199,382,181,147,145,197,159,163,475,384,164,129,187,146,139,185,234,130,258,116,391,173,256,118,86,151,504,191,170,156,172,147,430,124,129,171,203,135,552,143,149,163,105,107,115,177,162,317,256,341,183,210,143,182,164,133,465,98,124,551,181,186,180,176,118,344,137,289,438,304,146,118,304,173,137,162,192,371,180,299,514,136,183,150,246,204,549,225,172,148,187,444,356,156,182,126,238,200,251,128,143,481,419,97,161,112,145,175,407,132,230,118,141,530,145,291,144,164,173,158,189,160,113,308,406,146,137,242,126,317,98,341,181,105,11,25,13,14,3,7,22,8,7,8,10,6,9,6,8,7,21,13,10,27,8,14,8,12,13,6,11,12,9,10,7,6,7,17,5,17,7,9,5,7,5,6,14,7,18,7,7,6,8,9,8,13,9,28,6,13,19,6,7,11,8,9,18,6,18,10,12,6,9,8,6,13,7,6,9,4,15,10,6,8,4,6,7,6,8,12,8,12,8,12,5,10,9,4,9,4,7,8,20,5,20,6,18,22,6,9,8,9,6,9,6,6,4,10,6,13,25,7,13,9,9,9,9,13,9,15,6,22,6,4,10,15,7,11,13,14,18,5,25,11,6,9,15,8,9,9,8,5,7,5,20,8,10,10,8,9,6,9,28,20,11,7,9,14,16,5,5,8,6,4,9,8,18,5,10,7,13,22,9,17,14,9,12,7,6,7,9,10,13,20,10,12,8,4,6,7,5,5,6,7,48,40,40,42,48,40,40,44,45,49,21,22,20,22,20,21,18,23,22,19,37,48,36,36,38,47,41,42,34,34,44,41,45,42,41,39,40,44,35,32,23,23,19,16,20,21,21,20,20,17
WREN_T0,BatchB,0,3187,5897,3052,3467,2741,3305,5357,3052,4662,5443,3128,6892,5458,3269,6630,2732,2983,2725,3406,3423,3003,2737,3585,8288,3089,2947,6549,3043,3268,3488,3154,2867,2976,2881,3057,3095,3069,7628,3014,3235,6326,3200,2973,3027,3142,5955,2989,2993,3031,3242,4702,6308,2772,3064,7291,3008,2955,3105,5032,9187,2580,3310,2911,6760,3010,3073,2827,2816,3208,2862,2565,4004,2827,2995,2939,3046,5417,5984,3088,6677,3255,2926,2825,5922,2801,2733,2717,4411,2840,6351,6043,2939,2936,4226,2540,6238,6227,2943,2748,7952,2911,4858,3303,3067,2859,2783,3125,3052,7229,2918,3134,2791,3167,3129,2737,5264,2823,3072,3617,2840,2835,6355,2999,6379,2930,2930,3406,4616,2724,2766,8222,5392,2915,2625,2748,6363,2532,3253,3493,3389,10245,2915,4637,3003,3006,3136,3127,3384,3247,2876,3186,6428,8506,3249,3236,3265,5878,3057,2786,2716,2741,2953,3459,2629,5027,2945,2787,3263,9561,6407,3518,3098,2889,2686,2819,3051,3210,3088,2952,7607,3374,7671,2933,3469,3191,3354,2811,2648,6498,5847,3342,8895,3377,5279,4408,2794,8859,2613,3043,7403,133,205,209,166,82,156,121,106,136,121,189,179,163,124,144,200,130,217,212,114,298,158,153,121,152,164,211,242,121,321,209,143,160,199,128,125,201,160,123,414,102,134,126,100,743,116,131,232,239,223,138,145,192,228,235,175,178,183,203,351,268,253,154,147,291,165,379,125,143,150,208,147,167,365,185,175,130,88,171,200,202,112,158,479,222,130,167,329,275,267,149,330,478,113,135,295,164,137,111,336,215,124,154,140,148,108,158,207,223,195,165,224,238,160,176,128,255,128,148,112,185,119,193,160,194,332,246,160,131,200,339,162,119,303,285,103,124,473,179,339,198,165,142,159,499,98,141,334,191,191,179,451,142,163,448,192,139,211,110,134,139,176,438,129,129,210,250,393,145,164,133,198,164,178,417,417,142,151,216,131,150,164,264,106,269,121,385,152,263,103,84,160,595,133,205,144,176,148,454,119,151,145,183,128,668,146,135,166,107,117,119,191,97,222,236,334,181,180,167,209,162,116,449,95,132,582,163,217,161,177,115,249,144,255,414,296,115,111,382,143,148,149,173,336,150,275,516,121,179,170,244,168,554,211,183,166,168,411,404,162,158,128,254,217,265,166,134,473,432,142,134,136,149,158,374,146,179,126,141,592,161,400,171,174,145,171,158,144,136,323,458,153,154,238,147,313,113,266,216,110,13,24,14,11,3,6,22,7,7,7,11,7,6,6,9,9,21,12,8,35,8,12,10,11,17,7,11,15,7,9,8,7,7,22,6,16,7,9,4,5,4,7,11,6,20,8,7,6,8,8,8,16,7,33,7,11,21,4,7,12,7,10,22,7,14,7,15,7,9,9,5,16,8,5,8,6,19,12,7,9,4,6,6,4,10,12,9,11,8,9,5,9,10,5,9,6,6,8,20,5,24,8,26,18,7,8,7,12,5,9,6,7,6,8,6,10,22,8,13,11,7,7,9,14,8,15,6,21,5,4,13,15,8,12,15,19,20,6,22,8,5,9,12,7,8,7,10,4,8,7,24,7,12,8,9,10,7,8,31,19,11,5,9,13,17,5,6,9,5,4,9,9,18,7,8,8,13,22,9,20,15,7,8,7,6,8,10,12,10,23,7,14,8,4,6,7,4,6,6,7,4,4,4,4,4,3,4,4,4,4,0,0,0,0,0,0,0,0,0,0,1446,1658,1256,1315,1249,1900,1400,1648,1366,1338,1729,1472,1655,1484,1623,1508,1644,1546,1270,1306,21,23,19,17,22,21,24,21,19,18
BELLOT_T0,BatchB,0,2848,6256,3271,3101,2783,2942,5456,2731,5134,6648,3214,6205,5526,2977,6398,2981,2729,3077,2863,3133,3324,2890,3056,7920,2755,2879,6660,2906,3212,2872,3320,3074,2542,2693,3357,3054,3032,7232,2968,3122,6813,3285,3121,2926,2776,5943,3035,3232,2895,3200,4709,6225,2804,3007,8739,3003,3114,3343,6700,9077,3047,3041,3117,6268,2959,2809,2861,3158,2846,3322,2653,4213,2778,2740,2860,3499,5788,6413,3138,5756,3240,2835,2985,5949,2644,3039,2744,3987,2877,6057,6107,3066,2917,4155,2707,6187,5741,2717,3269,8340,3103,5522,2810,3345,3049,2895,2722,2711,6679,2660,2799,2710,3317,2805,2961,4986,2872,2839,3296,2977,2695,6430,2849,6119,3111,3255,2948,4110,3114,2877,7682,5927,2975,2910,2758,6034,3073,3402,3218,3495,10406,2683,4900,2963,3185,3118,2744,3057,3365,2840,2938,6414,9109,2815,3033,3278,6105,3216,2909,2817,2785,2833,3521,2662,5165,2886,3092,3168,9628,7090,4103,2610,2981,2578,2661,3057,2973,3137,3075,7707,3054,7076,2895,3159,2906,3039,3141,2631,6350,5112,3071,7971,3641,4912,4286,2562,8723,3092,3001,8919,170,195,229,159,92,141,130,118,125,141,178,225,134,145,138,169,177,189,276,124,283,162,180,134,137,152,289,205,113,321,236,145,170,158,120,127,200,134,137,378,96,164,109,97,785,97,117,212,221,241,161,163,217,191,228,177,181,253,214,299,273,318,153,135,348,163,396,148,159,170,201,187,127,382,192,166,125,124,160,146,213,88,167,506,223,138,143,315,282,250,147,385,516,93,138,317,177,144,106,288,200,104,175,165,149,119,139,199,262,198,170,203,218,165,118,153,226,129,181,122,147,135,170,178,185,238,291,131,115,211,294,147,123,355,268,135,130,531,182,339,184,119,140,149,642,94,120,371,195,233,165,483,116,166,490,146,191,188,104,145,141,150,434,120,158,221,236,330,154,149,149,171,171,181,451,397,153,130,186,142,159,191,242,106,208,156,397,202,260,111,80,166,508,130,187,153,168,152,376,130,118,175,215,159,622,143,150,151,101,126,125,175,123,269,208,386,185,186,141,227,155,137,484,104,104,582,175,170,160,148,124,242,150,324,496,274,148,117,311,140,137,152,140,431,123,235,398,128,211,146,225,152,514,282,134,140,188,497,470,146,183,134,230,174,226,131,122,430,387,121,161,135,146,168,412,148,175,129,165,570,142,302,174,155,161,139,164,206,126,305,423,167,132,248,145,349,104,372,203,124,11,24,12,11,3,8,24,7,7,9,10,8,7,6,8,8,22,12,9,35,9,12,11,16,14,7,9,15,7,12,6,5,8,18,5,13,6,9,5,5,6,6,15,8,17,9,7,6,9,9,9,18,9,32,8,12,18,7,8,10,6,7,19,7,15,9,14,6,9,7,6,14,6,7,8,6,19,11,7,7,4,5,8,5,10,14,9,9,7,11,6,9,10,4,8,7,6,9,14,5,21,8,19,17,7,8,8,10,4,9,5,8,5,7,6,11,25,6,11,10,7,7,9,17,8,14,8,23,5,4,12,14,7,10,16,16,18,7,22,8,5,11,13,8,6,6,8,5,7,8,23,8,13,10,6,10,6,7,32,26,10,7,8,11,15,5,5,8,6,4,12,7,20,6,10,7,13,20,9,20,14,8,10,8,6,7,10,14,10,17,6,12,9,4,7,6,4,6,5,8,14,13,12,12,14,12,11,14,13,15,1,2,1,1,1,1,1,2,1,1,178,200,151,179,158,209,197,183,179,166,196,187,194,180,187,186,186,193,149,157,23,21,19,17,20,22,24,22,20,20
CHRISTIE_T0,BatchA,0,3136,2944,3046,3262,2946,3101,3011,2857,3019,2721,3068,2910,2940,3043,2898,2496,3153,3024,3345,3242,2741,2944,3390,3144,2963,2966,2680,3243,3202,3063,3258,2872,2935,2886,3200,3345,3109,2883,2873,3160,3094,3230,2735,2902,2909,3074,2961,3136,2873,2697,2985,2866,2653,3103,2786,3181,3065,3281,2609,2956,3061,2746,3258,3189,3120,3006,2804,2853,3010,3030,2887,3208,3167,2876,3174,3391,2948,3206,3116,3011,2901,3101,3011,2507,2662,3042,2815,3043,2816,2712,2930,2885,2705,2852,2815,2858,2999,2852,3066,2617,2919,3122,3121,2876,2652,2791,2775,2813,3154,2817,2944,3332,2897,2758,2666,2988,3040,3143,3518,2959,2764,2894,3058,3173,3101,2987,2932,3142,3133,2874,3040,2746,3366,3070,2659,2894,3095,3244,3261,3479,3535,2629,2765,3198,2790,2576,2798,3125,3147,2940,2969,2605,2646,3058,2971,3079,3225,3074,2915,2636,3002,2909,3327,2997,2953,2868,3358,2941,2662,3099,2933,3262,2983,2801,2726,2815,3352,3121,2701,2940,3486,2859,2739,2981,3053,3116,3374,2851,2724,3050,3260,2897,3382,3107,2843,2932,3101,3025,3086,3137,154,198,126,162,112,163,123,127,125,135,213,105,164,129,160,166,163,193,133,148,144,173,178,102,158,161,271,178,122,145,108,125,135,175,115,134,100,173,124,138,120,153,112,121,252,114,117,233,286,114,130,160,238,131,152,169,193,175,157,137,154,122,198,127,196,190,124,152,174,140,108,144,154,222,214,164,126,118,234,157,163,110,175,172,129,126,156,157,126,173,128,157,196,99,157,151,178,153,94,158,208,116,207,145,141,112,147,201,136,207,182,167,180,151,186,141,172,115,160,127,194,122,185,150,227,139,133,157,104,124,179,167,121,116,156,117,131,164,175,131,107,161,174,165,226,120,134,161,97,201,142,204,139,178,216,161,163,160,107,140,157,141,151,118,160,207,143,117,168,160,119,207,194,196,166,235,148,110,165,130,143,188,98,106,123,121,164,176,130,106,85,147,142,140,188,131,182,151,165,129,155,142,159,139,153,143,146,174,98,125,85,89,131,172,147,136,168,191,165,238,131,119,134,112,119,149,207,195,103,136,124,153,143,97,182,129,120,117,131,140,142,140,162,166,148,116,174,126,221,151,132,156,186,230,152,150,184,175,132,175,141,101,109,126,115,149,134,213,195,110,186,124,148,170,151,136,186,122,127,231,166,234,168,167,186,129,147,157,151,154,153,156,162,162,150,206,114,164,98,109,11,11,5,5,3,6,15,9,7,8,4,7,8,7,10,10,10,6,9,9,7,6,11,7,7,7,10,9,7,10,7,6,7,10,6,9,6,12,4,6,5,5,7,7,7,8,8,6,9,11,8,10,8,12,7,7,7,7,4,7,7,8,8,7,10,7,7,6,8,7,5,7,8,6,7,6,10,11,8,8,4,6,7,6,10,11,4,5,8,11,6,8,12,5,5,6,8,11,9,4,7,7,9,6,6,10,9,9,5,10,6,7,5,8,5,5,9,7,6,12,6,7,7,6,8,7,7,11,6,3,13,16,7,5,7,7,7,6,11,7,5,11,13,9,7,7,11,4,6,7,12,7,11,5,7,6,6,9,11,7,5,6,6,8,7,5,6,7,7,4,10,9,6,5,8,9,14,7,8,7,9,9,10,5,6,6,10,10,7,5,9,8,9,4,5,5,4,5,6,7,1,1,1,1,1,1,1,1,1,1,0,0,0,0,0,0,0,0,0,0,78,91,61,67,67,88,80,75,69,69,81,81,77,68,86,71,83,78,61,70,22,22,19,17,18,21,24,22,21,18
FRANK_T0,BatchA,0,3170,2755,2779,3016,2710,2885,2896,2915,2788,2721,3071,3304,2964,3080,3005,2856,3305,3008,2975,3040,2921,3015,3287,2911,3109,2767,2958,3147,3146,2941,3344,2751,3079,2902,3497,3007,2908,2764,2856,3269,2915,3060,2800,2819,2871,3127,2990,3296,3130,3137,3075,2916,2723,2898,2817,3393,2808,3400,2732,3438,2705,3143,3104,3486,3075,3090,2826,3199,2874,3129,2688,2946,2840,2864,2707,3383,2913,3210,2978,2803,3109,2628,2939,3035,2567,2988,2799,3338,3299,3072,2898,2746,3206,3060,2648,3001,2938,2949,3392,3113,3182,3103,3374,3332,2673,3107,2670,3153,2940,2541,3049,3107,2968,2723,3551,2799,2905,2885,3275,2740,2553,3186,2943,3002,2836,3400,3313,2659,2728,2763,2967,2717,3019,3098,2796,2820,3323,3208,3171,3321,3030,3020,2657,3062,3060,3065,3269,3115,2928,3328,3051,2862,2890,3004,2830,3202,2925,3274,2710,2650,2682,3262,3281,2725,3143,2688,3151,3128,2980,3162,2943,2965,2844,2608,2870,3057,3714,3037,3078,2845,2974,3423,2562,3286,3293,3228,3123,2669,2885,3047,3619,2824,2975,3483,2675,2663,2895,3040,3048,2910,163,228,144,167,114,171,119,93,125,141,195,128,163,129,140,206,186,234,133,132,154,138,187,114,143,172,266,230,125,157,98,130,139,196,116,127,102,131,113,129,117,161,105,108,234,99,107,207,239,115,109,165,221,122,125,158,201,183,160,144,136,121,158,117,150,153,157,170,137,130,110,153,157,212,198,146,120,102,182,194,142,95,182,165,122,132,197,143,148,101,137,147,195,84,153,174,168,158,107,175,214,108,187,151,162,113,143,212,198,183,203,146,206,136,197,154,189,132,179,133,187,146,214,173,215,173,108,153,110,126,185,156,124,126,148,128,139,165,217,154,111,166,183,171,203,92,115,165,122,205,156,168,127,160,174,155,147,160,122,146,157,152,181,127,173,211,104,138,152,185,166,200,207,189,147,244,138,89,215,139,153,184,117,108,110,125,139,153,161,126,93,136,124,153,169,166,178,153,162,145,122,172,166,146,179,181,181,186,85,98,91,90,120,186,143,179,168,212,147,210,173,120,114,104,123,107,163,199,138,157,111,159,134,107,171,115,142,129,151,161,134,153,188,160,128,98,180,143,192,175,138,167,200,233,159,127,183,115,146,152,162,117,110,88,105,152,151,223,223,129,167,105,136,150,175,144,185,129,167,275,170,200,139,158,134,147,119,135,119,155,227,145,156,193,125,186,98,144,105,117,11,9,7,5,4,6,15,8,6,8,4,6,9,8,8,9,8,6,10,13,6,5,12,7,12,6,10,8,9,11,6,6,6,8,5,10,8,8,4,6,4,7,9,8,5,7,8,5,9,9,8,10,7,11,8,7,6,6,6,5,8,9,6,6,8,8,8,6,8,8,5,6,9,5,8,5,10,11,7,8,4,5,6,6,9,10,7,6,7,11,6,9,14,5,4,7,4,9,7,6,9,7,9,7,7,8,11,8,4,9,6,6,5,9,6,5,11,8,7,11,6,7,7,5,9,7,6,10,7,5,12,16,6,6,7,6,7,5,8,9,5,10,16,8,5,9,9,5,8,8,11,7,10,5,8,7,7,8,10,7,5,8,7,7,7,5,4,7,6,4,11,10,5,6,9,9,15,9,7,6,8,9,9,7,6,7,9,13,8,6,8,7,9,4,6,7,3,5,5,9,1,1,1,1,1,1,1,1,1,1,0,0,0,0,0,0,0,0,0,0,454,523,408,458,447,500,462,526,439,458,520,479,477,464,489,503,518,516,398,410,22,22,19,17,20,22,22,21,18,19
FROST_T0,BatchA,0,3223,2779,3498,3054,2716,2665,3022,2910,2785,2859,3180,3327,2930,3095,2907,2640,3225,2888,3159,3093,3196,2730,3384,2878,2986,2823,2851,3225,2749,3239,3429,3065,2601,2749,2915,3300,3112,2890,3042,2832,3427,3216,3041,2889,2816,3301,3081,3059,3170,2974,2902,3064,2728,2833,2812,3173,2752,3177,2989,3312,3155,2983,3205,2818,2842,2897,3081,2882,3259,2980,2629,2874,2709,2924,2815,3614,2811,3020,3022,2616,3042,2803,2751,3060,2516,3103,2951,2940,3099,3240,2905,2950,3042,2972,2386,2816,3009,3035,2859,2658,2871,3622,3050,2922,3182,3045,2711,2998,3060,2731,2976,2985,2876,2782,3165,2927,2701,3156,3497,3005,3223,2756,3279,3380,2834,2962,3230,3095,2568,2645,2859,2870,3063,3222,2878,2792,3095,2982,3307,3670,3025,2994,2624,3079,2951,2754,2849,3059,3020,2872,2948,2840,2794,2975,2957,3094,2767,3288,2819,2776,3171,3083,2856,2557,3340,2835,2885,3289,2755,3016,2605,3053,2736,2615,3140,2705,3323,3129,2893,3280,3302,3087,2971,2966,2876,3202,3058,2719,2750,3446,3427,2973,2773,3063,2693,2826,3068,2997,2895,3125,168,212,156,171,98,141,121,132,118,149,190,139,125,146,137,165,151,168,172,145,125,112,160,113,166,139,252,202,146,138,87,135,155,183,128,141,106,153,141,172,116,134,92,92,202,111,123,240,296,127,171,169,229,151,131,169,202,124,169,112,142,138,138,141,169,178,181,158,153,168,132,163,163,219,212,140,150,124,210,146,186,88,207,152,116,122,162,149,131,143,158,141,263,98,149,166,146,135,98,130,202,106,179,139,142,120,124,214,161,236,207,142,251,168,188,143,150,123,164,108,190,176,189,164,242,179,111,159,115,150,194,167,113,135,138,119,125,176,195,172,92,168,151,155,216,95,139,146,109,174,146,221,154,176,205,154,176,144,137,169,159,183,178,121,147,224,124,147,159,179,141,200,176,202,158,268,146,85,228,142,158,245,109,119,139,143,193,146,149,102,99,155,140,171,153,156,189,142,169,133,135,164,171,148,169,148,138,152,96,119,119,96,112,178,139,147,160,168,163,180,157,126,126,103,132,163,154,231,104,149,109,158,131,88,177,130,132,119,131,166,175,143,153,235,129,109,206,122,179,177,149,140,197,239,132,126,166,122,192,154,174,116,108,83,105,111,133,239,197,126,123,115,163,161,243,130,169,116,161,267,183,183,136,147,162,157,138,169,137,143,181,163,133,161,144,198,97,149,112,116,12,10,7,4,4,6,14,8,6,8,5,8,8,6,8,7,8,6,14,12,6,6,11,7,10,5,9,7,8,10,9,5,7,7,5,8,5,11,4,7,5,6,9,8,8,7,9,5,7,8,9,8,7,13,8,7,6,5,6,7,6,8,7,7,8,8,8,5,9,8,5,7,9,7,9,4,9,9,7,8,4,6,8,5,8,12,6,6,7,10,6,9,11,6,6,6,7,12,9,5,9,7,8,7,5,7,10,7,6,8,6,8,6,10,7,7,7,8,7,10,6,6,9,7,10,6,9,9,5,4,10,15,8,5,7,7,6,5,9,8,6,10,15,7,6,5,8,4,9,7,12,6,13,5,10,8,7,8,11,7,4,7,6,6,8,5,6,7,7,5,11,9,6,6,10,8,15,9,10,8,8,10,11,6,6,7,9,11,6,8,8,7,11,4,5,7,3,5,8,6,17,16,15,16,17,15,14,16,16,17,1,1,1,1,1,1,1,1,1,1,322,391,254,292,264,355,316,330,280,277,328,291,336,301,290,304,322,325,260,254,19,23,18,18,21,25,23,22,20,19
GORMAN_T0,BatchB,0,2852,6065,3237,3133,2753,2896,5126,2838,5276,6419,3381,5994,5727,3044,6627,2692,2949,2675,3297,2745,3157,2786,3024,7736,2886,2815,5916,2682,3103,2813,3406,3254,3003,3055,3572,3231,3181,7557,2926,3286,6321,3090,2794,3357,3230,6007,3055,2744,3238,2782,4858,6724,2904,2786,8003,2839,2850,3076,5855,9161,2867,2643,3188,6570,3255,3402,2926,2918,3365,2717,2614,4405,3173,3318,2824,2925,5086,5900,3146,7225,2920,2844,2803,6685,2341,2978,3116,4136,2886,5563,6612,2829,2951,4181,2654,7028,6376,3036,3527,8310,2992,5538,2671,3153,3133,2636,2853,2972,7502,2819,3067,3364,3502,2751,2844,5407,3192,2877,2895,2628,2727,6001,2870,6053,2858,3114,3639,4800,3150,2864,8235,5542,3319,2904,2973,6159,3166,3522,3594,3281,10071,2722,4451,2790,3152,2816,2672,2587,3198,3277,2671,6117,7845,2671,3047,3570,5917,3271,2731,2737,2615,2990,3602,2738,5053,3113,3004,3078,9389,6982,4088,2936,2949,2490,2879,2959,3276,3273,3150,7625,3404,7155,2800,3295,3366,3226,3161,2786,6719,5854,3107,7744,3439,5264,4015,2811,8842,2496,3312,8233,141,181,201,159,91,127,116,94,115,126,175,213,162,134,152,172,152,172,209,157,306,176,160,106,143,159,281,256,105,301,183,134,169,177,115,158,200,161,132,389,110,156,104,107,761,106,117,218,253,310,133,155,151,175,244,176,179,272,183,281,345,311,208,147,277,193,339,152,141,177,189,136,154,311,249,156,121,104,221,160,225,120,196,497,204,137,144,301,266,291,132,445,567,102,134,320,150,133,94,306,188,113,200,156,155,123,168,184,224,181,251,245,220,150,151,120,262,136,181,117,183,140,203,210,188,322,233,153,100,211,292,154,132,346,317,142,119,479,177,367,174,167,147,158,542,80,142,418,199,190,140,433,150,164,429,145,143,192,106,162,156,148,517,99,154,189,228,409,156,190,145,190,183,193,399,288,164,123,200,132,134,183,283,157,216,121,368,166,272,119,87,141,461,161,151,149,158,150,374,143,135,142,181,141,515,130,176,163,88,113,121,233,121,287,225,311,189,169,163,198,137,158,499,112,115,553,158,228,150,141,117,315,140,322,463,312,135,128,374,168,155,149,167,340,129,233,443,148,162,202,234,177,627,228,132,155,173,505,393,131,156,142,287,161,249,123,129,519,464,147,150,143,154,163,469,151,180,113,157,494,149,301,153,162,173,163,134,169,132,309,422,205,138,270,160,357,94,308,214,110,12,25,13,15,4,6,19,8,6,10,14,6,9,7,10,11,20,12,9,33,8,13,10,12,14,8,13,13,6,12,6,6,9,21,5,16,6,11,4,7,4,7,15,8,21,6,7,6,8,10,8,15,8,26,7,12,17,5,6,11,7,8,19,6,14,9,13,6,7,8,5,18,9,5,7,7,17,10,7,7,5,6,8,6,8,12,8,10,7,13,6,7,12,4,7,8,5,9,17,5,24,6,23,23,7,7,10,10,5,8,6,8,5,7,6,10,19,7,12,12,7,7,8,14,9,13,6,21,6,4,11,12,7,10,12,12,20,6,22,7,5,9,14,8,6,6,9,4,7,7,26,6,12,8,11,8,6,7,35,21,11,8,7,11,14,5,6,8,6,4,10,8,16,5,9,9,15,20,7,16,17,10,11,6,7,7,10,10,10,21,9,11,11,5,5,7,4,7,6,6,34,30,27,29,37,31,29,33,31,31,1,1,1,1,1,1,1,1,1,1,591,631,473,506,521,689,593,613,506,543,615,551,609,555,584,589,627,582,507,492,21,25,19,18,21,22,25,20,21,19
NEWT_T0,BatchB,0,2912,6883,3336,2982,2844,2941,5145,2894,4986,5420,2900,5760,5332,2723,6588,2989,3208,3180,3064,2897,2931,2978,3012,8316,2552,3147,6470,3051,2888,3070,3141,2945,2685,2667,3355,3312,2955,7196,2868,2792,6495,2935,2734,2907,3245,6221,3355,2950,3084,3089,4480,6814,3059,3050,8391,3087,2732,3219,5272,9002,2601,3060,2894,6465,3090,3326,3232,2750,3196,2901,3066,4266,2740,3078,3116,3077,4860,6255,3032,6419,2969,2938,3030,5915,3015,2921,2901,4766,3136,6367,6714,3064,2766,4069,2866,6390,5899,2815,2914,7574,2821,4737,2672,2969,2851,2453,2580,2943,7101,2926,3074,3032,3568,3007,3080,5411,3090,2872,3240,2644,3082,6525,3093,6503,3216,3375,3259,4584,2981,2794,7148,6023,3223,3282,2643,6832,3459,3151,3434,3445,10940,2752,4343,2904,2948,2920,2837,2947,2997,2846,3094,6641,8340,2939,2905,3400,5412,3396,2810,2404,2952,2753,3406,2508,4974,2727,3155,3170,8997,6398,3889,3233,2858,2820,2651,3290,3167,2937,2996,7028,3274,7353,2921,2794,3202,3022,3085,2757,6689,6189,3181,7757,3534,4605,4735,2873,8815,2719,2906,7686,146,194,206,153,108,192,119,119,128,125,169,193,151,157,140,222,164,210,232,133,240,136,152,115,146,131,264,212,135,305,203,141,141,166,145,120,207,135,115,393,115,152,101,103,817,125,118,206,273,248,150,159,204,179,237,200,180,240,215,294,245,267,142,149,289,178,347,161,138,174,232,137,120,387,233,178,120,103,187,155,222,90,184,462,231,137,168,341,267,254,178,439,382,129,171,308,152,143,117,377,247,115,183,120,140,116,144,227,249,200,181,214,225,173,180,170,266,126,171,114,184,148,212,195,187,260,245,169,144,222,336,151,150,331,304,118,151,420,185,353,162,165,153,163,573,108,145,395,179,212,209,455,134,148,463,146,169,202,128,184,141,178,462,101,178,197,252,368,148,183,129,190,180,193,413,341,129,132,218,154,162,179,224,114,215,136,358,203,303,92,90,159,480,179,177,138,171,170,452,128,151,142,186,145,496,133,146,172,104,101,129,202,125,299,300,284,190,198,122,204,143,119,461,97,126,497,167,187,173,184,128,249,123,281,445,233,137,132,347,155,136,158,170,355,167,218,479,124,166,182,222,155,505,227,156,144,173,494,312,131,174,121,266,160,233,135,154,472,435,108,157,135,139,131,387,128,166,116,149,625,132,331,171,167,153,164,145,171,129,263,412,161,138,291,131,288,99,296,225,109,10,33,16,12,4,5,22,8,5,8,9,8,7,7,10,9,22,10,9,32,9,15,12,11,14,6,14,14,8,13,8,5,7,20,5,19,7,9,4,6,5,5,10,7,22,7,9,6,9,11,8,16,9,31,7,12,21,6,7,12,7,9,17,5,15,10,13,7,10,7,5,16,7,5,8,6,16,9,7,7,5,5,7,6,8,15,11,13,9,10,5,8,12,4,8,6,6,8,17,5,24,7,23,17,7,8,10,12,4,8,7,7,5,10,6,14,25,8,12,11,6,9,7,13,11,18,6,24,5,5,12,13,7,11,11,14,18,6,22,8,4,8,13,9,7,6,8,6,7,8,24,8,12,11,10,10,5,9,27,22,10,7,6,11,17,4,4,8,7,4,6,8,17,5,8,11,15,21,8,20,14,7,10,6,7,7,10,9,9,26,8,10,9,4,6,6,3,6,7,7,2,2,2,2,2,2,1,2,2,2,0,0,0,0,0,0,0,0,0,0,104,109,81,77,78,116,101,104,83,88,102,101,92,91,96,94,102,108,82,76,22,22,18,18,20,22,23,21,19,19
PURVIS_T0,BatchA,0,3003,2871,3120,3039,2591,2764,2859,3260,3203,2814,3262,2995,3259,2804,3073,2804,2874,2698,3309,2718,2909,2717,3256,2809,2864,2878,2976,3366,3000,3066,3585,2536,2683,2945,2735,3328,2704,2910,2702,3344,3109,3116,2871,3027,2959,3421,3491,3094,3375,2899,3032,3007,2952,3007,3246,2934,2749,3137,2593,3239,2689,2673,3328,3110,2939,3021,2828,2935,3605,3028,2968,2847,2826,2959,3015,2931,2725,3170,2896,2606,3086,2937,2843,3140,2724,3182,2734,2962,3315,3303,3118,3033,2717,3144,3010,2418,2848,3196,2876,2693,2907,3152,2878,3073,2772,3035,2898,2901,2987,2708,2955,3090,3101,2774,2624,2458,3491,2842,3294,3036,2930,2867,2896,3257,3001,3091,3365,2936,2923,3014,2885,2667,2872,2656,2884,2873,3232,2933,3443,3514,2930,3125,2957,3071,2899,2975,2838,2821,2808,3496,2775,2740,3067,3045,3079,3167,2722,3185,2796,2676,2758,3122,3612,2832,3133,2857,2991,3089,3208,3086,2521,3454,3021,2707,2738,3201,3753,3126,2603,2916,3199,3395,2858,3307,2723,3371,2862,3096,2820,3468,3154,3067,2784,2985,2815,2957,3044,3151,3358,2834,160,193,164,146,94,147,130,123,131,124,166,122,136,126,154,143,177,217,147,107,131,164,149,126,137,171,259,227,127,153,118,125,172,205,116,110,104,141,120,144,109,159,106,95,213,128,133,231,248,127,135,146,217,126,129,162,157,127,118,133,152,159,155,153,132,182,167,211,145,146,139,169,144,228,202,180,143,113,192,168,155,89,156,152,106,123,155,148,143,175,137,139,191,89,132,180,156,153,115,154,203,105,195,151,160,110,153,245,169,233,173,140,226,159,194,127,174,133,223,128,156,136,201,200,198,164,108,145,114,139,181,161,126,105,145,135,123,136,182,161,94,157,151,131,212,99,128,144,114,177,174,180,135,204,194,129,177,141,119,143,141,164,181,120,133,194,125,136,142,177,151,184,159,165,142,202,123,104,179,151,152,169,108,124,135,113,153,152,141,120,99,169,149,178,157,129,189,144,163,123,152,140,140,133,170,138,134,167,103,109,103,121,119,179,142,155,180,164,127,171,143,110,126,114,97,145,168,209,114,180,117,153,146,110,173,125,140,121,146,153,133,147,181,230,125,98,202,117,194,169,145,153,219,213,148,153,178,134,149,145,141,107,92,91,104,109,157,214,180,127,145,115,124,133,176,119,185,111,136,227,155,178,161,149,147,116,117,151,137,150,206,139,140,198,158,165,101,133,104,103,10,10,9,5,3,5,10,8,7,7,5,7,7,7,9,7,7,6,10,12,7,5,12,7,12,8,10,10,8,11,6,5,6,8,5,11,7,10,4,5,5,6,8,9,6,6,9,5,10,8,8,10,9,14,7,7,5,7,6,5,8,7,10,6,9,8,6,6,9,9,4,6,9,5,9,5,10,9,6,8,4,5,6,5,9,12,5,6,8,14,5,9,12,5,5,6,6,9,9,6,8,7,10,5,6,8,9,8,5,10,6,8,5,7,7,5,8,8,7,10,7,7,7,7,7,7,7,11,5,3,12,16,7,4,6,7,8,4,9,8,4,8,11,8,8,6,10,5,7,8,13,7,11,6,7,7,6,7,11,6,5,7,5,6,7,5,5,8,6,4,9,7,6,6,9,7,12,8,8,8,9,8,9,7,8,5,9,9,7,7,8,8,9,4,6,6,4,5,7,7,70,70,62,71,72,72,62,75,66,73,7,7,7,6,7,7,6,7,7,7,210,259,172,189,207,264,211,240,188,204,206,217,224,218,202,219,224,218,178,187,20,22,17,18,20,22,21,22,21,20
TROY_T0,BatchB,0,2801,6350,2999,3094,2720,2635,4787,2882,4698,5613,3202,5876,4951,3183,6836,2863,2961,2706,3307,3204,2978,2913,3214,7226,2948,3001,5941,3134,2966,2788,3612,3034,3026,2847,3475,3477,2874,7529,2953,3125,6566,3073,3140,2823,2767,5722,3049,3023,3298,3446,4309,7156,2541,2753,8057,3035,3005,3047,6008,9007,2886,3315,3147,6399,2770,3413,2685,2894,3137,2914,2793,4554,2543,3153,3044,3302,5829,6071,3050,6674,3290,2940,2898,6280,2836,2765,2911,4174,3156,5571,6013,2952,3042,4410,2646,5413,6883,2644,2999,8286,3237,5188,3003,3104,2900,2922,3015,3219,7513,2561,2934,2585,3557,2662,2864,5254,2850,2783,3170,2872,3073,5828,3308,6437,3408,3186,3442,4703,2767,2890,7484,6848,3102,3054,2724,6059,2830,3238,3466,3544,11744,2946,4150,2901,2894,2792,2936,2658,3465,2828,2687,5951,8112,2938,2670,3721,5586,3608,3145,2807,2719,2909,3690,2876,5725,2731,3125,2742,9591,7119,3475,3231,3087,2704,2618,2640,3208,2903,2770,6809,3040,7358,2798,3260,3138,3345,3003,2765,6454,6050,3412,8256,3656,5102,3996,2819,9057,3122,2691,8301,166,186,230,188,84,164,133,111,110,144,188,242,158,117,127,185,165,212,247,129,327,138,160,123,164,137,226,206,120,293,232,139,163,188,147,157,184,129,144,341,123,149,93,115,824,115,110,232,229,277,130,139,207,200,238,178,170,254,220,291,276,315,170,148,307,185,367,157,162,143,159,185,146,361,205,151,134,126,194,164,226,107,191,465,245,155,159,286,282,281,134,379,459,120,148,328,150,155,97,278,218,122,176,145,140,140,155,167,196,185,165,233,203,176,172,150,210,123,171,129,193,148,228,174,235,365,265,133,124,212,339,156,120,323,323,134,117,502,166,359,170,152,142,135,646,102,124,372,194,194,156,470,147,180,428,168,141,202,150,152,162,156,457,128,134,192,230,357,141,165,163,204,207,180,454,367,171,148,167,151,164,199,243,129,248,104,315,150,288,100,87,165,517,154,185,136,160,167,329,129,141,155,185,135,735,142,144,170,89,120,94,153,119,299,233,316,164,204,168,179,148,142,484,108,124,519,174,182,156,157,134,270,151,305,444,290,134,116,364,164,130,180,137,351,127,215,470,141,183,167,250,167,464,217,146,145,154,531,390,139,161,124,245,191,279,168,137,543,400,128,154,144,120,172,342,114,207,110,157,510,150,325,149,184,169,141,150,165,123,328,439,171,132,321,147,321,91,296,159,100,11,23,16,12,3,7,20,8,7,8,12,8,8,8,7,7,20,10,8,29,9,16,9,13,13,5,11,15,8,10,7,6,7,21,5,19,7,11,5,6,5,7,12,9,17,8,8,4,7,11,8,16,7,26,9,14,18,5,7,12,6,8,20,8,15,10,14,5,9,7,5,17,8,6,6,7,16,9,6,9,5,5,7,6,10,13,9,10,8,11,5,8,13,5,10,6,7,9,18,5,26,8,20,17,7,9,9,11,4,9,6,8,5,7,6,10,22,7,15,12,8,8,8,16,7,18,8,22,5,4,14,12,7,10,15,16,21,5,21,8,6,8,13,7,6,8,7,5,8,6,21,7,12,12,8,7,6,8,28,20,9,9,7,12,14,6,6,8,6,4,9,8,17,5,8,8,13,22,9,21,16,8,7,6,6,6,10,10,13,21,9,10,9,4,6,6,6,6,5,6,121,111,108,106,145,105,102,121,112,131,18,19,17,18,17,16,14,18,17,16,129,147,110,125,121,151,127,140,118,119,131,137,135,139,140,123,139,144,115,105,23,22,17,15,21,23,24,20,17,20
VRIESS_T0,BatchB,0,2855,6513,3361,3324,2730,2803,4960,2731,4964,6428,3112,6049,5246,3240,6496,3115,3076,3084,3232,2722,3028,2845,3166,8127,3002,2822,5756,2884,3164,3235,3437,2839,2820,2955,3142,3061,2759,8673,2924,2909,7037,3005,2674,2896,2918,5480,3148,2986,2840,3049,4353,6389,2732,2818,8219,3034,2888,3546,5328,9687,2647,2615,3142,6041,3008,3202,3041,2827,2916,3326,2711,4366,3099,3177,3197,2841,5439,5543,3285,5847,2901,2943,2964,6559,3130,3160,2854,4617,3093,6051,5924,3008,2817,4066,2594,5871,6364,2741,3185,7717,2730,4632,3202,2903,2985,2857,3156,3214,6298,2803,3054,3035,3548,2949,2937,6007,3125,2999,3204,2728,2477,6362,3044,6680,3082,2692,2772,4740,2914,2709,7381,5358,3040,2956,2903,5830,3183,3213,3258,3409,10872,3044,4626,2926,2759,2629,3055,3033,2816,3250,2886,6138,8751,2661,3500,2829,6405,3070,2836,2903,2683,2639,2855,2906,5224,2876,2657,3317,8933,6301,4424,2701,3036,2887,2641,3389,3321,2824,2961,7835,3178,7488,3054,3331,2894,3373,3051,3088,6453,5480,3272,7216,3540,5050,4424,2688,8966,2957,2765,7813,175,176,238,183,92,156,115,123,110,130,205,203,161,124,171,198,164,195,238,128,325,179,148,120,144,161,236,224,116,314,198,131,149,215,123,124,206,164,140,403,130,147,101,106,652,127,119,196,280,262,145,144,232,161,171,178,184,255,179,290,216,296,148,118,336,141,384,146,199,152,183,187,155,382,231,139,130,122,210,144,241,102,158,394,236,155,159,337,354,266,144,442,461,109,138,334,155,142,87,329,229,119,202,143,130,116,127,190,243,188,165,227,223,150,167,173,276,134,203,89,201,131,239,180,244,274,220,159,116,181,318,164,130,305,283,113,137,458,191,338,189,141,158,180,552,96,141,408,185,179,144,537,126,170,483,172,159,198,134,190,140,149,428,114,137,186,253,346,147,168,152,198,162,155,391,353,140,149,168,138,159,172,272,102,240,121,334,163,260,97,94,150,479,170,153,151,162,176,347,127,144,175,204,151,621,160,127,174,89,112,111,183,124,311,239,344,207,188,149,216,126,119,414,107,97,474,168,193,176,196,124,314,160,256,450,269,127,121,348,187,158,148,133,429,134,191,435,154,184,161,242,154,466,234,157,158,176,428,326,190,181,129,279,168,269,132,173,399,404,120,138,141,165,136,399,172,221,114,148,562,173,321,160,172,138,125,170,147,155,286,460,154,135,271,151,304,100,346,233,119,12,21,14,13,4,6,26,9,5,8,14,7,8,7,8,8,20,10,11,31,10,14,12,13,15,7,10,11,7,11,6,7,6,19,5,20,6,11,5,7,5,5,13,8,18,7,8,6,8,10,7,16,8,31,6,13,17,6,7,10,8,8,17,5,12,9,17,6,11,7,5,15,8,4,8,6,20,9,8,8,4,5,7,6,8,12,11,14,8,12,5,10,13,5,8,6,6,9,19,6,19,7,18,24,5,9,11,12,5,8,7,7,4,9,6,13,24,9,13,10,7,9,7,15,7,16,8,22,5,4,12,15,8,10,11,15,18,6,25,11,5,9,12,7,7,7,10,5,9,8,29,8,11,9,8,8,6,7,37,18,13,6,8,10,16,6,5,9,6,4,9,8,15,7,10,9,14,18,8,18,14,9,9,6,6,5,9,11,11,22,8,11,11,4,6,7,4,7,6,6,24,19,21,22,24,20,21,24,22,26,1,1,1,1,1,1,1,1,1,1,354,389,297,368,353,419,362,407,337,345,370,384,397,382,350,391,390,372,303,358,22,23,17,18,20,25,23,21,18,18
WILLIAMSON_T0,BatchA,0,3071,2895,3276,3260,2645,2896,3038,2763,2653,2958,3365,2983,3059,3047,3075,2797,2964,3223,3000,3274,2770,2707,3268,2969,3087,3210,3180,3328,3046,2956,3574,2917,2647,2775,3341,3141,3111,3048,3182,3617,3026,3327,2930,2995,3340,3260,3006,3233,3121,2994,3265,3224,2889,2896,2622,2680,2863,2971,2855,3180,2657,2589,2789,2907,3204,2898,2938,2753,3392,2876,2782,2724,3130,2783,3188,2963,2777,2911,3466,2809,2629,2883,2824,3155,2763,3283,3011,2856,3440,3307,3328,3353,2978,3086,2675,3036,2735,3040,2996,2973,3166,3439,2829,3174,2867,2847,2952,2988,3144,3056,2825,2971,2726,3268,2940,2860,3021,2892,3177,2921,3118,2947,2954,3356,3107,3098,3217,2658,2935,2829,3246,2878,3168,3318,2705,2943,2985,2863,3304,3844,3008,2543,2711,3096,3078,3176,3059,2924,3008,2606,2973,3076,2919,3058,2835,3120,3068,3069,2519,2952,2631,2965,3404,2857,2873,2598,3168,2756,3022,2924,2853,3240,2630,2836,2452,3112,3368,2938,3002,2778,3284,3178,3066,2906,2796,3333,3234,2623,2583,3431,3494,2847,3053,3215,3000,3034,2835,2689,2919,2581,164,176,157,190,99,166,123,119,139,128,165,139,134,138,155,174,162,156,144,114,121,156,137,137,162,129,256,274,121,144,115,131,140,186,114,117,107,143,102,148,126,152,101,100,227,110,114,229,288,140,161,158,222,105,136,156,144,145,130,115,143,145,152,136,204,165,158,158,133,126,161,169,135,188,199,161,115,104,163,166,188,91,153,144,122,150,185,159,114,128,141,141,193,91,106,172,195,155,111,159,203,124,180,158,189,106,155,192,163,201,205,191,201,202,157,140,181,112,168,124,191,145,192,196,203,168,114,143,112,130,209,149,156,126,144,127,125,168,207,217,103,149,170,168,180,85,131,162,94,185,162,158,125,209,204,146,146,141,135,149,123,186,181,124,161,198,179,113,147,176,126,221,177,181,165,229,136,115,233,127,175,176,108,119,112,116,179,180,150,121,88,135,125,167,203,166,159,147,183,133,157,130,187,149,162,139,141,141,106,111,100,109,138,185,125,159,187,205,129,172,160,134,116,121,143,142,174,195,147,154,115,161,138,94,187,140,150,113,132,159,149,138,166,167,138,93,177,112,170,150,153,206,202,231,154,141,189,116,147,151,151,123,102,119,121,136,121,214,169,112,165,153,118,137,167,168,231,150,157,275,156,196,145,169,153,155,127,159,130,181,168,189,151,180,143,183,92,153,114,125,10,9,7,5,3,6,19,9,7,9,6,9,7,7,9,9,8,6,8,13,6,6,11,6,10,6,10,6,8,12,7,6,6,7,4,7,6,10,4,7,5,5,6,7,7,8,7,6,9,9,8,10,8,12,6,7,6,6,6,7,8,7,5,6,10,11,7,6,8,8,5,7,7,6,9,5,9,10,7,10,3,5,6,7,9,14,6,6,8,10,6,8,12,5,5,7,7,9,8,5,8,7,10,7,7,10,7,7,5,8,6,9,6,9,7,5,8,8,5,12,6,7,7,5,9,5,8,8,6,3,12,15,6,6,6,6,6,5,9,9,6,8,11,8,8,6,10,4,8,8,13,7,13,5,8,8,6,9,9,6,4,7,4,8,7,6,5,10,7,3,11,8,6,5,11,9,11,7,7,10,9,9,10,6,7,7,8,11,5,8,7,5,9,4,6,5,4,6,6,6,10,9,8,8,10,8,8,10,9,10,1,1,1,1,1,1,1,1,1,1,311,339,246,277,315,380,375,329,260,324,321,339,349,319,320,314,340,348,298,271,21,24,17,17,19,22,24,22,21,18
ANDREWS_T0,BatchB,0,2913,6044,3768,2776,2737,2871,5177,3036,5537,6252,3007,6255,5462,3078,6755,2954,3043,2621,3200,3270,3371,2795,3178,8311,2790,2738,6565,2851,3263,2742,3439,2474,2742,2773,2915,2976,2949,7745,3087,2983,6438,2969,2648,3313,3143,5988,2862,2930,3143,2897,4822,6840,2536,2516,7942,2985,2868,3611,5455,9171,3042,3104,3023,5882,2805,2943,2945,2989,3074,2969,2763,4464,3073,3002,2952,2871,4914,6191,3161,6663,3341,2443,3003,6240,2817,2735,2806,4649,3104,5925,6922,2843,2971,4105,2597,6600,5864,2733,2999,7738,2823,4807,3131,3426,2870,3180,2718,2893,7364,2586,3136,3111,3472,2820,3131,5652,2820,2979,3142,3068,2885,6982,3002,6324,3137,3128,3106,4398,2719,2980,7809,5279,3023,3132,2928,5879,2752,3338,2926,3440,10073,3017,4737,2842,3017,2896,3100,2867,2917,3277,2894,6152,8556,2830,3082,3405,5857,3437,3315,2459,2990,2763,3011,2805,5507,2741,2807,3294,9562,6808,4079,2837,2796,2839,2804,3108,3314,2667,2930,7901,3103,6435,3044,3764,3187,3269,3181,2704,6976,6210,3207,8639,3499,4744,4422,2936,9420,2791,2652,9035,144,246,223,163,103,135,128,103,98,121,193,168,144,139,149,181,156,218,209,119,266,168,164,134,144,154,225,230,124,338,232,129,174,181,121,130,216,128,112,381,155,150,122,120,661,95,118,204,293,323,139,149,244,209,238,178,174,232,248,289,185,316,144,125,354,184,466,157,142,157,193,176,128,431,199,143,134,125,199,187,225,108,202,444,209,144,167,358,319,261,132,495,496,100,178,315,160,128,118,367,197,95,198,133,158,120,127,186,227,222,178,215,197,181,173,135,297,139,169,96,180,145,208,176,220,281,266,146,109,174,317,203,124,312,278,134,137,332,181,326,174,162,145,133,617,99,136,333,219,213,151,507,120,159,416,159,133,170,148,178,150,164,423,117,134,209,255,424,140,162,174,217,181,162,435,437,139,117,162,139,159,187,273,94,293,135,367,166,300,107,84,153,557,165,166,132,186,153,329,111,143,143,228,134,489,157,150,179,106,109,95,195,115,317,236,329,173,207,141,198,166,102,433,110,108,510,164,209,175,154,121,257,166,329,412,297,145,137,321,174,135,146,140,434,151,197,448,168,179,188,248,148,606,232,141,138,234,378,439,119,151,118,275,161,250,132,145,442,456,118,176,121,145,164,446,129,198,110,153,533,149,322,175,157,162,134,167,146,152,293,454,115,136,229,148,309,95,258,190,88,9,20,16,14,5,6,21,8,6,8,11,9,7,7,8,8,23,11,9,33,8,16,11,13,12,6,13,13,7,11,8,7,6,22,5,12,7,8,4,7,6,6,12,8,21,7,7,5,9,9,8,15,8,31,7,11,20,6,7,11,8,10,15,6,17,7,12,5,9,7,5,17,10,6,8,5,15,10,8,9,4,6,6,6,8,13,10,11,8,11,6,6,14,6,8,7,7,11,18,5,29,8,20,15,7,10,8,15,5,7,5,7,5,7,6,11,28,8,16,11,9,10,7,13,8,14,5,23,6,4,12,12,6,11,12,13,16,6,26,9,5,8,11,8,7,8,9,5,10,6,22,8,12,11,10,9,7,6,24,18,10,7,8,13,15,5,6,7,7,4,10,8,17,5,9,8,14,18,9,22,17,9,10,7,6,6,7,10,11,19,6,12,9,5,6,7,3,6,6,7,51,49,47,49,56,44,49,50,50,61,3,3,2,2,3,2,3,3,2,2,407,430,328,332,363,433,416,425,364,380,385,388,423,349,424,383,402,421,334,302,20,22,21,16,19,21,21,23,20,19
GREGOR_T0,BatchA,0,3521,2627,2948,3248,2677,2877,3128,2803,2902,2828,3089,3089,2912,3398,2855,3016,3184,2665,3316,2953,2771,3085,2968,2911,2971,2763,3140,3244,3201,2961,3249,2831,2708,3213,3260,2985,2799,2921,2804,2866,3118,2991,2824,3006,2855,2876,3242,3265,2827,2882,3279,2667,3180,2860,3019,2960,2865,3112,2786,2825,2666,2856,3186,3106,3199,3230,2755,2920,2909,2723,2665,2848,2635,3275,3014,2933,2884,2711,2888,3087,2976,2996,2997,3029,2917,3146,3250,2946,2923,3009,2902,3236,2786,2642,2737,2765,2580,2704,3120,2755,2849,3276,2778,2940,2753,2976,2871,2871,3120,2932,3146,2602,3001,2930,3090,2936,3475,2905,3301,3168,2899,2478,3107,3233,3200,3086,3436,2639,2782,2759,3093,2757,3343,2935,2697,2603,3531,3267,3208,3350,2860,2620,2621,3165,2716,2513,3022,2878,3199,3262,3029,2808,2870,2921,2928,3217,3319,3267,2635,2707,2646,2603,3521,2823,2921,2636,3385,3168,2684,3090,3009,3069,2905,2929,2397,3069,2938,2916,3237,3202,3384,3233,3035,3361,3071,3022,2880,2878,2887,3137,3099,3023,3024,2968,3170,2701,2872,2764,2905,2830,154,182,174,135,96,159,121,110,129,120,214,114,139,163,123,199,146,217,119,129,141,156,138,123,135,161,246,218,122,158,114,125,157,179,118,124,88,124,131,142,129,130,108,115,208,111,121,187,270,106,127,125,222,115,126,204,138,150,136,118,156,128,169,149,166,187,143,177,158,141,142,183,146,219,203,160,128,116,218,151,153,106,199,152,124,135,162,169,129,138,137,147,215,85,123,135,166,133,119,150,245,102,159,145,136,135,182,195,137,204,188,155,214,171,214,154,155,124,153,108,193,157,188,194,218,199,92,131,119,123,227,165,129,107,136,110,142,148,199,176,92,169,147,164,216,109,124,154,100,181,128,160,139,141,206,179,182,156,116,161,149,152,184,120,142,220,144,122,197,184,149,202,213,134,180,273,142,102,179,139,156,199,92,110,106,130,147,162,162,106,97,173,132,140,204,162,161,157,169,139,159,168,183,130,163,137,142,160,90,96,93,85,128,182,114,152,162,172,139,200,140,126,147,108,130,132,157,242,127,190,145,153,115,100,181,150,142,129,128,154,136,162,149,211,162,96,174,152,186,152,179,156,245,216,145,144,217,122,140,138,154,123,120,89,107,119,120,223,214,124,138,135,145,158,176,155,172,104,141,245,178,200,157,146,142,140,124,161,137,190,167,149,122,179,124,171,99,141,96,99,10,8,7,5,4,6,15,8,6,9,5,6,8,7,10,8,10,5,10,10,5,5,10,8,11,8,10,6,7,12,6,7,7,7,4,8,6,10,5,7,4,6,6,8,7,6,7,5,7,9,9,7,7,12,8,7,5,5,5,7,8,9,8,6,12,9,7,9,8,8,4,7,8,5,8,5,13,11,7,9,3,6,8,5,10,11,5,7,8,12,6,8,10,4,6,7,6,10,9,5,9,6,10,6,7,8,8,8,6,8,5,7,6,7,7,6,11,10,7,12,6,8,7,6,9,7,8,13,5,4,12,14,6,5,9,6,7,6,8,10,6,8,13,7,7,6,8,4,7,6,13,6,12,6,8,8,8,7,10,7,4,6,6,5,7,5,5,9,7,5,10,7,7,5,9,8,15,9,9,7,8,9,9,7,6,6,9,12,6,7,8,8,9,4,6,7,5,6,6,7,1,1,1,1,1,1,1,1,1,1,0,0,0,0,0,0,0,0,0,0,2568,2605,1966,2306,2271,2656,2524,2569,2209,2343,2591,2464,2636,2392,2630,2749,2201,2489,2218,2114,21,22,19,17,20,21,22,19,19,19
GOLIC_T0,BatchB,0,2938,5684,3106,3184,3007,2989,4904,3156,5044,6379,3052,6079,4638,3237,7208,2719,3177,3125,3378,2654,3023,2510,3018,7320,3041,3217,5944,3135,2757,2795,3147,3042,3306,2797,3083,3266,2649,8223,2634,3126,6248,3392,2891,3423,2888,5375,3008,3020,3207,2906,4624,6294,2641,2868,8223,2756,2831,3158,6001,8915,2867,2865,3161,6390,2925,3113,2978,2843,3252,2581,2818,4285,2915,2816,2978,2988,5345,5862,3242,6124,3163,2949,2803,6319,2959,3379,3082,4169,3204,6609,5879,2999,2781,3942,2673,5565,6355,2666,3122,6797,2740,4578,2699,2750,2710,2937,2676,3046,7037,2851,3362,3498,3603,2889,3082,5997,2926,2967,2924,3125,2874,6530,3246,6758,3208,2837,3437,4342,2793,2990,7827,6118,3065,3219,2924,5779,2913,3353,3491,3425,10489,3005,4352,3172,2971,3283,2784,3350,3335,2822,2979,6562,7969,2894,3069,3169,5998,2819,2761,2991,2947,3022,3446,2796,4810,2706,3057,2721,8757,6298,3888,3240,2625,2871,2649,2804,2824,3285,2903,7318,3064,7808,3295,3425,3050,3236,3041,2800,6722,6462,3544,7372,3546,4913,4411,2767,8609,2910,2635,8914,173,183,209,143,117,127,128,111,123,133,159,214,142,140,158,184,137,205,220,160,279,146,145,125,169,182,227,188,108,315,244,136,148,176,127,121,208,146,103,493,138,156,107,93,748,98,102,227,274,271,116,184,219,180,217,189,171,254,196,274,271,267,159,125,315,168,387,133,167,110,188,158,165,388,213,161,117,117,153,150,188,108,173,466,239,144,161,324,306,227,157,441,483,116,132,298,153,124,102,315,171,105,200,161,158,128,137,203,222,214,194,221,202,128,180,122,239,136,223,126,154,170,217,158,232,315,290,164,124,179,372,153,116,340,303,108,125,425,199,315,170,156,149,138,555,100,125,406,225,183,149,487,112,155,503,165,146,159,100,130,142,162,499,125,150,175,205,351,159,177,121,179,181,171,492,352,177,149,178,136,156,185,263,135,260,131,315,187,288,121,75,126,502,165,164,139,194,125,456,122,171,131,213,151,607,149,140,159,100,110,127,189,118,311,214,370,174,179,152,190,138,131,470,111,126,485,152,216,204,148,121,237,135,254,440,302,135,107,418,159,154,148,169,388,133,265,537,137,221,137,269,166,496,244,150,135,167,475,400,128,177,127,219,184,249,158,120,459,476,91,131,117,147,153,560,142,180,110,142,591,160,314,148,131,122,138,167,148,132,301,415,149,138,265,160,334,122,281,215,106,12,24,13,11,3,5,22,8,7,8,13,6,7,8,10,9,22,13,11,31,10,13,12,17,14,7,10,11,10,10,7,7,6,21,5,18,6,10,3,5,6,6,13,8,19,7,7,6,8,9,7,16,9,28,7,16,19,6,8,11,7,8,19,6,15,10,14,6,9,7,5,14,8,6,6,5,18,9,10,10,4,7,6,6,10,11,8,12,8,8,6,10,11,4,9,7,6,11,15,6,23,7,19,18,5,10,10,11,6,9,6,9,5,7,6,10,22,8,10,12,6,8,10,12,7,16,6,22,9,4,12,12,7,12,12,19,20,6,24,7,5,8,13,9,6,6,7,5,9,7,23,6,12,11,8,8,5,7,28,18,9,7,8,12,13,4,5,8,7,4,9,8,15,6,9,8,12,20,9,14,12,6,10,7,6,6,11,11,10,21,7,11,8,4,8,5,3,6,6,8,29,26,28,29,28,26,24,28,30,30,37,37,31,34,33,33,31,40,32,34,17,16,13,12,13,18,15,16,14,15,16,15,16,16,16,16,16,16,13,14,21,22,17,17,19,23,25,19,20,20
SKELL_T0,BatchB,0,2943,5935,3103,3138,2568,2621,4740,3104,5226,5637,3382,6283,5240,3360,6920,3033,3291,2659,2878,2995,2882,2774,3345,8274,3304,3042,5629,3349,3302,3167,3477,2879,2804,2962,2957,3043,3006,7697,2757,2982,7462,2885,2999,3103,2877,6172,2970,2763,3013,2999,4274,6240,2900,2860,7410,2732,2925,3267,5700,9707,2859,3005,2818,6526,3048,3150,2808,3254,3333,3063,2837,4098,2856,2977,2819,3259,5390,6477,3372,6437,2815,3199,2921,6145,2807,2794,2822,4322,3128,6117,6395,3016,2899,4265,2981,6016,6486,2871,3242,7865,3225,4935,2822,3366,2858,2971,3072,3056,7009,2598,3008,3126,3762,2896,3190,5197,3250,2843,3412,2796,2863,6184,3220,5986,3322,2875,3257,4557,2782,2621,7063,6331,3000,2990,2751,5646,3181,3134,3374,3490,10390,2748,4960,2960,2974,3056,3143,2978,3540,2986,3407,6407,8508,2922,3223,3104,6604,2924,3167,2752,2955,3453,3791,2768,5304,2813,3111,3073,9301,6479,4087,2967,3248,2987,2955,3225,3236,2937,2941,7960,3196,7371,3082,3220,3379,3188,3325,2790,6491,5603,3368,8403,3088,4727,4374,2951,8775,2822,3106,8787,173,203,278,185,98,143,110,111,126,156,173,195,134,123,122,178,139,208,231,132,316,134,138,112,166,144,255,212,132,308,232,131,160,205,120,142,233,124,114,478,122,125,118,108,707,115,117,200,260,267,147,158,246,198,203,174,150,238,220,284,246,292,131,121,331,176,432,161,177,148,213,147,138,371,201,171,122,108,164,150,218,97,152,531,245,123,161,314,286,280,125,406,456,114,117,289,174,126,110,277,245,115,142,137,182,148,143,181,190,215,205,201,238,176,154,140,230,122,173,129,180,129,187,180,233,405,285,118,87,250,310,144,128,260,366,110,124,413,206,444,162,169,150,152,513,94,136,364,195,217,147,486,133,170,382,162,153,187,124,158,137,153,553,126,128,214,257,343,136,179,147,237,182,187,432,334,126,152,185,145,123,189,272,120,229,124,377,148,263,109,100,172,474,144,195,129,164,151,369,98,152,143,190,133,578,150,138,175,96,118,121,158,136,278,205,345,166,197,159,196,149,146,504,132,117,469,162,223,159,174,113,280,138,317,467,359,142,146,381,158,129,148,148,363,148,243,527,144,192,141,295,154,455,197,178,149,186,490,408,147,156,112,228,159,250,123,148,434,377,120,152,148,121,152,394,146,204,117,148,586,135,307,149,163,165,164,141,177,112,316,443,176,143,245,146,289,95,284,237,118,10,26,15,11,3,8,20,9,7,9,10,6,8,6,9,8,20,11,8,27,8,11,12,14,17,8,10,12,8,10,7,6,7,18,4,15,7,11,4,7,5,5,13,8,23,6,9,5,9,10,8,12,8,29,7,11,22,7,9,10,7,8,19,5,18,7,17,6,7,9,5,14,8,5,8,6,16,9,8,9,4,5,9,6,8,11,9,10,9,12,6,10,13,5,8,5,7,9,15,5,22,8,17,20,5,7,8,12,4,11,5,7,5,9,7,10,22,9,13,11,5,7,9,14,8,15,7,21,5,4,11,15,7,11,11,16,19,6,22,9,4,9,11,7,8,8,8,5,8,6,24,7,13,10,9,9,8,8,24,27,10,8,8,12,12,5,5,10,7,4,9,9,18,6,7,7,13,19,9,17,17,9,9,7,5,6,10,13,10,22,8,12,10,5,5,7,5,7,6,7,5,4,4,4,5,4,4,5,4,5,0,0,0,0,0,0,0,0,0,0,7270,7830,6045,6152,6629,7529,7757,8353,6219,6765,6867,7060,7445,7027,7368,7738,8152,8150,6946,6129,21,22,18,17,22,21,24,21,19,19
PEREZ_T0,BatchA,0,2824,2932,3042,2888,2760,2644,3030,3283,2981,2863,3133,3232,3238,3156,3197,2762,3344,2728,2775,3145,3179,2632,3289,2632,2978,2859,3295,3257,2926,3318,3229,3267,2917,2974,3275,2983,2970,2999,2834,3306,2773,3306,3008,2983,3005,3303,3050,2802,3168,3305,2951,2891,2606,2916,3185,2941,2762,3104,2784,3230,2677,2880,2814,2837,3004,3422,2858,3059,3097,2974,3047,2840,2734,2995,2823,3021,2791,2977,3387,3101,2958,2904,2926,2698,2908,3312,2725,2900,3139,2973,3119,3192,3157,3096,2559,2827,2726,2736,3014,2951,3009,3272,2817,2969,2972,2998,2864,2977,3147,2635,3420,3075,2826,2820,3370,3126,2866,3422,3218,2845,3056,3086,3324,3131,3204,2800,3237,2622,2837,2686,3629,2965,2866,3006,2773,3034,2926,3415,3294,3869,2929,2622,2550,3042,2991,2862,3190,3148,3263,2881,3149,2922,2619,2790,2841,3190,2962,2886,2750,2630,2887,2660,2923,2969,2978,3075,3262,2965,2760,2823,2902,3331,3142,2730,3125,2881,2966,3208,2870,3155,3236,3053,2863,3178,3428,3282,3011,2664,2585,3437,3112,2773,3309,3521,2902,2427,3103,2809,2674,2966,168,205,145,169,100,161,120,104,116,117,170,104,141,122,180,211,148,191,136,116,165,184,149,125,121,156,258,196,135,152,114,127,157,209,135,142,100,144,118,119,122,161,114,103,213,132,124,250,307,128,137,153,192,133,138,167,139,144,149,131,154,121,166,140,168,173,161,159,152,140,126,178,154,245,190,176,174,126,188,158,136,114,191,155,124,148,166,149,164,156,144,160,212,94,146,150,191,147,104,155,221,130,175,142,111,95,135,197,180,216,231,178,235,191,198,155,179,123,176,114,163,147,170,183,195,158,141,135,115,144,193,179,149,105,156,121,128,164,183,167,102,168,158,162,230,102,160,156,122,173,136,216,136,166,227,165,143,148,142,153,109,162,169,121,148,202,148,121,151,193,148,186,160,168,187,231,158,96,178,138,154,192,111,115,103,107,175,154,151,110,89,122,143,155,177,170,195,148,154,152,141,155,162,139,170,146,132,187,115,115,97,107,143,177,143,161,180,208,131,201,168,120,140,107,126,155,193,224,122,166,137,166,138,112,152,123,139,109,112,178,133,134,169,188,134,93,190,138,177,149,167,139,227,227,140,138,173,115,144,145,148,140,109,117,110,134,161,227,211,109,153,120,136,145,148,150,155,133,138,241,182,168,142,152,154,132,124,154,126,154,177,155,134,168,137,196,107,145,89,110,10,11,6,5,3,7,12,10,6,8,5,7,8,7,11,7,9,6,8,14,6,6,9,7,11,6,9,7,8,13,7,6,8,8,5,7,8,7,4,5,6,7,7,8,7,7,9,6,9,9,8,8,7,12,8,8,5,5,5,5,9,9,7,6,9,9,7,8,9,7,7,7,7,6,7,5,11,11,8,8,4,5,7,6,9,10,6,6,9,11,5,9,11,5,5,6,6,9,7,4,8,7,9,6,6,10,9,9,4,7,6,10,6,8,5,5,8,7,6,8,7,7,8,6,9,7,7,11,7,4,11,14,7,4,8,7,8,6,10,9,4,9,14,6,7,8,9,5,9,6,12,7,12,6,7,8,7,7,10,8,5,8,6,7,7,6,5,9,6,4,9,8,7,5,10,6,12,9,9,8,10,9,11,6,6,6,8,11,6,8,9,7,9,5,5,6,3,6,6,7,0,0,0,0,0,0,0,0,0,0,0,0,0,0,0,0,0,0,0,0,4366,5275,3648,3915,4121,5124,4399,5266,4306,4397,4864,4261,4739,4333,4871,4744,5103,4618,4044,3567,22,20,19,18,20,22,23,19,20,20
BISHOP_T0,BatchB,0,2957,6172,3330,2830,2560,3011,5063,3029,4838,6042,2845,5954,5279,3187,7279,2930,3030,2920,3250,3143,2947,2908,2988,7412,3308,2601,5865,3090,3311,3184,3306,2605,2633,3147,2953,2973,2869,7336,3149,2844,6291,3190,2799,3161,2968,6120,2977,2997,2844,3141,4494,7135,2426,2820,8298,2750,2651,3505,6304,9499,3015,2794,2765,5536,3364,3544,3205,2924,2667,3130,2455,4650,2839,2869,2849,3269,5489,6455,3257,6049,2577,2748,3166,7013,2786,3122,2935,4003,3111,5985,6297,2904,2935,4259,3053,5991,6388,2594,2965,7746,3006,4839,2674,3313,3171,2951,2502,2889,7053,2791,3216,3044,3183,2806,3167,5112,3058,3440,3607,2783,3105,6427,2914,6149,2955,2954,3296,4555,2643,2878,6876,5694,2979,2851,2717,5827,3216,3081,3453,3004,10301,3179,4248,3018,2811,3134,2989,2810,3274,3087,2817,5552,7780,2548,2927,3093,5885,3010,2994,3083,3162,2778,3085,3393,5362,2650,3271,2877,10089,6180,4021,2895,3005,3007,2560,2618,3176,3047,3280,6453,2956,6849,3119,3064,2868,2968,3118,2918,5991,6063,3526,8121,3374,5011,4167,2510,9106,2770,2932,8238,151,214,217,167,108,149,124,122,126,136,192,218,143,144,134,174,159,195,245,116,280,188,164,131,133,167,225,229,124,282,241,138,175,171,124,140,257,163,121,394,134,138,108,111,731,120,127,231,275,288,164,159,217,205,208,157,195,224,205,308,294,302,169,163,350,172,317,151,146,151,194,145,143,324,229,154,120,102,177,159,205,99,193,441,233,141,149,305,240,273,159,407,585,127,149,329,154,146,113,372,231,113,166,147,132,90,131,157,230,200,193,235,221,165,156,147,250,136,190,127,186,128,172,189,207,306,241,130,100,198,269,178,135,344,256,99,150,367,210,335,178,140,171,165,482,97,145,416,201,211,174,501,127,212,482,158,149,211,125,154,159,168,512,111,135,217,278,350,157,182,113,201,215,171,532,414,162,131,186,134,150,213,251,103,245,109,335,166,242,118,97,149,421,201,163,190,202,167,379,139,126,165,224,121,524,131,134,189,106,126,115,221,115,281,184,356,179,214,158,193,143,143,339,98,117,509,157,217,186,173,120,299,144,310,432,280,149,101,339,163,150,161,172,378,143,192,510,154,199,143,235,158,509,237,172,145,181,450,354,156,169,132,252,159,245,137,129,457,427,112,182,130,118,167,480,141,173,113,146,578,146,280,137,168,183,145,181,151,117,277,467,146,131,223,130,337,98,283,229,117,10,25,15,13,3,7,21,9,6,9,14,6,7,6,8,7,20,12,9,33,8,12,10,17,12,5,11,13,8,9,8,5,7,25,4,20,7,10,4,5,5,6,13,7,18,7,7,6,10,9,8,12,6,28,8,12,20,7,7,12,7,6,17,6,16,10,14,7,9,7,4,17,7,6,9,5,14,10,7,7,3,5,7,6,9,11,8,11,8,11,6,8,12,5,10,6,5,8,21,5,20,5,18,23,7,9,9,10,4,8,6,8,5,11,6,16,24,9,14,12,7,8,8,13,9,15,6,24,5,3,13,17,6,11,11,15,21,5,23,8,5,8,13,9,6,7,9,4,7,7,30,7,13,11,10,8,7,8,27,21,10,8,6,13,15,5,5,9,6,5,11,8,22,6,9,8,14,15,9,20,13,9,11,7,7,6,9,9,10,22,8,12,10,5,7,6,4,5,5,7,20,16,17,18,18,16,18,18,16,18,0,0,0,0,0,0,0,0,0,0,1101,1199,985,987,1004,1281,1223,1101,968,1110,1127,1071,1062,1054,1088,1119,1191,1132,998,991,21,21,19,18,19,22,23,19,19,19
DILLON_T0,BatchB,0,3103,6422,3318,3291,2571,2618,5242,3057,4630,6867,3540,6091,5682,3523,5939,2784,2806,3013,3086,3184,2856,2779,2933,7190,2838,2988,5979,2994,2864,3429,2991,3127,3445,2856,2848,3250,2891,8005,2760,3015,6588,2971,2794,3187,3110,6074,2957,3065,3118,2929,4366,6043,2891,2559,8688,2976,2925,3282,5771,9228,2868,2788,2859,6212,3053,3136,2760,2927,3144,2872,2786,3806,2705,3417,3110,3437,5231,6687,3066,6838,3067,3002,2765,5956,2753,3157,2920,4758,2971,5768,5669,2699,2792,4353,2966,5870,6648,2780,2843,7648,3133,5587,3231,3076,3191,2803,2818,2925,7302,2858,3486,3303,3462,2848,2692,5322,3036,3087,3302,2682,2723,6188,3210,5892,3199,2890,3293,4441,3160,2957,7491,5741,3211,3018,2350,5885,2803,2851,3286,3472,11268,3043,4630,2765,2742,2981,2696,3060,2899,3154,3111,6238,9062,2998,3022,3199,5975,3390,3038,2684,2665,2988,3135,2983,5252,3095,2758,3063,9140,6301,3886,3165,3005,2885,2806,2926,3366,3001,3130,7680,3193,6913,3224,2987,2924,3221,3162,2785,5769,5818,3317,8535,3572,5191,4222,2896,7765,2970,3104,9043,141,182,232,161,87,132,145,93,128,144,175,238,147,132,131,182,167,161,280,111,292,164,147,145,158,159,260,177,134,290,216,127,143,185,127,126,205,153,129,359,111,139,105,119,679,93,132,225,241,248,110,152,162,182,215,160,165,203,213,257,274,320,113,135,296,202,406,150,145,160,210,139,153,361,246,160,133,100,193,201,206,98,158,479,235,160,172,321,285,238,141,382,541,115,153,341,157,125,117,309,187,108,156,140,136,130,128,204,237,188,191,214,220,157,201,139,250,121,209,101,182,141,171,196,224,258,273,155,109,203,283,145,158,326,245,113,118,426,176,469,171,190,171,151,541,86,129,386,216,215,165,493,141,187,569,159,171,219,130,172,145,181,462,99,159,196,202,346,154,166,146,224,192,149,447,316,150,124,199,114,179,197,264,107,235,146,382,171,288,108,103,161,522,238,193,169,164,168,364,183,123,150,228,110,498,136,151,177,101,100,94,190,109,312,228,333,207,195,125,192,156,128,448,121,110,554,143,243,207,189,103,247,147,268,497,260,148,124,361,164,142,149,170,424,115,215,480,138,186,172,235,165,538,227,153,154,240,511,353,152,159,131,240,160,234,181,133,431,451,133,161,146,152,148,420,162,203,118,125,549,153,306,124,160,138,159,163,174,121,271,489,157,171,246,160,293,108,308,244,87,11,27,15,13,3,7,18,9,6,9,13,7,9,8,8,9,24,10,10,30,8,11,9,12,16,6,13,14,9,12,6,7,7,20,4,18,6,9,5,5,4,6,12,8,18,6,7,5,7,11,8,17,9,22,9,11,18,5,7,11,7,7,19,7,15,8,15,6,9,8,4,16,8,6,6,6,16,13,7,9,3,6,5,5,10,12,11,11,7,14,6,9,11,5,9,7,8,9,19,5,20,7,20,24,8,7,8,11,5,9,5,7,5,10,5,12,23,7,13,9,8,8,9,15,8,15,7,27,6,5,12,15,7,10,11,14,17,5,24,9,5,10,13,8,6,7,9,5,9,7,22,7,12,11,8,9,6,7,28,20,12,8,7,12,15,4,4,9,6,5,12,9,16,6,11,11,13,22,8,20,16,10,10,7,6,6,9,10,11,23,7,10,8,4,6,7,4,6,6,7,1,1,1,1,1,1,1,1,1,1,1,1,1,1,1,1,1,1,1,1,24,27,20,20,22,24,21,27,20,22,25,25,25,23,26,24,25,25,22,20,23,21,18,16,21,21,25,20,21,18
DRAKE_T0,BatchB,0,3172,6391,2818,3084,2893,2592,5190,2965,4567,6163,3146,6097,4956,3548,6433,2709,2972,3152,3033,2600,2995,3013,3051,7663,3142,2950,6696,2943,3178,2823,3350,2960,3013,2879,3092,3114,2739,7519,3161,3327,6512,3075,2647,2961,2960,5970,3157,2865,3169,2876,4413,6212,3079,3071,7657,2995,2963,3089,5647,8907,2552,2977,3189,6171,3054,3099,2916,2923,3168,2971,2845,4164,2654,3306,3167,3003,4826,5941,2981,6153,2814,3094,2908,5672,2635,2968,2779,5083,3274,6197,6406,3082,2752,4151,2989,6071,7184,2578,3245,7932,2859,4639,3207,3126,2973,2675,3052,3181,6900,2597,3259,3113,3821,2850,2764,5423,3110,2853,3242,2752,2860,5940,3229,6621,3197,2781,3265,4287,2690,2892,7681,5644,3348,2852,2727,6059,3133,2968,3364,3371,9560,3003,4164,2944,2964,2914,3087,2981,3190,2996,2721,7002,8487,3080,3064,3060,5789,3284,2670,3550,2625,3100,3028,2842,4948,2690,3389,3067,9744,7345,4259,2896,2823,3020,2816,3071,3255,2819,3005,6337,3046,6917,3000,3241,3245,2879,3148,2833,6292,5976,3036,9157,3553,5177,3991,2993,7979,3196,2961,8172,155,209,226,179,87,146,124,142,134,145,180,247,160,141,150,213,157,182,265,157,296,128,154,115,147,152,260,213,142,325,219,125,155,201,143,121,200,143,92,384,105,158,108,113,764,112,118,241,224,279,139,172,186,199,272,164,166,214,244,320,223,283,142,155,343,216,340,137,130,145,188,178,140,334,212,147,115,124,196,153,211,113,161,437,210,133,147,331,270,322,151,399,501,110,116,349,193,145,88,327,195,114,203,149,165,120,133,162,214,227,191,245,207,151,156,137,261,132,185,112,175,140,187,175,242,284,230,147,97,204,371,158,143,270,264,132,119,485,166,381,202,152,150,177,563,99,157,349,188,218,136,559,136,143,461,196,163,211,108,122,137,162,435,120,131,226,228,313,160,228,142,206,185,197,500,438,118,122,190,128,135,233,265,114,252,108,322,157,237,105,93,160,513,150,129,148,195,167,409,154,139,127,179,123,564,151,142,198,107,115,115,180,136,305,196,299,173,227,158,206,129,113,465,98,126,614,221,211,206,165,126,237,141,292,416,287,131,116,381,160,146,158,165,396,158,231,463,128,180,175,243,182,467,276,167,157,197,438,405,152,184,111,259,180,232,126,123,491,463,123,185,166,125,140,393,161,187,115,149,510,125,316,152,194,159,176,157,158,128,334,492,194,149,285,129,316,90,319,234,113,11,24,16,14,4,6,23,8,5,8,13,7,8,7,11,10,26,9,8,32,10,15,10,13,13,6,10,12,8,10,7,5,8,18,5,14,8,9,3,7,4,5,12,8,17,8,8,6,9,8,9,15,9,25,8,12,20,7,8,12,8,8,17,7,13,10,13,6,9,8,5,16,8,5,6,5,17,11,6,8,4,6,6,5,9,13,9,11,9,10,5,8,10,4,10,6,6,10,17,4,20,8,16,17,6,8,9,11,4,8,5,9,5,7,5,12,24,9,12,9,8,9,9,12,7,16,7,21,7,4,9,13,8,9,12,18,21,6,24,8,4,8,13,9,7,8,9,4,8,7,26,8,12,9,7,9,6,6,28,20,9,8,8,11,16,5,4,9,8,5,10,8,16,6,11,10,12,18,9,14,14,8,12,7,7,7,9,12,10,24,9,11,10,4,7,6,4,5,6,7,3,3,3,3,3,3,3,3,3,3,1,1,1,1,1,0,0,1,1,0,116,123,98,110,102,129,113,116,109,108,115,130,122,104,117,103,118,123,102,98,21,23,19,19,20,22,21,20,19,19
RIPLEY_T0,BatchB,0,3065,5532,3041,3056,2421,2779,5122,3076,4724,6096,2886,5753,5183,3169,6575,2629,3112,2933,3494,2926,2778,2693,3533,8040,3056,3285,6471,3023,3164,3331,3331,2865,2661,2863,3252,2947,2608,7549,2730,3061,6872,3377,3010,3046,2644,5891,3540,3208,3265,2916,4454,6182,3000,2671,8360,2795,3026,3221,6573,9415,2738,2752,2926,6572,3070,3099,3033,2828,3235,3226,2823,4245,2725,2709,2686,2791,5734,7647,3046,6601,2889,2606,2986,6169,2910,3066,3099,4204,3047,5565,6342,2766,2692,4477,2919,5884,6461,2924,3268,7309,2922,5133,2657,3028,2860,3175,2681,2909,7578,2817,3019,3334,3876,3333,3243,5919,3278,3122,2956,3063,2905,6227,3162,6378,3113,3314,3117,4274,3033,2965,7614,5776,2912,2859,2688,5604,2739,3296,3328,3342,10214,3005,4003,3204,2893,2667,2494,2944,3291,3162,3082,6769,8485,2950,2938,3358,5754,2849,2788,2805,2975,2785,3339,2922,5173,2720,2887,2858,9337,6546,4087,2510,2832,2629,2626,2962,3625,3121,3065,7511,2926,7126,2681,3293,2910,3379,2798,2830,6449,5429,3115,8602,3598,5611,4096,2806,8223,2861,2843,8469,167,213,192,168,97,149,130,104,140,140,210,220,173,127,129,151,166,180,253,128,305,156,162,126,141,171,219,219,125,332,212,124,173,195,156,147,243,163,151,448,148,137,94,112,802,125,104,182,264,265,128,156,219,199,253,172,155,266,218,282,242,285,150,119,361,207,457,191,159,137,249,136,131,317,213,167,128,111,194,141,199,105,211,520,219,127,149,334,271,293,137,439,512,108,149,254,133,171,97,394,267,118,180,144,160,112,144,192,174,202,144,231,199,150,186,137,251,134,178,136,163,153,168,159,252,305,262,143,126,203,359,165,139,305,312,140,178,413,195,268,147,176,129,154,584,110,138,464,233,191,168,419,127,178,515,166,157,197,129,131,143,150,479,113,143,204,229,405,142,203,161,192,188,195,440,327,177,158,241,142,162,202,225,133,260,128,333,195,270,102,100,138,442,172,167,193,166,179,370,115,145,173,222,127,517,133,139,174,100,139,113,169,129,300,193,369,168,192,162,223,144,132,490,97,128,534,171,192,186,193,96,272,147,247,466,300,152,103,371,180,156,150,175,319,127,250,518,124,186,151,243,150,541,231,146,163,182,491,340,148,160,128,226,173,222,146,136,385,431,123,162,106,149,199,382,129,155,121,164,579,138,355,132,177,153,130,162,174,120,284,435,172,143,264,132,288,100,362,172,106,9,24,16,12,3,8,22,8,6,8,14,7,7,6,10,8,19,11,11,32,8,18,11,16,15,6,9,12,10,10,8,6,6,22,6,16,7,10,5,6,5,7,13,7,18,8,8,5,9,8,9,15,8,38,8,13,18,6,7,11,7,7,15,6,15,9,15,6,7,7,5,18,8,7,7,5,16,11,7,7,3,6,7,6,11,13,10,11,10,12,5,8,11,5,9,7,5,8,21,5,22,7,19,18,6,10,8,10,4,10,5,8,4,8,8,12,25,7,16,11,7,9,7,14,6,14,7,23,6,4,10,17,7,12,14,16,21,5,26,8,5,12,13,8,7,8,8,5,9,7,27,6,13,11,8,8,5,9,33,21,9,8,7,12,14,4,5,9,7,4,9,10,18,5,11,8,15,22,7,18,13,9,9,5,8,6,8,9,10,20,9,14,9,4,6,6,4,5,6,7,0,0,0,0,0,0,0,0,0,0,0,0,0,0,0,0,0,0,0,0,112,128,102,95,126,137,119,130,113,109,113,112,131,123,120,116,122,134,113,100,21,22,19,17,19,21,22,21,19,18
SPUNKMEYER_T0,BatchB,0,2831,5855,3018,3163,2540,2562,5643,3058,5680,5791,2941,5982,5730,3034,6451,3224,2861,2871,3070,2766,3019,3132,3295,8451,2864,2903,5732,3156,3131,3087,3438,3230,2953,2950,2968,3162,3056,7351,3071,2939,6265,2995,2998,3343,2822,6318,3049,3092,3030,2893,4456,6667,2834,2841,8405,3059,3225,3128,6279,8463,2946,2870,3211,6956,3150,3007,3190,2889,2962,2888,2759,4462,2921,2880,2946,3179,5286,6237,3099,6204,2911,3106,2733,5509,2505,2779,3107,4352,3459,6100,5761,2803,2773,3895,2673,5767,6569,2959,3251,7422,2835,5032,2799,3102,3254,2801,2937,2784,7044,2767,3071,3088,3668,3165,2864,6510,3140,3314,3199,2852,2761,6011,2898,6231,3312,3096,3131,4378,2919,2672,7931,6055,3289,2650,2867,6514,3288,2779,3283,3720,10443,2847,5112,2988,2750,2793,2706,2921,2921,2733,2843,5707,8800,2821,2795,3272,5983,3007,2774,2366,2793,2923,3438,2580,5372,3047,3176,3196,10370,6503,3966,3106,2824,2899,2764,2940,3133,3052,2925,7587,3348,6645,3056,3028,3018,3183,3033,2784,5920,6090,3215,7765,3498,5055,4299,2657,7493,2878,2789,9039,145,200,280,155,93,122,118,111,126,136,149,219,188,127,162,154,159,178,270,148,266,176,168,130,164,173,239,232,126,314,191,131,160,177,133,124,230,155,113,397,105,139,112,129,761,118,102,150,315,238,124,139,231,184,230,163,181,205,242,289,333,265,168,184,289,213,383,163,156,144,193,145,161,363,194,143,118,132,182,167,207,109,171,482,252,148,149,365,305,296,149,362,473,116,137,298,154,143,102,351,236,136,167,122,155,132,154,185,213,228,205,203,242,148,209,146,220,145,186,103,186,138,213,156,183,305,317,133,106,214,358,172,120,325,257,127,137,472,187,386,171,171,140,177,531,84,129,329,190,199,156,552,114,215,516,149,152,239,110,150,119,155,495,117,145,194,240,427,148,174,145,175,198,168,474,412,135,133,210,154,152,188,216,115,257,158,288,125,264,118,92,165,416,140,167,146,191,163,401,107,141,178,233,141,723,144,147,200,96,107,118,194,121,307,283,315,182,202,121,194,151,102,570,110,153,510,189,217,154,182,141,264,138,296,451,275,139,131,352,166,144,192,179,394,150,267,446,163,163,147,232,169,468,206,139,159,167,626,350,130,157,142,247,179,206,160,142,507,387,127,143,131,127,175,366,127,174,121,195,559,155,326,118,160,140,142,158,182,121,245,511,166,136,287,166,294,113,327,240,105,10,24,15,13,3,8,19,7,7,10,11,7,7,6,8,9,24,11,8,33,8,13,12,19,12,7,9,13,7,12,8,5,7,22,5,13,7,11,4,6,4,5,15,8,18,6,8,6,8,10,8,15,9,30,6,11,21,5,7,10,7,7,22,6,14,10,16,6,8,7,6,12,10,6,7,4,18,9,7,7,5,7,6,6,11,11,9,11,8,12,6,7,12,5,10,7,8,8,22,5,21,5,17,16,6,9,9,11,5,11,6,7,5,8,7,13,22,9,14,11,7,7,6,17,8,18,7,21,5,4,11,14,6,13,17,15,17,6,20,7,5,9,12,9,8,8,9,6,8,7,22,6,11,10,9,6,6,8,29,21,11,6,8,13,13,5,5,10,6,4,10,9,18,5,10,9,10,21,9,21,15,8,12,7,7,7,7,10,12,20,8,11,11,5,5,7,4,6,5,8,9,8,7,7,8,7,7,8,7,8,10,10,9,10,9,9,8,10,10,8,17,18,15,14,15,19,17,18,15,15,17,15,16,15,16,15,18,17,15,13,23,22,19,17,20,21,24,20,19,20
