sample_id,batch,timepoint,HK_001,HK_002,HK_003,HK_004,HK_005,HK_006,HK_007,HK_008,HK_009,HK_010,HK_011,HK_012,HK_013,HK_014,HK_015,HK_016,HK_017,HK_018,HK_019,HK_020,HK_021,HK_022,HK_023,HK_024,HK_025,HK_026,HK_027,HK_028,HK_029,HK_030,HK_031,HK_032,HK_033,HK_034,HK_035,HK_036,HK_037,HK_038,HK_039,HK_040,HK_041,HK_042,HK_043,HK_044,HK_045,HK_046,HK_047,HK_048,HK_049,HK_050,HK_051,HK_052,HK_053,HK_054,HK_055,HK_056,HK_057,HK_058,HK_059,HK_060,HK_061,HK_062,HK_063,HK_064,HK_065,HK_066,HK_067,HK_068,HK_069,HK_070,HK_071,HK_072,HK_073,HK_074,HK_075,HK_076,HK_077,HK_078,HK_079,HK_080,HK_081,HK_082,HK_083,HK_084,HK_085,HK_086,HK_087,HK_088,HK_089,HK_090,HK_091,HK_092,HK_093,HK_094,HK_095,HK_096,HK_097,HK_098,HK_099,HK_100,HK_101,HK_102,HK_103,HK_104,HK_105,HK_106,HK_107,HK_108,HK_109,HK_110,HK_111,HK_112,HK_113,HK_114,HK_115,HK_116,HK_117,HK_118,HK_119,HK_120,HK_121,HK_122,HK_123,HK_124,HK_125,HK_126,HK_127,HK_128,HK_129,HK_130,HK_131,HK_132,HK_133,HK_134,HK_135,HK_136,HK_137,HK_138,HK_139,HK_140,HK_141,HK_142,HK_143,HK_144,HK_145,HK_146,HK_147,HK_148,HK_149,HK_150,HK_151,HK_152,HK_153,HK_154,HK_155,HK_156,HK_157,HK_158,HK_159,HK_160,HK_161,HK_162,HK_163,HK_164,HK_165,HK_166,HK_167,HK_168,HK_169,HK_170,HK_171,HK_172,HK_173,HK_174,HK_175,HK_176,HK_177,HK_178,HK_179,HK_180,HK_181,HK_182,HK_183,HK_184,HK_185,HK_186,HK_187,HK_188,HK_189,HK_190,HK_191,HK_192,HK_193,HK_194,HK_195,HK_196,HK_197,HK_198,HK_199,HK_200,IMM_001,IMM_002,IMM_003,IMM_004,IMM_005,IMM_006,IMM_007,IMM_008,IMM_009,IMM_010,IMM_011,IMM_012,IMM_013,IMM_014,IMM_015,IMM_016,IMM_017,IMM_018,IMM_019,IMM_020,IMM_021,IMM_022,IMM_023,IMM_024,IMM_025,IMM_026,IMM_027,IMM_028,IMM_029,IMM_030,IMM_031,IMM_032,IMM_033,IMM_034,IMM_035,IMM_036,IMM_037,IMM_038,IMM_039,IMM_040,IMM_041,IMM_042,IMM_043,IMM_044,IMM_045,IMM_046,IMM_047,IMM_048,IMM_049,IMM_050,IMM_051,IMM_052,IMM_053,IMM_054,IMM_055,IMM_056,IMM_057,IMM_058,IMM_059,IMM_060,IMM_061,IMM_062,IMM_063,IMM_064,IMM_065,IMM_066,IMM_067,IMM_068,IMM_069,IMM_070,IMM_071,IMM_072,IMM_073,IMM_074,IMM_075,IMM_076,IMM_077,IMM_078,IMM_079,IMM_080,IMM_081,IMM_082,IMM_083,IMM_084,IMM_085,IMM_086,IMM_087,IMM_088,IMM_089,IMM_090,IMM_091,IMM_092,IMM_093,IMM_094,IMM_095,IMM_096,IMM_097,IMM_098,IMM_099,IMM_100,IMM_101,IMM_102,IMM_103,IMM_104,IMM_105,IMM_106,IMM_107,IMM_108,IMM_109,IMM_110,IMM_111,IMM_112,IMM_113,IMM_114,IMM_115,IMM_116,IMM_117,IMM_118,IMM_119,IMM_120,IMM_121,IMM_122,IMM_123,IMM_124,IMM_125,IMM_126,IMM_127,IMM_128,IMM_129,IMM_130,IMM_131,IMM_132,IMM_133,IMM_134,IMM_135,IMM_136,IMM_137,IMM_138,IMM_139,IMM_140,IMM_141,IMM_142,IMM_143,IMM_144,IMM_145,IMM_146,IMM_147,IMM_148,IMM_149,IMM_150,IMM_151,IMM_152,IMM_153,IMM_154,IMM_155,IMM_156,IMM_157,IMM_158,IMM_159,IMM_160,IMM_161,IMM_162,IMM_163,IMM_164,IMM_165,IMM_166,IMM_167,IMM_168,IMM_169,IMM_170,IMM_171,IMM_172,IMM_173,IMM_174,IMM_175,IMM_176,IMM_177,IMM_178,IMM_179,IMM_180,IMM_181,IMM_182,IMM_183,IMM_184,IMM_185,IMM_186,IMM_187,IMM_188,IMM_189,IMM_190,IMM_191,IMM_192,IMM_193,IMM_194,IMM_195,IMM_196,IMM_197,IMM_198,IMM_199,IMM_200,IMM_201,IMM_202,IMM_203,IMM_204,IMM_205,IMM_206,IMM_207,IMM_208,IMM_209,IMM_210,IMM_211,IMM_212,IMM_213,IMM_214,IMM_215,IMM_216,IMM_217,IMM_218,IMM_219,IMM_220,IMM_221,IMM_222,IMM_223,IMM_224,IMM_225,IMM_226,IMM_227,IMM_228,IMM_229,IMM_230,IMM_231,IMM_232,IMM_233,IMM_234,IMM_235,IMM_236,IMM_237,IMM_238,IMM_239,IMM_240,IMM_241,IMM_242,IMM_243,IMM_244,IMM_245,IMM_246,IMM_247,IMM_248,IMM_249,IMM_250,IMM_251,IMM_252,IMM_253,IMM_254,IMM_255,IMM_256,IMM_257,IMM_258,IMM_259,IMM_260,IMM_261,IMM_262,IMM_263,IMM_264,IMM_265,IMM_266,IMM_267,IMM_268,IMM_269,IMM_270,IMM_271,IMM_272,IMM_273,IMM_274,IMM_275,IMM_276,IMM_277,IMM_278,IMM_279,IMM_280,IMM_281,IMM_282,IMM_283,IMM_284,IMM_285,IMM_286,IMM_287,IMM_288,IMM_289,IMM_290,IMM_291,IMM_292,IMM_293,IMM_294,IMM_295,IMM_296,IMM_297,IMM_298,IMM_299,IMM_300,LOW_001,LOW_002,LOW_003,LOW_004,LOW_005,LOW_006,LOW_007,LOW_008,LOW_009,LOW_010,LOW_011,LOW_012,LOW_013,LOW_014,LOW_015,LOW_016,LOW_017,LOW_018,LOW_019,LOW_020,LOW_021,LOW_022,LOW_023,LOW_024,LOW_025,LOW_026,LOW_027,LOW_028,LOW_029,LOW_030,LOW_031,LOW_032,LOW_033,LOW_034,LOW_035,LOW_036,LOW_037,LOW_038,LOW_039,LOW_040,LOW_041,LOW_042,LOW_043,LOW_044,LOW_045,LOW_046,LOW_047,LOW_048,LOW_049,LOW_050,LOW_051,LOW_052,LOW_053,LOW_054,LOW_055,LOW_056,LOW_057,LOW_058,LOW_059,LOW_060,LOW_061,LOW_062,LOW_063,LOW_064,LOW_065,LOW_066,LOW_067,LOW_068,LOW_069,LOW_070,LOW_071,LOW_072,LOW_073,LOW_074,LOW_075,LOW_076,LOW_077,LOW_078,LOW_079,LOW_080,LOW_081,LOW_082,LOW_083,LOW_084,LOW_085,LOW_086,LOW_087,LOW_088,LOW_089,LOW_090,LOW_091,LOW_092,LOW_093,LOW_094,LOW_095,LOW_096,LOW_097,LOW_098,LOW_099,LOW_100,LOW_101,LOW_102,LOW_103,LOW_104,LOW_105,LOW_106,LOW_107,LOW_108,LOW_109,LOW_110,LOW_111,LOW_112,LOW_113,LOW_114,LOW_115,LOW_116,LOW_117,LOW_118,LOW_119,LOW_120,LOW_121,LOW_122,LOW_123,LOW_124,LOW_125,LOW_126,LOW_127,LOW_128,LOW_129,LOW_130,LOW_131,LOW_132,LOW_133,LOW_134,LOW_135,LOW_136,LOW_137,LOW_138,LOW_139,LOW_140,LOW_141,LOW_142,LOW_143,LOW_144,LOW_145,LOW_146,LOW_147,LOW_148,LOW_149,LOW_150,LOW_151,LOW_152,LOW_153,LOW_154,LOW_155,LOW_156,LOW_157,LOW_158,LOW_159,LOW_160,LOW_161,LOW_162,LOW_163,LOW_164,LOW_165,LOW_166,LOW_167,LOW_168,LOW_169,LOW_170,LOW_171,LOW_172,LOW_173,LOW_174,LOW_175,LOW_176,LOW_177,LOW_178,LOW_179,LOW_180,LOW_181,LOW_182,LOW_183,LOW_184,LOW_185,LOW_186,LOW_187,LOW_188,LOW_189,LOW_190,LOW_191,LOW_192,LOW_193,LOW_194,LOW_195,LOW_196,LOW_197,LOW_198,LOW_199,LOW_200,HVAR_001,HVAR_002,HVAR_003,HVAR_004,HVAR_005,HVAR_006,HVAR_007,HVAR_008,HVAR_009,HVAR_010,HVAR_011,HVAR_012,HVAR_013,HVAR_014,HVAR_015,HVAR_016,HVAR_017,HVAR_018,HVAR_019,HVAR_020,HVAR_021,HVAR_022,HVAR_023,HVAR_024,HVAR_025,HVAR_026,HVAR_027,HVAR_028,HVAR_029,HVAR_030,HVAR_031,HVAR_032,HVAR_033,HVAR_034,HVAR_035,HVAR_036,HVAR_037,HVAR_038,HVAR_039,HVAR_040,HVAR_041,HVAR_042,HVAR_043,HVAR_044,HVAR_045,HVAR_046,HVAR_047,HVAR_048,HVAR_049,HVAR_050
JUDE_T0,BatchA,0,3042,2752,3104,3256,2433,3090,2919,2831,2797,3021,3244,3339,3155,3204,3112,3020,2881,2834,3187,2894,3084,2821,3299,2983,3000,2674,2907,3291,3076,3031,3515,3056,2897,2754,3458,3288,2697,3006,2996,3234,3020,3346,2757,3243,3052,3337,3042,3143,3244,2934,3026,3001,2852,3057,2861,2948,2839,3113,2544,2916,2632,2951,3292,3120,3106,3167,2693,2921,2954,2853,3160,3147,3019,3157,3094,2912,2706,3066,2994,2802,3035,2871,2961,2798,2811,2836,3134,3267,2858,3127,3041,2987,2930,3189,2832,2632,2804,2833,2899,2884,2921,3451,2896,3176,2486,2668,2899,2954,3283,2552,2995,2598,2752,2702,2974,2808,3194,2736,2990,3028,2769,3259,3141,3255,2804,2924,3259,2702,2936,2898,2781,2603,3261,2957,2779,3002,3360,2626,3594,3661,2990,3045,2666,3325,3065,2993,2785,2976,2983,2881,2989,2809,2634,3212,2876,3251,3000,2745,3402,2714,2969,2527,3282,2593,3015,3074,3273,3154,3048,2678,2694,3150,3162,2881,2894,3107,3364,3093,2773,3206,3015,2760,2943,2908,2854,3239,2864,2658,2861,3461,3395,3118,2675,3335,2818,2731,3023,2856,2798,2630,165,202,173,189,100,160,146,109,121,143,156,102,160,129,145,179,187,199,146,126,128,133,201,123,168,142,257,224,115,171,129,130,177,213,136,137,98,144,104,128,130,142,117,112,209,101,109,214,260,89,146,186,196,128,131,197,149,135,167,124,137,159,166,148,190,214,140,147,158,144,94,174,128,219,190,155,136,99,183,134,158,107,197,159,152,148,177,161,136,139,129,153,147,85,141,134,141,143,111,163,167,131,172,188,146,127,133,205,198,220,208,173,178,173,164,147,136,148,171,145,168,156,165,176,198,182,126,164,110,119,194,152,143,125,158,101,118,143,193,174,75,179,183,135,188,106,122,161,106,166,151,155,127,175,189,157,144,160,153,132,105,144,160,100,136,183,127,132,197,187,147,158,151,155,160,193,145,114,215,155,147,203,109,124,118,112,140,148,174,118,103,137,136,171,141,146,179,159,153,126,154,163,188,143,163,148,142,147,102,99,98,88,140,169,175,167,187,159,159,206,159,128,128,116,114,123,194,198,107,167,144,198,158,86,204,156,135,129,118,151,142,158,159,201,136,127,156,159,207,161,141,171,209,239,154,141,214,136,164,177,183,123,110,100,126,148,146,223,162,119,153,135,131,148,151,139,163,139,143,288,154,200,176,164,177,134,134,173,127,161,213,154,142,141,139,151,116,147,115,110,12,11,6,5,3,7,15,9,6,8,5,6,9,9,11,8,10,5,8,12,5,6,13,7,11,6,11,9,8,10,7,5,7,9,5,7,8,9,4,5,5,5,9,7,6,8,7,5,8,10,7,8,7,11,7,7,5,6,4,5,8,8,8,7,10,9,8,6,8,8,5,7,9,6,10,4,12,10,8,8,5,6,7,5,9,11,6,5,7,9,6,8,10,5,6,7,6,8,8,5,8,5,11,6,5,7,8,7,4,9,6,8,5,9,5,6,8,10,7,12,7,9,7,6,7,7,6,11,6,5,9,12,8,6,7,7,7,6,9,7,6,8,13,8,6,7,8,5,9,7,13,7,9,5,9,8,6,7,12,6,4,8,6,7,9,5,5,9,6,4,8,9,6,6,9,7,16,10,9,8,8,9,12,8,6,6,10,10,6,6,9,7,9,4,7,5,4,5,6,7,93,91,76,91,105,80,81,100,88,97,2,2,1,2,2,1,1,2,2,1,1295,1471,1008,1109,1165,1436,1281,1238,1126,1138,1287,1190,1244,1263,1136,1291,1307,1321,1011,1025,21,24,21,17,23,23,23,22,20,19
SABRA_T0,BatchA,0,3278,2734,3020,3359,2588,2570,2885,2936,3041,2989,3280,3135,3209,2803,3054,2706,2993,3050,2952,3111,2818,2941,2974,3047,3266,3031,2934,3007,3100,3112,3367,2780,3060,2605,3017,3180,3094,2715,2961,3415,2971,3186,2851,3277,2727,2916,2889,2722,3314,3043,3081,3213,2506,3000,2770,2689,2680,3038,2553,3019,2591,3038,3431,2853,3247,2969,2859,2859,3087,3039,2586,3021,2628,3169,2790,3269,2921,2943,3508,2898,2945,2919,3045,3012,2986,3180,2705,2910,3037,3222,2858,2972,3001,2719,2735,2789,2733,2805,2925,2648,2905,3202,2752,3103,2691,3171,3385,2853,3440,2574,2990,2511,2783,2872,2829,3013,3077,3072,3261,2864,2935,3141,2763,3275,2814,3275,2959,2762,2952,2770,3072,2718,2927,3002,2743,2817,3228,2852,3347,3413,3340,2900,2557,3046,2937,3014,2820,2929,2959,3073,2859,2657,2758,2997,2934,3398,2872,3052,3078,2695,3029,3171,3446,2911,3041,3045,3245,2887,2844,3128,2882,3452,2949,2725,3072,3140,3228,3034,2924,3003,3152,3252,2818,3182,2859,3637,3074,2529,2495,3082,3643,2986,2837,3430,2975,2783,3112,2767,2744,2791,184,178,172,137,83,166,122,112,150,147,178,122,133,128,142,171,174,165,175,119,127,158,164,109,148,147,210,211,125,142,104,136,154,221,126,134,100,137,126,154,147,137,98,109,230,102,102,219,263,120,153,137,214,140,135,169,179,131,127,129,114,161,166,120,153,146,152,173,145,123,126,165,146,206,168,172,127,110,202,168,143,112,216,187,116,118,152,186,164,121,177,143,207,83,134,158,159,121,104,148,204,107,158,136,165,126,129,190,164,206,165,158,217,147,141,154,157,145,219,139,174,153,183,176,221,183,105,155,108,115,197,185,119,108,174,110,127,173,191,194,92,151,164,182,199,84,120,144,103,198,149,201,129,194,172,151,176,138,105,129,150,145,179,132,149,188,151,141,175,180,153,184,191,189,170,214,149,89,208,122,130,202,99,99,107,143,167,172,141,115,82,129,156,170,190,193,156,146,144,155,149,161,174,133,135,130,146,173,113,127,103,91,140,166,158,158,206,212,142,163,162,152,145,115,136,159,146,220,119,174,125,141,138,108,179,124,138,123,140,171,147,149,131,216,174,123,214,127,172,166,146,167,187,209,178,188,188,113,158,140,141,115,99,87,125,109,163,290,200,151,151,137,157,136,154,145,160,119,144,256,187,182,172,165,172,154,129,162,124,181,178,169,148,153,135,192,104,132,99,123,9,8,6,5,4,7,12,8,5,9,5,8,8,6,9,9,10,5,8,12,5,6,10,7,9,6,9,6,9,11,7,6,7,8,5,7,7,8,5,6,5,7,8,7,6,7,7,6,9,8,8,8,7,11,7,7,7,7,5,6,8,8,7,6,9,8,8,7,10,8,5,9,7,6,9,5,10,11,6,8,4,6,7,7,12,11,5,6,7,12,5,9,10,6,4,6,8,9,8,4,8,6,10,6,6,10,9,8,4,11,5,8,6,8,7,5,8,7,7,9,6,7,8,7,9,7,7,10,6,4,11,14,7,5,5,6,6,5,10,8,5,6,12,7,6,7,9,4,8,8,14,6,11,6,8,7,6,7,9,7,5,7,6,5,7,4,6,9,7,4,10,7,6,6,9,8,13,9,9,7,12,9,12,7,7,6,8,10,6,5,9,6,8,4,9,5,4,5,6,8,2,2,2,2,2,2,2,2,2,2,0,0,0,0,0,0,0,0,0,0,2207,2623,2023,1994,2128,2784,2499,2572,2234,2145,2347,2274,2500,2547,2433,2481,2831,2620,2247,2068,22,21,19,19,20,20,23,20,19,20
JOHNER_T0,BatchA,0,2991,2717,3213,3028,2812,2561,3186,2776,3008,2986,2956,3334,2870,3305,3022,3053,3159,2789,3340,2934,3181,2593,3028,2969,2609,2832,2696,2839,2961,3372,3428,3051,2357,2933,3064,3383,2772,3117,3071,2807,3238,3258,2813,2913,3127,3069,3073,3347,3213,2998,3120,2982,2577,2943,3113,2580,2373,3381,3298,3125,2870,3035,3314,3176,2936,2910,2931,2780,3003,3135,2768,2768,3124,3045,2996,3270,3138,3174,3256,2749,2712,2581,2827,3010,2862,3448,3156,2968,3175,3269,3161,3117,2627,2834,2572,3029,2772,2867,2796,2690,3028,2850,3086,3046,2978,3357,2872,2752,2941,2768,2951,3104,2879,2887,2957,2862,2966,3226,3135,2961,2715,3075,3255,2980,3085,3054,3088,2822,2766,2946,3149,2617,3284,2952,2615,2619,2786,3082,2969,3572,2937,2862,2683,3470,2666,3032,3109,2919,3153,2982,2984,2960,2701,2744,3070,3521,2777,3518,2977,2761,2673,2683,3442,2787,3030,2796,3088,2888,2944,3076,2819,2689,2751,2842,2837,2792,3630,2698,3125,3019,3156,2732,2797,3122,3060,3279,3022,2592,2516,3543,3106,2813,2881,3275,3155,2574,3196,2712,2889,2912,167,198,169,151,105,140,99,118,127,146,205,141,146,145,145,201,149,209,147,113,135,135,133,115,151,170,252,227,129,148,111,129,141,184,108,112,103,157,106,120,123,169,110,116,233,113,111,208,297,115,168,188,202,112,120,193,151,133,164,104,150,142,141,116,185,162,165,161,145,162,114,177,149,193,190,184,144,120,181,197,166,133,192,152,128,132,141,169,149,141,147,138,192,100,149,153,154,117,100,173,195,118,204,124,144,122,149,208,169,175,162,196,206,173,212,132,156,118,175,113,179,145,184,156,230,168,98,137,134,141,221,200,152,125,148,133,117,156,170,165,87,140,172,137,184,97,144,169,111,228,153,176,114,141,199,147,161,156,107,158,121,141,186,142,154,191,125,118,151,189,137,232,185,156,152,258,144,83,187,124,132,204,119,114,108,138,159,175,149,112,115,168,157,161,181,128,158,152,150,114,138,170,177,123,161,122,136,153,115,97,101,94,119,213,145,149,189,195,159,167,163,120,134,114,139,138,193,185,119,159,111,155,143,92,153,113,141,133,123,184,140,145,141,183,123,119,202,148,191,176,133,117,239,254,146,160,176,105,173,127,189,127,98,94,122,145,134,222,181,120,150,143,147,177,187,133,151,106,135,232,150,216,168,190,151,156,125,170,118,168,173,150,143,153,149,174,101,140,86,116,11,10,7,6,3,7,11,9,7,9,6,9,9,7,8,9,9,7,8,11,6,5,11,7,8,6,13,9,9,13,6,7,7,9,4,8,7,11,5,7,5,6,10,8,8,8,9,6,10,9,9,10,10,14,7,6,6,6,5,5,9,6,9,7,11,7,8,6,7,7,6,7,8,5,8,4,11,8,8,8,4,5,7,6,9,14,5,7,7,11,6,8,12,4,5,6,7,8,8,4,8,7,10,7,7,9,8,8,5,9,5,9,4,11,6,5,9,6,5,12,7,8,8,7,10,5,7,11,6,4,12,17,7,5,8,7,10,6,10,8,5,8,12,8,7,7,10,6,8,6,13,7,11,7,9,10,6,7,8,8,5,7,7,7,7,5,4,8,6,4,9,7,7,6,8,7,13,7,6,7,9,8,10,6,7,5,9,10,6,7,7,7,10,4,6,7,3,6,7,6,5,4,4,4,5,4,4,4,4,4,0,0,0,0,0,0,0,0,0,0,5902,6662,4734,5641,5951,6250,6204,6297,5435,5000,5831,6514,6251,6547,6278,5965,6211,6411,5400,4990,22,23,17,17,20,22,25,20,20,20
FERRO_T0,BatchA,0,2686,2729,3185,3112,2656,2664,2954,2851,2966,2858,3271,3142,3177,3059,3276,2866,3341,2937,3067,2982,3434,2608,3099,2993,3116,2996,3068,2892,2984,3436,3014,2734,2699,2822,3132,3328,2894,2542,2611,3033,2718,3173,2766,2744,2949,3020,3182,3294,3336,2829,2980,2836,2904,2910,2942,2930,2981,2858,2965,3181,2806,3147,2865,2680,3140,2949,2846,2888,3132,3047,2804,2652,3083,3082,2899,3049,3082,2905,2812,3150,2983,2877,2756,2705,2695,2906,3086,2948,3262,3298,3043,2524,2845,3081,2632,2983,2853,2933,3104,2440,2709,3400,3217,2907,2913,3046,2784,2792,2929,2749,3031,3235,3096,2851,2961,2645,3024,3095,3237,2861,2944,3131,3357,3254,3096,2891,3130,2481,3060,2870,3029,2596,2950,2960,2778,2764,2678,2990,3163,3260,3084,2957,2534,2746,2777,2970,3014,3214,3104,2772,3108,2835,2788,2877,2612,3359,2874,2900,2987,2835,2982,2894,3049,3109,3334,2736,3241,3120,2596,3030,2924,2824,2986,2859,2725,2621,3494,2995,3129,2972,3421,3000,2787,3001,3129,3629,2914,2833,2876,3053,3316,3238,2907,2996,2708,2788,2924,2849,3042,2648,155,204,161,155,94,154,118,135,127,133,148,104,137,123,136,184,130,197,169,121,150,155,144,126,155,171,247,215,123,155,102,136,145,190,121,131,98,156,111,142,126,144,109,119,229,140,118,249,258,107,133,172,252,114,151,154,182,155,144,123,142,135,160,125,172,213,150,159,161,151,116,138,135,235,207,126,123,110,203,168,148,119,190,142,136,153,137,128,158,151,154,147,194,98,131,124,140,134,111,161,200,126,198,137,164,105,129,200,155,246,187,164,220,158,212,156,202,117,189,117,168,122,184,193,185,192,116,174,125,133,194,168,156,140,150,125,133,162,189,127,93,145,133,162,191,91,142,137,97,169,159,191,130,171,167,181,165,136,112,148,115,156,167,107,150,228,130,129,128,165,164,189,164,163,174,237,164,105,193,136,141,252,101,108,113,131,164,157,168,142,95,138,145,152,187,130,147,209,185,148,148,155,176,144,165,150,124,174,105,122,104,86,138,147,129,145,179,209,136,180,165,124,146,109,126,177,182,195,112,174,115,143,141,101,183,135,129,127,144,153,153,172,165,201,164,108,142,155,153,148,126,166,219,233,165,162,173,120,154,145,156,132,96,96,128,182,141,234,192,120,144,153,133,147,192,115,185,131,146,242,130,204,144,150,169,157,129,142,132,184,149,154,151,136,170,185,93,144,119,118,12,8,6,5,3,6,13,8,6,10,6,7,8,7,9,9,10,8,8,11,6,6,9,6,13,7,11,7,8,11,7,6,8,8,5,10,6,10,4,6,4,7,7,7,7,7,8,5,7,10,8,7,9,12,8,8,5,7,5,7,7,8,8,6,9,8,7,7,9,8,5,7,9,4,8,5,10,11,7,7,4,5,8,5,9,12,4,6,11,11,5,6,14,5,6,7,6,11,8,4,9,7,10,7,8,7,10,8,4,9,5,9,5,10,6,5,9,7,6,10,8,7,9,6,9,6,7,9,6,4,11,17,7,4,7,6,8,6,9,7,5,8,15,10,6,6,9,4,7,7,12,8,13,6,7,8,5,8,8,8,7,8,6,7,7,5,6,9,7,4,8,7,6,5,9,7,14,10,8,9,10,11,9,7,8,7,8,10,6,7,8,7,12,4,7,6,3,6,7,7,2,2,2,2,2,2,2,2,2,2,0,0,0,0,0,0,0,0,0,0,97,86,79,78,89,100,88,86,82,78,88,86,85,83,88,88,84,94,88,75,23,20,18,18,24,23,25,21,19,19
WIERZBOWSKI_T0,BatchA,0,3075,2731,3003,3685,2977,2741,2787,3294,2989,2718,3007,3256,3221,2913,2856,2845,3103,2984,3335,3054,2808,2979,3005,3131,2964,2954,3430,2957,3086,3205,3446,2801,3040,2926,3191,3128,2971,2691,2730,3012,3174,3281,2996,2923,2991,3255,2958,2961,2980,3170,3405,2924,2371,3100,2903,2640,3188,3655,2739,3317,2854,2917,2837,3286,3164,3062,2835,2580,3174,2885,3066,2709,2432,3153,3102,2788,3072,2661,3303,3117,3122,2988,2786,2892,3091,3110,2898,3269,3080,2833,2930,3153,3171,2949,2652,3052,2762,2894,2894,2946,2905,3097,3117,3158,2641,2948,2474,2959,3120,2614,3265,2983,3023,2800,3044,2935,3486,3312,3216,3010,3132,2897,2924,3092,2931,3203,2879,3092,2599,2662,3404,2497,2904,2865,2551,3098,3130,3253,3279,3223,2876,2859,2410,3213,2824,2723,2874,3264,3247,2917,2728,2683,2538,2746,3297,3227,2950,3239,2794,2850,2729,2951,3439,3000,2802,2660,2820,2819,2805,3137,2808,3040,2859,2972,2674,2990,3349,2622,3067,3026,3428,3000,3008,2969,2922,3378,2849,2630,2684,3516,3372,3173,3347,3325,2865,2790,3250,2960,3056,3231,166,196,144,182,97,160,117,111,131,144,183,127,151,134,148,150,176,167,154,156,143,146,177,112,146,171,243,245,133,166,109,134,147,175,151,143,94,143,114,131,91,128,120,108,192,107,140,253,244,118,132,169,195,130,142,207,152,138,144,127,140,148,184,148,144,160,161,140,141,147,136,131,148,211,222,155,120,116,202,153,164,117,166,160,143,120,170,160,162,123,148,179,182,89,140,163,149,142,102,144,182,114,182,136,168,109,146,219,170,168,195,161,258,167,154,140,162,145,171,100,171,139,167,158,211,205,121,164,119,141,200,195,121,119,144,134,133,157,194,178,87,182,134,139,170,104,118,165,92,196,132,160,139,163,194,143,137,151,132,146,147,158,167,128,124,197,131,118,144,192,164,218,171,154,163,259,129,113,202,151,139,181,115,113,116,136,142,146,179,103,84,136,144,153,181,178,189,118,192,138,134,160,204,141,161,135,141,175,99,125,125,88,140,198,123,171,182,212,177,211,150,139,117,111,132,129,166,214,122,170,111,162,167,116,157,125,151,112,121,193,155,201,171,190,128,128,179,150,183,165,140,164,210,207,160,150,209,135,146,123,148,127,112,87,104,151,123,208,181,133,143,126,168,156,185,129,179,123,148,226,167,226,132,147,139,143,141,152,108,178,213,180,147,142,150,183,105,158,78,123,11,11,5,6,4,6,14,7,7,8,5,6,7,9,11,7,9,8,9,9,5,8,9,5,10,7,12,9,7,10,7,6,5,8,5,8,8,9,4,6,5,5,8,8,7,7,8,5,9,8,9,8,7,15,9,8,6,6,6,7,7,9,8,5,11,9,8,7,9,9,5,7,6,7,6,4,9,10,7,7,4,5,7,5,9,11,7,6,9,11,5,10,9,5,5,8,7,8,7,5,10,7,9,6,7,8,10,8,4,9,6,9,6,8,7,6,7,9,7,10,6,7,7,7,9,6,7,9,6,4,9,14,7,5,6,6,8,5,9,8,6,8,14,8,7,7,8,5,7,8,13,7,13,6,7,8,5,9,10,8,4,6,6,5,7,5,6,9,7,3,9,11,6,4,12,10,15,9,8,7,9,9,11,7,7,6,8,10,7,7,7,8,11,6,5,6,4,7,6,8,7,6,6,6,7,6,6,7,7,6,0,0,0,0,0,0,0,0,0,0,486,530,371,448,446,552,467,512,418,459,505,518,511,477,505,492,481,545,426,415,20,22,18,17,20,22,23,20,20,19
HILLARD_T0,BatchA,0,3086,2699,3069,3292,2958,3081,3409,2649,3189,3012,3214,3109,3236,3063,2924,2767,2996,2608,3279,2605,3089,2920,3112,2794,2963,3215,3097,2977,3187,3227,3329,2925,3180,2766,3478,3175,3074,2887,3029,2782,3146,3104,2858,3006,3129,3049,3465,3155,3485,2692,3353,3322,2561,2915,2893,2676,3094,3188,3222,2938,2799,3044,3410,2821,3232,3470,3018,2984,3284,2829,2805,2910,2809,3142,2928,2872,2894,2989,3418,3054,2955,2682,2986,2948,2700,3309,2868,2719,3152,3284,3009,3060,2696,2999,2570,2880,2840,2862,3004,3125,2775,3528,2793,3122,2582,3000,3036,3084,3193,2901,2981,2932,3261,2452,3088,2952,3366,3142,3132,2978,2855,3182,3211,2903,3030,3043,3294,2824,3201,2730,2786,2652,3161,3188,2691,3076,2692,3049,3094,3481,3297,2876,2857,3117,2907,2952,2771,3155,3022,2722,2734,2823,2605,2758,2930,3159,3014,2985,2985,2615,2832,2684,3500,2748,3076,2812,2941,3200,2774,3023,2908,2834,2898,2951,2879,2973,3099,3031,2741,2915,3609,2958,3055,3327,3300,3025,3027,2645,2790,3269,3096,2952,2970,3109,2712,2672,3075,2748,3084,3013,180,174,139,179,99,148,129,111,117,121,166,115,177,117,129,196,171,193,137,152,144,144,173,121,158,156,266,216,151,144,102,129,148,228,135,140,109,130,137,124,119,154,96,118,279,124,137,266,278,129,109,163,214,118,141,195,182,148,127,101,153,132,154,133,142,159,139,137,180,124,129,167,154,228,187,137,114,121,195,174,168,109,206,173,124,131,119,127,148,122,146,142,186,91,139,164,148,142,109,144,211,111,174,124,137,121,112,199,191,194,179,146,240,182,175,145,139,137,179,118,195,116,198,188,240,176,105,124,134,110,200,173,140,125,163,128,125,183,206,150,105,156,130,164,222,89,124,155,96,204,147,193,141,169,158,170,172,152,122,138,137,159,202,114,157,198,118,132,140,151,136,213,161,212,209,200,144,92,185,132,161,174,97,98,109,150,167,144,164,114,90,174,120,133,171,171,204,142,152,126,138,184,200,125,142,157,140,163,100,112,113,75,145,163,143,140,176,203,130,173,146,126,153,114,117,168,157,211,123,147,106,148,129,105,189,126,146,100,130,185,145,160,130,234,132,107,220,138,168,178,166,158,237,250,146,164,182,103,169,145,180,109,112,84,124,137,110,210,190,135,144,117,155,162,161,136,205,125,172,260,169,182,152,158,151,140,126,171,110,160,179,165,143,162,140,175,100,145,95,102,12,10,6,5,3,5,16,8,6,8,5,7,9,7,8,7,9,5,11,12,7,5,10,7,10,7,11,7,7,10,7,7,6,9,5,8,6,11,4,6,4,7,6,8,6,6,8,5,7,9,9,8,7,12,8,8,6,6,5,6,6,10,9,5,11,9,6,8,8,8,5,8,6,6,9,5,8,11,8,7,3,5,8,7,10,10,6,6,8,11,5,7,12,6,4,7,7,9,6,5,10,5,10,6,6,9,9,9,6,8,6,8,5,10,6,5,9,6,6,10,6,9,11,7,8,6,7,12,6,3,11,13,6,5,7,8,6,6,10,8,5,9,13,9,7,6,9,4,7,6,10,8,12,6,9,8,7,8,9,7,4,8,5,7,7,5,5,7,5,4,11,6,6,7,10,9,15,8,8,6,8,7,9,8,6,7,9,12,6,6,8,7,10,5,7,6,4,6,5,8,1,1,1,1,1,1,1,1,1,1,0,0,0,0,0,0,0,0,0,0,147,161,115,129,140,158,147,148,128,124,148,143,157,145,149,149,158,146,138,121,22,22,19,18,21,24,23,23,18,19
CROWE_T0,BatchA,0,3373,2483,2853,3369,2873,2456,3234,2706,3186,2844,3268,2936,3350,3176,2889,2606,3089,2852,2967,3160,2715,3229,3040,3003,3112,2798,2988,3280,2881,2851,3291,2955,3201,3098,3319,3321,3159,2671,2888,3593,3290,3006,2863,3003,3485,2785,2990,3263,2989,3071,3117,2949,2653,2749,3061,2612,3170,2959,3031,3183,2813,3171,2776,3173,2834,3175,3215,2942,3024,2908,2766,2688,2860,2943,2791,3106,2817,3146,3097,3034,2872,2722,2985,3177,2902,3091,3264,2965,3145,2891,3102,2903,3086,2885,2594,2717,3005,3221,2796,2751,2994,3106,3166,3158,2314,2884,2839,3423,3140,2902,3215,2731,3250,2844,2922,2640,3246,3071,3074,2918,2642,2882,2938,3173,3082,3220,3025,3051,3143,2686,3187,2972,2809,3020,2799,2727,3170,3312,3248,3719,3250,2951,3024,3252,2858,2913,2811,2858,3367,2993,2825,2750,2538,2909,3100,3414,3272,3094,2811,2598,3237,2656,2929,2905,3151,2636,3265,3114,2858,3214,2956,3092,3014,2521,2777,2943,3286,2898,3046,3467,3273,3041,3021,3078,3085,3273,3079,2616,2751,3220,3091,3037,2942,3282,2789,2850,3349,3185,3110,2865,176,232,170,179,98,143,103,126,104,124,192,125,137,136,123,200,142,179,154,128,156,146,140,114,168,181,221,221,119,144,125,129,183,166,113,123,102,135,117,150,112,146,112,130,251,119,145,215,231,123,137,167,223,100,117,210,165,131,163,114,128,144,158,126,142,150,169,168,133,158,135,155,145,212,193,181,116,121,181,173,159,97,173,147,107,141,187,174,134,137,114,136,184,84,172,153,154,134,112,140,177,105,180,141,177,128,122,173,198,247,217,175,181,166,173,133,153,156,187,130,159,133,226,176,225,147,88,141,155,140,184,152,107,137,161,92,162,156,214,153,88,150,142,132,215,95,125,165,100,193,181,180,124,187,168,161,167,165,135,151,147,166,192,121,104,202,113,128,159,189,157,169,173,173,160,233,136,96,189,148,147,156,109,122,103,121,176,132,186,117,93,148,153,148,158,133,174,183,166,108,164,161,174,128,146,146,155,196,105,126,109,88,131,195,180,152,170,165,169,182,149,115,124,107,122,128,164,185,120,160,123,167,125,89,187,107,146,112,121,158,183,157,162,182,130,95,208,132,194,171,138,167,221,219,163,157,186,123,135,154,161,147,111,78,124,155,147,167,184,122,170,130,142,159,148,149,176,105,150,281,150,223,190,166,160,153,133,164,113,150,191,134,139,171,125,186,108,143,108,95,9,9,6,5,3,5,14,9,7,10,5,6,7,6,9,7,9,6,10,11,6,6,10,6,12,7,11,8,7,10,7,6,7,10,5,9,7,10,4,6,5,6,7,7,6,7,9,6,9,9,9,9,10,12,7,7,7,7,5,6,7,7,7,6,8,8,7,7,8,9,4,7,7,6,9,6,12,9,7,9,4,7,7,5,9,11,7,5,10,10,5,9,13,6,5,7,7,10,9,5,8,6,10,6,7,9,9,8,4,7,6,10,5,9,5,4,9,7,6,11,6,8,8,7,9,7,5,9,5,4,15,13,8,4,8,8,6,7,9,8,6,9,13,7,6,6,10,4,8,6,11,5,14,7,7,9,6,9,10,8,5,7,6,7,6,4,4,8,6,4,9,8,7,4,10,8,12,9,8,9,8,8,9,8,8,7,9,9,6,6,7,6,11,4,6,5,4,6,6,6,9,9,9,8,9,8,8,9,8,9,0,0,0,0,0,0,0,0,0,0,768,882,706,641,725,950,783,832,711,691,838,824,801,760,771,764,828,821,683,602,21,23,17,17,20,21,21,22,18,20
AARON_T0,BatchA,0,3103,2727,3266,3112,2793,2734,2926,2464,3016,2700,3008,2967,3107,3343,3014,2775,3331,2838,3178,2943,2999,2798,2955,3031,3184,3016,2971,3101,3075,2885,3084,2688,3038,2717,2981,3159,3072,2919,2826,3436,3099,3087,2891,2959,2937,2714,2882,2903,3111,2978,2811,3189,3082,2893,2656,2673,3111,3326,2782,3099,2614,2931,2815,3120,3007,3336,2872,2982,3101,2821,2908,2917,2807,3341,3096,2873,2952,3118,3042,2981,3291,2969,3138,2961,2476,2932,2574,3217,2960,3025,2918,2754,2639,2955,2727,2825,2846,2449,3067,2834,2955,3244,2876,3299,2925,2851,2921,2718,3467,2508,3359,3037,2652,2835,2968,3043,3131,2892,3308,3189,2787,3188,2835,2819,2993,3069,3304,3030,2779,2793,2934,2996,3027,2880,2970,2769,3153,2890,3251,3435,2689,3262,2698,3064,2790,3140,2889,3110,3187,2994,2761,2735,2956,3331,3002,3259,3138,3285,2883,2747,3281,2936,3416,2788,2835,2731,2938,3051,2920,2612,2931,2877,2769,3021,2703,2964,3268,3039,2943,3079,3290,2689,3057,3272,3131,3317,2999,2455,2914,3227,3206,2825,2656,3097,2808,2813,2798,2853,3059,3095,165,189,143,169,114,142,128,112,101,149,184,111,140,136,134,176,156,204,128,113,148,136,155,117,149,135,241,235,113,143,110,120,165,192,107,137,96,145,129,127,129,145,94,103,260,113,110,217,232,119,137,141,230,135,138,160,154,153,129,131,145,117,187,129,166,162,163,161,179,134,130,152,142,185,225,195,123,127,207,131,175,115,177,151,124,142,144,143,128,128,135,139,189,84,131,175,139,138,95,141,212,90,154,144,139,125,140,168,142,214,210,167,226,169,144,155,135,135,152,110,175,166,182,163,196,189,103,159,103,151,195,202,126,132,124,111,118,122,187,148,103,163,143,147,195,81,122,178,107,202,164,154,149,175,199,156,155,133,121,120,139,165,188,111,122,227,119,122,156,150,147,200,179,164,166,280,146,110,203,135,173,165,110,118,110,120,144,173,150,113,98,152,160,176,168,152,177,158,165,135,133,152,170,175,179,129,140,201,103,96,110,97,131,148,121,150,171,171,146,195,168,118,131,123,134,140,181,217,136,161,139,130,169,104,172,157,147,86,125,175,152,179,179,180,157,106,229,139,191,157,159,148,205,291,146,180,167,99,164,137,181,109,88,97,120,144,138,238,186,121,165,126,145,158,159,135,212,114,135,236,146,191,139,197,142,125,138,175,127,156,227,176,131,159,150,190,104,126,87,117,10,12,7,4,3,6,13,10,7,9,6,8,7,8,8,9,9,8,9,12,6,6,11,8,11,7,10,6,9,11,8,6,7,8,6,11,6,8,4,8,5,7,8,7,6,5,8,7,10,9,9,8,7,12,7,7,5,5,6,5,8,7,7,5,9,9,8,7,8,8,4,10,8,5,8,6,11,10,8,9,4,6,6,5,9,13,6,7,8,14,6,8,11,5,4,7,7,11,7,5,9,6,9,6,7,9,8,7,5,10,6,9,4,8,7,5,8,8,6,9,8,7,9,7,9,6,7,10,5,4,13,12,6,5,7,6,6,5,10,10,6,8,13,8,7,7,9,5,7,6,13,6,12,7,8,8,6,8,11,6,4,8,6,6,7,5,5,7,7,4,10,7,7,6,9,8,13,9,9,7,8,9,10,5,7,7,11,13,5,6,8,7,10,3,6,5,4,5,7,6,1,1,1,1,1,1,1,1,1,1,0,0,0,0,0,0,0,0,0,0,118,127,92,99,108,136,116,126,110,106,115,109,117,119,116,111,130,135,94,99,23,20,18,17,21,23,23,20,20,17
JUDE_T1,BatchA,1,3232,2913,3156,3027,2733,2796,2939,2907,3089,2945,3212,3275,2781,2893,3074,3105,2958,2857,3188,2679,2893,2654,3175,2912,2829,3254,3071,2988,2794,2790,3099,2780,2780,2914,3267,3053,3409,2758,2604,3005,3048,3106,3063,2859,2908,2826,3290,3019,3032,3136,3005,3325,2383,3004,3121,2945,2944,3044,2839,2956,2903,3124,3021,2992,2950,2990,2760,3033,2961,2935,2705,2739,2628,2967,2974,2898,2960,3332,2824,2681,2926,3016,3001,3204,2925,3035,2890,2838,3220,2910,2979,3200,2886,2877,2634,2986,2776,3073,2983,2907,2519,3219,2893,2851,2788,2665,2682,2818,3135,2783,3023,3069,2872,2940,2828,3046,3038,2818,3250,2967,2961,3286,3306,2914,2786,2872,3547,2599,2833,2798,2752,2894,3013,3430,2948,2709,2845,2948,3757,3449,3003,3156,2648,2920,2984,3285,3140,2877,3088,2668,2804,2561,2428,3199,2897,3327,3172,3177,3006,2683,2672,2741,3444,2842,2589,3040,2968,2920,2883,3217,3053,3145,2898,2749,2835,2855,3305,3089,2931,3049,3023,2813,3016,2997,2697,3925,2965,2671,2883,2933,3356,2882,2893,3709,2777,3188,3022,2751,2930,3085,149,191,127,162,110,144,128,116,114,131,187,95,153,138,147,221,182,167,136,128,133,153,158,103,147,179,244,277,116,120,125,138,147,184,143,129,104,145,125,116,122,134,111,111,205,140,126,231,285,106,104,191,202,107,146,163,170,138,154,106,152,132,156,128,156,188,166,135,149,141,121,176,123,242,205,172,117,171,160,158,183,112,203,149,129,146,163,142,139,173,150,164,177,86,144,190,155,129,98,170,237,107,197,106,141,105,141,187,194,199,180,159,228,137,169,136,172,99,167,123,155,158,176,181,198,157,114,179,148,123,284,144,128,135,152,140,124,167,204,186,79,178,150,146,217,91,118,192,98,178,188,157,131,146,155,168,175,170,114,155,161,140,186,134,163,225,113,114,146,176,159,222,198,174,166,204,139,108,219,120,143,198,91,119,95,117,147,178,164,100,102,185,156,173,163,149,188,164,165,145,144,139,149,144,187,140,148,155,109,101,112,94,129,179,148,168,214,190,119,189,140,106,124,127,134,128,190,228,104,161,107,147,165,99,190,136,125,131,130,162,165,150,159,205,112,103,165,152,166,155,144,157,212,208,165,166,211,128,169,140,167,142,92,91,120,136,147,202,204,111,150,127,143,166,163,158,203,143,179,270,150,172,130,153,153,164,108,173,124,181,221,146,142,161,133,170,109,137,101,123,13,9,5,5,4,7,14,8,7,7,5,7,9,7,8,7,8,5,9,13,5,7,12,6,13,6,12,7,8,11,8,7,6,8,5,9,6,9,5,7,4,6,7,7,6,7,7,6,11,9,9,8,8,13,7,6,6,6,5,6,8,8,7,7,9,8,7,6,8,7,5,7,8,7,9,6,10,9,7,8,4,6,7,6,10,10,5,6,8,10,5,9,12,4,6,6,5,9,7,4,7,6,9,7,6,10,8,8,4,8,6,7,5,7,7,4,9,8,6,10,6,6,8,8,9,7,7,11,5,4,11,13,7,4,7,7,7,6,10,7,5,10,11,8,6,6,8,5,8,6,12,8,14,5,7,6,6,7,10,7,6,9,7,6,8,4,7,7,7,4,8,8,6,6,10,9,14,8,9,7,9,9,10,7,7,7,9,11,7,7,7,7,9,3,6,7,4,6,5,7,0,0,0,0,0,0,0,0,0,0,0,0,0,0,0,0,0,0,0,0,15,16,12,13,14,17,14,18,14,14,15,14,16,14,15,16,18,15,14,13,22,22,18,19,18,21,25,21,20,19
SABRA_T1,BatchA,1,2696,2376,3048,3246,2497,2838,3185,2855,3098,2829,3564,2932,2879,3377,3089,2984,3053,2841,3243,3094,3345,3002,3493,2678,3066,2901,3154,3272,3257,2993,3537,3242,2672,2855,3294,3130,3112,2409,3192,2529,3480,3309,3114,3041,2991,2700,2938,2968,3200,3206,3096,3121,2742,2757,2947,2615,3000,3268,2656,3377,2769,2928,2902,2922,3182,2917,2921,2852,2721,2962,2769,2820,2977,2990,3071,3050,3075,2922,3117,2902,3091,2881,3008,2836,2776,2635,2778,2964,3223,3488,3112,2973,2922,3083,2845,2869,2732,2655,3403,2782,2905,3126,2836,3010,3311,3210,3002,3282,3401,2362,3198,3069,2874,2766,2926,2805,3023,3282,3129,2748,2683,3083,3107,3308,3637,3077,3435,2855,2863,3048,3179,2965,3042,2836,2567,2692,3023,3156,2718,3350,3006,2732,2559,3141,3027,2677,3038,3208,3116,2945,2887,2797,2672,2909,3269,3179,3206,2948,2585,3001,2913,3133,2955,3016,3371,3122,3030,3094,3338,3261,3022,3122,2818,3002,2770,2959,3606,2796,3075,2933,3454,3090,3046,3225,2739,3316,2851,3229,2799,3268,3172,2982,2877,3413,2814,2951,3227,3148,2900,2734,174,193,145,158,92,111,136,121,109,124,194,120,149,144,144,186,183,188,179,122,162,151,151,106,140,142,250,255,105,120,101,109,166,201,128,104,97,151,129,134,104,150,104,119,224,125,106,230,269,141,129,203,188,130,144,181,161,136,132,131,153,182,149,131,160,136,177,156,120,152,124,141,129,226,196,172,105,116,209,143,197,86,193,176,94,138,178,143,120,147,136,141,215,89,136,138,146,138,101,186,190,96,187,150,154,152,164,215,179,165,171,168,206,172,188,129,145,127,165,106,163,110,199,169,202,157,106,143,122,121,185,134,121,109,179,105,118,146,170,148,101,164,145,159,190,99,132,199,106,162,159,169,160,163,197,172,154,140,127,118,139,165,171,143,122,199,127,125,168,163,153,193,170,171,199,230,163,100,173,106,146,202,103,113,114,134,125,166,171,110,87,130,140,174,175,177,207,166,156,112,125,149,203,135,126,178,126,165,100,97,128,97,123,182,150,140,171,181,160,164,170,142,133,114,115,130,157,213,105,170,126,158,136,104,151,138,134,129,112,160,132,181,171,237,142,114,163,138,149,195,138,148,242,207,149,187,167,138,185,143,162,113,116,103,110,114,128,191,156,119,162,139,120,150,183,141,181,119,159,315,177,180,147,164,176,128,116,170,124,161,197,186,166,146,166,188,97,140,96,117,9,12,7,4,4,6,14,7,7,7,6,7,8,7,8,8,11,5,9,11,6,6,13,8,10,7,9,8,8,12,9,6,7,8,4,8,6,11,4,5,5,7,9,7,8,8,8,6,9,9,9,8,7,12,6,7,6,6,6,8,7,8,8,6,13,7,7,7,9,10,6,6,8,6,9,5,12,11,6,9,4,7,8,5,11,11,7,6,6,12,6,7,12,4,6,6,5,10,7,4,9,7,11,5,6,9,12,7,4,8,5,8,6,8,5,5,8,6,6,9,6,8,7,6,8,7,8,9,6,4,11,14,9,5,6,6,6,7,9,8,4,10,11,8,7,8,9,4,7,7,10,7,9,6,7,10,6,8,11,7,5,7,5,7,7,4,5,8,8,3,9,8,7,6,11,9,12,11,6,7,7,9,10,6,6,7,10,10,7,6,8,7,11,4,5,7,4,5,6,7,0,0,0,0,0,0,0,0,0,0,0,0,0,0,0,0,0,0,0,0,384,448,293,338,331,416,371,402,331,344,396,386,421,370,374,361,409,379,325,322,20,22,18,17,20,23,23,21,20,19
JOHNER_T1,BatchA,1,3176,2883,2972,2959,2969,2764,3013,2929,2900,2926,3192,3116,2806,2822,2794,2754,3137,2958,3120,2941,2840,2792,2900,2740,3184,2666,3215,3046,2861,3364,3229,2997,2721,2724,3065,3357,3074,3124,3003,3044,3095,3280,2808,3100,2911,3145,3318,2807,2754,3066,2739,2920,2838,2860,3052,3009,3002,3388,2925,3072,2825,3266,3106,3152,3068,3429,3249,2868,3438,3013,2778,2711,2721,2806,3196,2958,2810,3133,3148,3178,3160,2952,2612,3016,2871,2837,2705,3078,2859,2823,3518,3133,2870,3261,2904,2984,2923,2634,2897,2834,2821,3189,3100,3009,2933,2850,2640,3151,2932,2394,3249,3033,2913,2812,2765,2922,2998,3375,3161,2992,3060,3235,3012,3093,3352,2994,3081,2577,3234,2872,2986,2754,3210,3174,2710,2926,3054,3261,3202,3350,2903,2669,2955,3135,2652,2848,2890,2838,3139,3144,2970,3136,2715,2893,3060,3209,3251,2946,3225,2891,3170,2804,3317,2709,3017,3010,2942,2944,2658,2802,3118,2781,3148,2858,2756,3334,3244,2962,2890,3049,3032,3170,2975,3137,2592,2955,2959,2947,3268,3097,2911,3084,2875,2991,2640,2968,3005,2876,2932,3161,141,183,138,150,101,135,143,127,126,140,171,117,145,147,153,164,155,173,157,149,148,185,133,122,134,148,270,199,135,123,109,146,154,175,134,98,112,148,132,127,144,160,107,108,248,127,134,262,282,125,127,155,243,115,132,175,169,125,136,95,127,169,153,155,172,173,125,151,148,142,123,186,146,229,182,152,133,122,215,163,144,113,184,167,125,128,165,167,127,135,140,150,226,95,137,156,165,129,94,158,229,112,163,135,134,127,145,195,157,219,191,175,226,150,158,149,142,133,173,155,193,149,161,159,202,211,112,147,109,122,234,169,112,111,127,94,114,172,186,178,103,181,108,195,191,82,136,147,109,203,176,148,128,164,186,164,144,130,127,151,135,172,159,127,143,250,122,116,164,172,127,178,182,209,156,256,159,100,187,129,164,222,139,135,140,122,155,164,157,99,104,149,149,161,175,155,160,162,182,159,136,151,183,162,180,124,141,154,93,99,99,92,123,183,146,146,195,189,135,198,160,128,126,114,125,131,167,203,116,181,105,192,133,122,161,131,138,140,148,214,186,179,147,195,139,117,181,114,167,153,191,171,240,233,169,165,177,118,163,164,159,120,105,92,117,129,133,226,203,108,155,153,151,153,142,127,198,124,164,237,151,216,153,159,140,144,113,128,148,165,180,165,140,153,135,167,112,153,94,111,12,9,6,6,3,6,18,8,6,10,5,8,5,9,10,7,8,7,9,11,6,5,11,8,12,7,10,9,9,10,7,7,6,9,6,8,6,11,4,6,4,4,8,8,6,8,9,5,10,10,9,9,8,10,7,6,5,5,5,5,8,8,7,5,7,9,7,6,9,8,5,8,10,5,7,5,11,8,7,7,4,5,6,6,8,13,6,8,9,13,6,6,10,5,6,7,7,11,8,5,9,7,11,7,7,9,8,8,5,8,6,7,5,7,6,6,7,9,7,9,7,8,7,6,8,6,7,11,6,4,11,14,5,5,8,6,7,5,9,9,4,9,12,9,6,7,9,5,6,6,12,6,14,4,9,7,5,7,11,7,5,7,6,5,7,5,5,9,7,4,10,7,6,5,9,7,12,8,8,9,11,9,11,6,7,7,8,11,6,7,7,7,10,4,5,6,4,6,6,6,1,1,1,1,1,1,1,1,1,1,0,0,0,0,0,0,0,0,0,0,255,295,226,214,226,300,285,261,226,236,261,258,287,259,258,276,284,283,233,227,22,23,16,17,21,23,24,21,19,18
FERRO_T1,BatchA,1,2918,2773,2951,3398,2609,2692,3167,2503,2890,2651,2998,3168,3202,3276,3471,2637,3211,2846,3040,2798,3046,2921,2969,3110,3042,2834,2945,3125,3093,2921,3409,2962,2957,3136,3123,3285,2972,2820,2671,2927,2873,3059,3155,2906,2985,3117,3244,2879,2877,2905,3011,3116,2766,3013,2989,2827,2978,3122,2539,2856,3113,3024,3337,3255,2903,3334,2716,2496,3212,3143,2995,2526,2806,3176,2822,2680,2890,2629,3164,2955,3059,2790,2974,2996,2882,2590,2749,3166,2983,3051,2806,3035,2792,2921,3028,2841,2502,2599,2990,2858,2895,3090,2849,2790,3145,3216,2789,2719,2811,2706,3410,3032,3133,2633,2773,3151,2897,2843,3587,3284,2796,2975,3152,3496,3142,2762,3166,2957,2761,2717,2935,2600,2973,2742,2831,2524,3159,3007,3191,3546,3064,2764,2716,2919,2774,2858,2682,3275,3355,3149,3339,2891,2833,2726,3015,3023,2943,3270,2643,2836,2881,2658,3129,2982,3008,2970,2984,2891,2894,2925,2969,2894,3023,2841,2743,2895,3222,3101,3184,2943,3164,3417,2928,2907,2583,3013,3000,2865,2876,3276,3508,3177,2878,3070,2966,2873,3020,2736,2971,2808,151,159,157,148,95,140,126,117,115,151,171,115,171,122,127,162,164,174,149,135,125,158,144,134,143,131,230,207,109,138,117,138,140,213,134,124,102,140,118,124,145,150,104,106,240,112,130,202,233,98,149,158,214,98,158,189,158,144,176,116,123,118,154,133,191,183,150,129,165,149,139,168,159,207,203,146,129,126,140,190,152,97,186,157,120,126,136,158,122,151,155,164,191,80,119,129,133,165,88,182,240,107,152,128,139,131,155,193,147,203,199,146,190,158,179,139,150,145,185,98,169,119,200,157,219,188,102,128,123,136,189,156,122,129,166,124,119,155,200,170,92,172,136,182,192,107,145,169,107,231,178,193,111,161,199,146,144,159,109,151,123,168,176,125,154,183,159,122,154,181,153,201,190,155,171,247,136,95,221,135,165,205,118,115,101,129,165,155,140,101,90,169,130,168,171,169,170,153,191,125,170,171,188,133,141,168,144,185,103,112,99,88,118,176,134,146,176,197,132,179,148,129,107,121,118,130,169,203,113,168,123,197,138,110,172,163,144,122,122,173,158,170,142,214,141,143,189,147,210,139,145,155,238,182,156,143,188,130,138,157,132,135,105,101,115,130,144,243,180,110,127,148,147,158,180,133,192,122,156,244,151,190,186,160,124,120,125,152,123,195,193,147,119,187,129,188,98,136,103,104,11,9,8,4,4,6,14,11,7,8,5,6,6,7,8,7,11,5,9,12,5,6,11,8,10,7,10,7,7,11,8,7,7,9,5,9,7,11,4,5,4,6,10,8,6,6,8,6,7,9,7,8,7,12,6,6,7,6,6,7,7,9,7,4,10,10,6,5,10,8,5,7,7,7,9,5,8,8,7,9,4,5,6,5,10,13,5,5,9,10,7,8,10,4,6,7,7,8,7,4,9,8,9,8,6,8,10,9,5,9,6,8,5,8,5,5,8,8,6,11,7,8,11,7,6,6,6,9,5,5,12,13,7,4,8,6,7,6,10,8,6,9,12,6,7,7,9,5,8,6,10,7,12,5,9,10,5,7,10,6,5,8,6,8,9,5,4,8,7,4,8,8,5,6,8,8,14,9,7,8,9,8,9,7,6,7,9,12,5,5,9,8,10,4,5,5,4,6,5,7,0,0,0,0,0,0,0,0,0,0,0,0,0,0,0,0,0,0,0,0,5,6,4,4,5,6,5,5,5,5,5,5,5,5,5,6,5,5,5,4,21,23,18,18,21,21,24,21,18,19
WIERZBOWSKI_T1,BatchA,1,2589,2787,3055,3018,2776,2801,2933,2810,3059,2861,3283,2805,2946,2809,3126,2740,2937,2950,2911,2925,3052,2686,3095,2800,3020,2829,2813,3203,3228,3253,3323,2964,3112,2651,2693,3330,3162,3060,2911,3065,3038,2702,2950,3224,2755,3058,3117,3146,3323,2943,3030,3496,2792,2739,3038,3028,3057,3207,2690,3273,2613,2866,3104,3026,3287,2912,3367,2843,3067,2910,2852,2891,2837,2856,2874,2997,2794,3091,3249,2751,2860,2722,2867,3117,2661,3323,2947,3204,3431,2996,3489,2893,2923,2919,2894,2789,2930,2783,3206,3276,2780,2994,2963,3182,2936,3134,3093,3063,3223,2516,2961,2935,3187,2898,2799,2933,2726,2699,3123,2645,2956,2689,3270,3060,3161,2926,3091,2741,2869,2849,3111,2646,3179,3047,2727,3081,3050,3048,3463,3002,3215,2917,2694,3404,2944,3076,2642,2901,3139,3242,3083,3009,2588,3111,2980,3169,2976,2998,2891,3014,2767,2940,3431,2965,2905,3343,3032,3281,2855,2810,2859,2885,2726,2801,2978,3073,3231,3183,2975,2968,3075,3132,2980,3063,3089,3299,3120,2870,2535,3149,3159,3037,3056,2897,2933,2901,3292,2671,2749,2935,175,226,168,152,126,128,132,114,127,146,189,118,128,133,153,192,169,218,150,127,178,168,147,117,157,115,274,189,117,131,102,113,148,180,128,144,92,157,133,129,117,121,110,119,221,98,115,200,255,129,149,137,293,135,152,185,166,147,157,122,139,146,169,137,156,202,169,161,162,161,129,166,124,233,197,138,144,113,179,178,168,102,179,158,120,167,167,153,130,170,144,170,228,87,153,162,151,141,104,133,192,119,154,110,169,122,131,188,160,232,210,172,218,165,157,140,126,130,194,140,172,158,163,156,197,208,121,163,138,152,198,168,124,116,125,114,125,145,193,166,81,199,177,188,200,83,132,159,82,209,149,177,136,155,201,167,168,134,129,127,144,181,192,132,150,181,131,118,125,189,135,208,217,177,172,217,167,97,189,142,146,226,134,116,116,125,167,176,183,101,100,131,118,140,176,161,159,175,155,136,174,131,143,139,179,121,143,162,102,110,113,86,143,171,143,165,208,146,165,209,132,126,142,99,122,126,139,219,109,165,99,156,142,123,177,129,129,109,128,170,129,186,132,164,137,109,208,145,206,172,132,144,231,225,161,151,171,116,156,139,193,137,102,88,126,157,137,170,201,143,161,117,126,161,174,140,217,127,155,247,148,202,149,165,136,168,103,145,120,178,200,146,161,176,154,170,106,153,85,107,11,11,7,7,4,6,14,8,7,7,5,6,8,7,9,7,9,6,7,14,6,8,12,6,8,6,12,6,7,11,6,6,7,9,6,8,7,10,4,6,5,5,7,8,7,8,8,7,9,10,7,8,8,12,7,5,6,5,6,6,8,9,6,6,7,8,6,5,10,9,5,7,10,6,7,5,13,12,7,8,4,6,6,7,7,9,5,7,9,10,4,7,9,5,5,6,7,8,8,4,8,7,10,6,4,9,9,9,6,9,5,8,7,9,6,6,9,8,6,13,6,7,6,6,8,5,7,9,6,4,13,17,8,5,7,8,8,6,9,7,6,9,12,8,7,7,10,5,7,6,12,8,12,6,7,8,6,6,11,6,6,7,6,7,8,5,5,11,7,4,9,8,6,5,10,8,16,7,10,7,10,9,10,6,8,7,8,9,7,5,7,7,8,5,6,6,4,6,6,8,0,0,0,0,0,0,0,0,0,0,0,0,0,0,0,0,0,0,0,0,26,29,20,22,21,28,27,29,23,23,26,26,24,24,27,24,25,24,23,21,21,22,19,16,19,22,24,21,18,20
HILLARD_T1,BatchA,1,2862,2564,2889,3351,2551,3066,2818,3198,2746,2856,3317,3173,2773,3521,2982,2733,3038,2854,2919,2807,2810,2913,2789,3036,2796,3038,2972,3047,2932,3139,3096,2869,3147,2691,3370,2906,3151,3084,2663,2761,3325,3345,2776,2923,2970,2980,3019,3039,2927,3087,2949,2835,2846,2778,2668,3081,3331,3205,2546,3252,2690,2685,3296,3189,3239,3209,2868,2641,3422,3033,2755,2768,3029,3258,3105,2975,2970,3033,3004,2857,3017,2769,2948,3183,3118,2776,2875,2712,2961,3344,2901,3125,2899,2885,2669,2922,2570,2886,2787,2955,2785,2899,2716,3241,2733,3067,2851,2753,2791,2964,3061,3053,2813,2788,3126,2985,3170,2989,3212,2891,2843,3008,3157,3066,3459,3028,2969,2621,2919,3065,2791,2382,2801,2812,3134,2768,3224,3063,3110,3667,2984,2937,2785,3150,2788,3003,2566,3092,3125,3068,3147,3008,2785,2775,2960,3462,3047,3217,2895,2641,2917,2938,3084,3116,2791,3009,2937,3193,2881,2863,2702,2978,2657,2766,2666,2797,3182,2963,3081,2951,3350,2950,3088,3288,3315,3140,3013,2773,2884,3317,3565,2931,2829,3114,3133,2979,3319,2887,3128,2768,162,197,131,184,96,169,124,138,125,133,166,117,129,143,145,219,182,170,144,110,145,152,132,109,167,131,288,216,137,144,118,114,163,150,111,125,92,137,135,144,124,128,114,106,231,122,117,226,256,130,117,147,207,130,149,194,154,135,159,103,149,149,171,139,182,198,157,160,147,162,136,151,138,227,189,141,138,105,186,177,146,111,184,159,100,121,159,135,154,128,154,166,201,74,123,154,154,141,119,160,187,101,198,139,128,111,123,189,181,181,181,136,213,158,183,142,131,117,163,127,160,129,151,169,227,167,93,155,107,138,174,179,140,141,150,109,111,145,226,172,90,187,174,184,230,95,146,201,94,180,204,201,127,168,169,164,150,165,135,174,142,142,188,128,122,196,152,135,159,185,131,207,197,159,196,248,143,102,240,121,174,158,104,119,109,139,177,198,155,109,93,153,150,167,184,147,186,164,170,126,148,143,180,146,178,167,153,177,109,109,110,83,133,180,136,158,186,180,173,167,156,130,131,120,155,111,188,241,123,155,107,159,143,103,183,131,122,117,117,171,134,131,154,206,151,142,152,125,194,132,124,159,199,246,142,173,188,119,168,140,158,131,106,111,100,129,150,251,185,124,159,171,121,144,177,154,186,120,128,252,143,190,137,169,145,136,122,187,110,191,193,144,140,202,147,163,134,139,113,115,8,10,5,6,4,6,14,7,7,7,6,7,8,8,10,8,9,6,9,12,6,6,12,6,10,7,11,8,7,12,8,5,6,8,5,9,6,8,4,7,5,5,10,7,6,8,7,6,10,10,9,9,10,11,7,7,6,6,6,5,7,8,7,5,8,10,7,5,9,7,5,8,8,5,7,5,11,11,7,6,4,6,7,7,9,10,7,6,9,12,5,8,10,6,6,7,6,9,7,5,10,7,9,7,6,9,8,10,5,9,5,8,4,8,6,7,9,7,6,9,8,7,9,5,9,5,6,10,6,4,11,17,7,6,6,7,7,4,9,9,5,8,11,9,6,6,9,4,8,6,13,7,9,6,8,9,5,6,10,7,5,8,5,7,7,5,5,7,7,4,10,8,6,5,10,8,14,7,6,5,8,8,10,6,6,8,9,9,6,8,7,6,10,4,5,7,5,5,7,6,4,4,4,4,4,3,4,4,4,4,2,3,2,2,2,2,2,3,2,2,33,35,26,27,29,34,32,34,30,30,33,31,33,30,30,33,33,33,29,29,21,22,19,18,21,20,25,20,20,17
CROWE_T1,BatchA,1,3204,2798,2972,3221,3029,2620,2840,3145,2835,2733,3099,3170,3249,3031,3057,2863,3022,3141,3477,3256,2887,2758,3141,3178,2650,2756,2969,2870,3155,2830,3301,3012,3088,2890,3265,2823,2951,2778,2825,3102,3063,2861,2556,3094,3212,3120,2877,2980,2994,3101,3023,3161,2729,3212,2944,3019,2588,3306,2722,3329,3126,3017,3331,2975,3313,3002,3139,3181,3225,3043,2981,2793,2884,3307,3037,3208,2813,2831,2850,3272,3101,2591,2864,3016,2802,3025,2901,2965,2991,2808,3178,2962,2954,2952,2631,2840,2835,3181,3012,2981,2980,3296,3049,2947,2949,2953,2691,2847,3155,2997,2972,2840,2992,3115,3223,2783,3203,3011,3238,2852,3028,2912,3197,3203,3279,3180,2972,2798,2879,2529,2992,2789,3058,3085,2472,2812,3218,3041,3274,3538,3237,2894,2923,3271,3052,2879,2830,2745,3359,2680,3006,2703,2594,2719,3035,3032,2986,3162,2685,2741,2972,2917,3345,2806,3119,2810,3193,2941,2936,3239,2910,2857,2772,2922,2776,2832,2986,3000,2845,3041,2844,2599,2944,3048,3038,2908,3260,2704,2635,3117,3470,3101,2903,3342,2528,2889,3079,2803,3185,3084,144,207,162,176,123,151,127,124,118,136,182,117,145,115,147,202,181,197,120,138,179,149,158,126,165,154,216,212,115,125,116,132,144,168,145,131,93,151,118,130,141,166,106,88,225,128,130,196,233,122,142,168,203,119,159,175,135,144,150,100,136,138,133,158,145,182,141,136,148,140,136,155,129,224,207,177,118,118,235,181,139,90,187,167,122,162,136,195,152,155,158,166,206,73,136,123,180,140,101,157,222,114,167,138,161,119,134,190,165,191,187,179,187,179,171,129,130,130,133,134,173,128,196,172,230,154,111,145,108,122,220,170,107,119,198,129,125,166,162,178,122,147,146,161,219,120,134,184,103,209,175,186,174,147,174,150,144,189,134,131,142,155,185,129,138,192,143,132,182,187,171,177,188,192,170,226,136,96,231,130,137,184,119,129,106,141,159,141,145,114,101,147,140,152,153,135,201,163,158,119,132,190,183,136,154,145,137,187,81,119,114,86,141,155,152,158,182,222,198,182,119,132,135,133,127,154,198,170,117,177,137,159,145,103,180,128,124,123,134,168,156,176,175,171,145,108,196,121,198,172,125,169,233,212,153,177,156,140,158,164,176,136,95,109,102,139,150,275,189,130,152,102,135,165,165,147,148,88,139,249,154,196,142,173,134,127,112,165,129,191,188,162,152,148,123,136,94,133,96,97,9,10,6,5,3,7,14,8,7,9,5,7,7,7,9,7,8,6,7,9,6,6,10,7,9,6,11,7,8,13,5,7,8,9,5,9,6,9,4,6,4,5,9,9,7,7,8,5,10,9,9,9,8,12,8,8,6,4,6,6,6,7,10,6,9,10,6,7,8,10,5,8,6,6,6,4,12,11,6,9,4,7,7,5,7,14,5,6,7,11,5,8,13,5,5,7,6,9,8,5,9,6,10,7,6,8,10,7,4,9,5,7,6,8,6,5,9,8,7,11,6,6,8,6,9,8,6,9,6,4,9,15,6,5,6,7,7,6,9,8,5,8,11,8,7,6,8,4,9,6,12,7,10,6,8,8,5,8,10,6,6,7,6,5,9,6,6,8,7,3,10,7,5,7,10,8,11,7,7,7,9,7,10,6,7,6,10,10,6,6,9,7,9,4,5,6,4,6,6,6,0,0,0,0,0,0,0,0,0,0,0,0,0,0,0,0,0,0,0,0,366,412,304,327,322,430,360,394,317,318,381,343,353,359,341,365,371,392,308,299,22,22,18,18,19,22,21,22,19,19
AARON_T1,BatchA,1,2798,2898,3242,3237,2619,2679,3375,3318,2843,3044,3216,3341,2745,2911,3002,3066,2928,2713,2986,3009,2766,2718,2897,2976,2667,2887,3130,3048,2987,3153,3524,2794,2716,2858,2808,3280,2852,2992,2922,2971,3100,3159,2946,2980,3078,3053,3086,3060,3293,3100,2719,3380,2800,3174,3003,3000,2830,2894,2775,2980,2926,2981,3069,3019,2867,3300,3150,3028,3095,2740,2786,3020,2727,3131,3165,3000,3040,2967,3162,2981,2913,3013,2904,2824,2793,2810,2905,3183,3335,3235,3232,3133,2983,2810,2962,2655,2772,2771,3330,3164,2789,3400,3112,2774,3047,3006,2769,3027,3215,2696,3033,3068,2915,2605,2731,2991,3229,2607,3090,2897,2713,2895,3031,2982,3197,3050,3471,2580,2945,2643,2954,3113,3242,3200,2650,2854,2956,2711,3242,3346,2776,2764,2770,2882,3196,3100,2795,3140,2925,2892,2951,3104,2676,2765,3434,3155,3259,3047,3062,2371,3166,2944,3056,3024,3253,2790,3178,3067,2987,3100,2646,2835,2873,2807,2957,2860,3137,2852,3088,3141,2986,3026,2935,3241,3327,2860,2909,2913,3019,3457,3379,2958,2618,3176,2757,2632,2956,2827,3333,2720,148,188,160,139,102,146,136,112,112,123,187,95,143,126,157,195,163,205,145,106,121,138,161,142,143,149,231,184,122,131,105,125,164,198,123,136,103,163,110,124,126,130,111,97,257,124,110,200,294,99,148,155,213,117,125,176,147,136,133,115,157,130,168,160,171,198,143,169,176,152,136,165,124,217,184,143,107,122,202,155,170,129,173,154,114,148,145,158,141,154,142,142,235,99,128,134,147,132,119,174,196,115,190,168,125,128,136,180,177,217,221,170,202,144,166,130,161,126,195,127,167,154,227,158,188,204,108,139,95,108,225,186,132,122,139,126,128,140,178,172,84,177,158,155,217,105,120,174,105,220,189,149,129,157,176,136,155,166,121,162,169,170,191,112,153,190,136,138,168,175,163,180,219,179,162,245,131,105,200,152,163,237,100,125,114,141,183,187,148,112,85,131,138,158,141,156,180,170,151,119,153,157,159,149,166,142,171,152,99,75,101,105,140,193,124,158,191,184,135,201,140,124,148,105,139,143,163,225,119,179,113,187,134,126,144,145,110,119,127,195,130,150,161,177,152,122,194,124,162,166,155,158,202,221,158,128,165,135,167,139,136,118,117,95,126,126,145,217,183,126,143,144,131,140,166,131,201,155,170,257,146,175,136,187,131,126,127,173,129,192,179,183,117,137,130,180,109,122,88,107,11,10,7,5,4,6,14,11,5,9,4,6,8,6,8,8,9,6,9,11,6,6,10,8,11,6,10,8,10,12,6,5,7,8,5,7,6,12,4,5,5,5,7,7,6,6,9,6,8,6,7,8,8,15,8,7,7,4,6,6,7,9,9,6,9,8,7,5,9,7,5,8,8,6,8,5,9,11,7,8,4,5,9,5,7,11,5,7,6,11,6,7,11,7,6,7,5,8,9,4,10,6,12,6,6,10,9,9,6,6,6,10,5,7,7,7,9,9,6,11,8,8,10,6,8,7,7,11,5,5,12,13,5,5,7,7,7,7,7,9,5,11,15,8,7,6,8,5,8,7,11,7,11,5,9,7,6,8,10,7,5,9,6,7,7,5,4,8,5,4,9,10,6,6,8,9,15,6,9,8,11,9,10,6,6,7,7,11,5,7,7,8,9,4,6,6,4,6,6,8,0,0,0,0,0,0,0,0,0,0,0,0,0,0,0,0,0,0,0,0,87,99,68,77,87,102,92,91,76,86,92,95,85,86,91,94,96,99,81,69,22,19,19,17,20,20,22,20,20,17
JUDE_T2,BatchB,2,3142,6127,3386,2930,2831,2690,5760,3065,5365,6326,3198,5626,5251,2983,6367,2836,3202,2940,2813,2949,3059,3019,3518,7833,2653,2816,6091,2981,2971,3250,3239,3162,2514,2946,3047,3163,3034,7676,2478,3052,5985,2731,2761,2896,3049,4891,3269,2696,3062,2764,5261,7376,3058,2842,6989,2912,3017,3234,6070,8188,2582,2944,3114,6369,2997,2995,2792,2687,3320,2640,2607,4209,2854,2998,2905,2904,5293,6358,3095,6182,2918,2953,3037,5653,2791,2894,3106,4233,3002,5946,6116,2978,3073,3920,2880,5953,6806,2829,3245,7216,2937,4960,2908,3229,3044,2802,2697,3016,6693,2492,3117,2933,3821,2548,3507,6181,2955,2931,3117,3219,2913,6402,2665,6044,3024,2915,3586,4291,2770,2886,7807,6172,3154,2974,2620,6328,3241,3108,3209,3407,10356,3252,4050,2953,3011,2670,2806,2812,3229,2802,2990,5563,8568,2789,2683,3192,6422,3040,2727,2894,2982,2479,3357,2809,5805,2614,3255,2938,9844,6451,3742,2965,2835,2804,2737,2918,3236,2918,3201,7273,3339,7475,2810,2889,2930,3173,3288,2718,6240,5891,3341,8595,3182,4785,4395,3050,9207,2660,2988,8203,147,210,231,142,110,164,131,121,111,149,183,168,143,150,154,191,150,175,222,113,262,149,150,112,143,160,223,186,154,268,180,139,130,190,125,102,222,133,125,396,135,147,90,126,611,122,122,226,228,264,125,168,208,182,248,179,170,246,247,300,341,313,193,118,278,206,344,140,145,140,204,155,164,445,190,130,121,118,208,143,222,99,174,485,213,144,155,336,285,326,137,354,486,112,153,380,193,151,99,289,222,96,168,166,163,118,125,183,202,165,206,189,212,145,185,150,217,105,191,112,176,128,233,190,234,311,262,153,116,210,378,153,119,361,268,126,115,459,211,395,159,174,221,140,565,97,155,337,204,176,160,462,123,154,536,191,129,214,112,165,165,181,561,111,136,189,261,374,170,164,138,182,180,169,519,382,127,145,215,114,148,192,238,95,234,125,383,174,296,102,94,130,404,173,164,142,189,138,381,106,140,173,201,144,536,120,134,196,92,97,102,186,117,342,216,405,205,194,133,208,171,125,394,106,115,610,181,200,181,143,150,259,159,299,435,296,142,128,303,160,138,179,204,384,141,275,453,155,171,143,241,147,579,218,150,161,196,441,420,141,141,130,229,161,262,120,122,457,449,116,147,136,150,126,462,116,182,110,138,533,143,288,130,188,160,135,156,138,110,292,421,148,136,291,122,327,82,358,205,102,10,25,13,13,4,6,19,8,6,8,12,6,8,6,9,9,20,10,9,31,9,13,12,16,20,7,11,13,7,12,6,6,7,19,5,15,7,9,4,7,5,6,14,7,20,7,10,5,9,8,8,13,8,33,7,11,19,5,7,10,8,10,13,4,20,8,15,7,9,8,5,16,7,5,9,6,15,11,7,8,4,5,7,5,9,14,8,10,8,13,6,8,14,5,7,8,7,9,18,4,20,6,23,25,6,10,9,10,6,11,6,7,5,8,6,14,22,7,13,12,5,7,9,17,8,15,7,19,6,4,11,12,6,11,15,13,15,7,22,9,5,9,15,7,6,8,10,6,7,5,17,7,10,9,10,9,6,8,22,18,11,9,8,12,15,6,5,10,6,4,10,7,20,6,9,8,14,18,8,26,14,8,11,7,7,5,10,10,11,19,9,12,10,5,7,7,4,5,5,8,0,0,0,0,0,0,0,0,0,0,0,0,0,0,0,0,0,0,0,0,105,105,80,94,85,102,90,110,80,80,91,95,92,85,92,94,101,99,79,72,23,21,20,17,21,21,23,21,20,19
SABRA_T2,BatchB,2,2928,6041,3155,3273,2801,2897,5396,2697,4950,6469,2977,5699,4617,3174,6398,3076,3075,2594,3079,2962,2885,2732,3101,8035,3106,3145,6473,3017,3114,2781,3065,3002,2811,2998,2702,3224,2920,7201,2761,3127,6650,3050,2760,3024,3240,5579,3327,2912,2754,3114,4152,6101,2502,3107,7244,2941,2858,3607,5424,8501,2921,2987,2894,6084,2673,3049,3411,2926,3319,3265,2404,4359,2610,3301,3071,2884,5390,6224,2955,6583,2909,3242,2926,6537,2927,3455,2787,4804,2911,6479,5812,2709,2901,4432,2428,6100,6633,2651,2984,7349,3052,4752,3160,3461,2892,2889,3270,2905,7249,2800,2840,3084,3663,2563,2850,5615,2697,3220,2963,3221,3145,6763,3224,6621,3018,2969,3323,4996,2864,2572,8055,5374,3224,2846,2883,6306,3182,3166,3038,3575,11594,2808,4111,2983,3052,2776,2865,2641,3274,3554,2852,6857,8520,2635,2710,3179,6456,3214,2448,2919,2733,2669,3176,2826,5315,2917,3126,2962,10538,6550,4167,3179,3130,3046,2844,2898,3486,3113,3000,7645,2988,6702,3165,3228,3038,3452,3406,2680,6450,6391,3021,7287,3226,5199,4234,3107,9752,2957,3041,8144,151,175,219,152,92,157,117,127,125,126,153,228,133,131,127,180,179,207,248,152,261,135,172,102,146,176,233,174,130,325,221,144,131,220,130,131,221,144,118,397,114,158,101,118,695,104,122,189,260,296,139,203,240,160,288,181,189,279,211,284,221,317,150,146,322,197,337,164,161,135,168,174,152,468,165,159,108,107,181,155,269,119,153,464,218,129,147,301,281,277,147,448,556,114,147,326,146,148,90,337,192,126,165,138,163,116,135,221,242,209,189,187,255,145,168,133,227,112,184,107,171,117,162,163,239,312,255,158,132,209,301,216,126,298,350,116,139,461,202,417,164,150,133,178,561,89,115,389,203,204,166,510,120,209,511,134,161,214,138,131,141,139,488,119,136,222,225,398,150,184,127,182,197,178,441,368,142,126,242,151,162,207,295,113,272,138,326,171,233,102,113,165,513,180,196,171,175,155,372,143,137,172,206,144,520,141,145,167,98,111,126,162,149,308,225,336,153,184,151,194,148,119,466,126,129,455,186,250,171,178,120,357,147,292,397,281,128,123,341,176,110,142,173,340,157,236,474,139,194,203,241,149,504,246,166,146,163,472,373,151,159,133,221,178,221,142,157,435,365,112,180,158,144,160,359,120,168,124,171,579,150,311,149,152,149,169,151,148,109,362,414,155,142,286,127,312,111,288,193,100,11,25,17,12,3,6,21,8,7,7,12,8,8,8,8,8,21,12,8,25,8,17,10,14,14,6,10,15,8,13,6,6,7,22,6,16,6,10,4,7,4,5,14,7,19,6,9,6,10,8,8,13,8,26,7,13,22,6,8,11,6,9,17,6,15,10,15,6,8,7,5,18,7,7,9,5,17,11,7,8,4,6,7,5,10,12,9,12,6,10,5,8,13,4,11,6,6,8,19,4,26,7,21,23,7,9,10,12,5,10,6,7,6,8,5,11,25,10,12,8,7,6,7,15,9,16,6,19,5,3,9,12,7,10,13,14,20,6,28,10,4,10,12,7,6,6,10,4,7,8,22,8,10,8,8,9,6,7,24,22,11,7,8,14,16,4,5,7,7,3,7,8,14,5,8,7,15,18,8,19,16,8,10,6,6,6,9,12,11,17,8,11,11,4,6,6,4,5,7,7,0,0,0,0,0,0,0,0,0,0,0,0,0,0,0,0,0,0,0,0,19,21,18,17,19,20,22,23,18,18,20,20,19,21,20,19,21,22,16,17,21,22,18,17,21,23,23,21,19,20
JOHNER_T2,BatchB,2,2809,5792,3140,3468,2811,2728,5445,2881,5399,5526,2905,6152,5765,2735,6773,2555,3201,2963,2963,2797,2861,3044,3455,7867,2974,3207,7015,2883,3028,3566,3489,3157,2864,2328,3179,2944,3003,8171,2788,3091,7013,3240,2750,2979,2988,5809,2943,2940,3016,3057,4052,7111,2581,2784,6817,2901,3044,3206,5656,9446,2775,3204,2922,6015,2985,2741,3001,3135,3133,2929,3130,4493,2965,3780,2754,2782,4845,6625,2760,6324,2943,3011,2735,6271,3103,2770,2723,4232,2892,6944,5987,2824,2993,4758,2850,7151,6849,2720,3060,8173,2673,5449,2768,3117,2524,3069,2810,3064,7016,2889,3222,2716,3822,2917,2825,5788,2800,3241,3161,3208,2804,6848,3190,6341,3045,3100,3038,4456,2656,2734,7028,6100,3061,2979,2846,7010,2861,3169,3433,3230,10552,2958,4519,2965,2752,3090,2568,2839,3171,2824,2911,6560,8011,3059,2949,3194,5579,2868,2950,2749,2911,3195,3400,2981,5158,2841,2871,3302,9627,7528,3949,3406,3003,2835,2715,2892,3155,3182,2840,7612,3207,7017,2749,3199,3295,3078,2867,2486,6594,6160,3234,8269,3477,5084,4369,2542,8947,3015,3017,8649,164,214,242,165,89,140,135,120,134,111,201,198,143,117,130,157,155,205,235,128,332,200,162,130,139,141,228,200,115,318,211,126,146,181,136,135,177,123,115,439,150,135,113,119,839,97,131,208,232,253,113,149,225,210,211,170,139,228,184,253,251,278,159,121,291,155,447,172,133,136,217,175,131,442,190,184,124,124,227,159,209,100,183,452,219,141,147,321,270,310,133,395,443,98,124,269,187,115,104,333,203,108,170,132,112,114,164,165,252,243,199,273,206,159,149,152,225,125,166,111,166,141,211,173,234,276,267,122,128,214,317,151,133,340,294,131,129,411,198,394,200,147,171,151,651,109,134,376,201,168,143,552,157,167,462,140,137,206,123,167,115,162,455,124,153,201,224,374,134,186,161,190,201,170,445,389,152,140,229,142,150,187,258,111,279,128,373,153,289,112,99,159,451,148,163,149,196,140,371,138,165,168,181,147,587,139,149,157,114,106,119,203,128,300,249,281,212,204,168,218,146,114,413,128,136,527,182,253,166,149,119,286,168,301,477,305,149,112,367,184,145,167,168,459,152,262,481,129,208,146,238,158,487,197,155,167,191,449,332,149,156,135,230,193,252,112,119,467,372,143,154,133,116,165,392,136,178,134,136,649,167,345,160,152,171,132,145,148,140,319,478,148,153,296,114,381,118,334,191,104,11,20,14,16,3,8,22,10,9,7,12,6,9,7,8,8,18,12,8,36,9,16,10,12,15,6,10,12,9,12,7,5,6,19,4,17,7,8,4,7,4,7,12,6,14,7,6,5,8,11,8,15,9,25,8,16,24,5,7,11,7,7,17,5,18,8,14,6,8,7,5,17,8,6,9,6,21,7,7,7,4,5,6,6,8,14,8,10,9,11,6,9,10,5,11,6,7,6,18,6,22,6,19,18,7,9,10,10,4,10,5,8,5,8,6,12,26,7,13,10,5,8,10,16,8,16,6,27,5,4,14,13,7,13,15,14,16,6,25,11,5,9,12,8,6,8,9,4,8,8,24,7,11,9,10,7,5,8,28,19,12,7,7,11,16,4,5,7,6,5,9,8,21,5,9,7,15,19,7,19,14,7,11,6,8,8,10,9,10,24,8,13,8,5,7,6,4,5,5,8,0,0,0,0,0,0,0,0,0,0,0,0,0,0,0,0,0,0,0,0,12,13,9,10,11,13,11,12,10,10,12,12,10,12,11,11,12,12,10,9,21,22,19,17,21,24,22,20,20,18
FERRO_T2,BatchB,2,3113,6098,3417,2883,2591,2752,5108,2905,4866,5950,3241,5819,5244,3081,7040,2598,2947,2749,3534,2771,2778,2927,3245,7918,2624,3304,6051,3135,3032,3151,3409,2835,2846,2690,3131,3105,2916,8042,2755,3242,6402,3121,2817,3078,2935,6245,2740,2793,3256,2854,4712,6730,2734,3021,8349,2899,3036,3452,5722,9320,2579,2764,2843,6409,3060,2907,3040,2867,3127,2875,2704,4760,2849,3198,2945,2945,5257,6173,3017,5841,3011,2948,2770,5662,2733,2762,3022,4459,2823,6551,7051,3243,2868,4163,2623,6330,5924,2599,2980,7381,2845,5066,3249,3001,2978,3021,2950,2920,7530,2793,2909,3277,3472,2997,2968,5583,2945,3144,3092,2945,2639,6001,3191,5872,2854,3340,3184,4553,2873,3202,8087,5650,2877,2766,2694,6288,2929,3353,3513,3845,9954,3028,4086,3271,2810,2835,2740,2732,3244,3308,2725,6415,7903,2978,3047,3685,5717,3169,2712,2771,2634,2718,3451,2743,4998,3167,2998,3247,9647,6966,3814,3013,2855,2999,2772,2968,3183,2742,3207,7413,3386,7290,3215,2873,3145,2892,2990,2585,6466,6275,3156,8373,4086,5119,3883,3079,8897,2961,2894,7949,173,205,216,182,100,161,129,116,132,154,156,198,147,130,123,170,182,194,274,143,345,160,151,102,151,139,281,225,106,259,203,125,136,208,121,113,207,126,132,356,121,161,100,116,758,117,108,256,244,260,117,205,193,169,230,172,159,210,201,284,218,300,144,138,284,196,354,179,166,144,174,171,142,410,233,185,122,142,193,133,235,105,216,497,227,128,167,326,283,286,136,426,484,108,146,312,147,129,92,329,199,108,186,123,172,100,146,204,241,191,198,210,222,153,190,137,275,147,197,135,173,150,186,172,234,305,288,142,122,182,392,191,153,264,386,128,160,481,192,356,149,183,145,167,700,90,128,404,186,183,152,454,128,180,517,132,161,206,128,144,127,158,447,119,151,203,194,416,159,211,148,161,181,175,417,388,173,123,203,132,155,220,284,117,229,130,404,164,296,108,97,149,448,152,161,139,187,180,416,131,155,161,228,145,573,132,129,189,96,96,111,177,146,364,284,325,167,214,165,161,148,114,439,112,124,497,187,194,180,151,124,274,145,276,446,291,132,117,343,153,149,196,154,352,138,247,510,160,185,178,239,169,580,239,144,177,195,498,344,147,178,120,234,174,205,126,159,564,474,125,137,137,150,142,462,148,195,114,164,647,180,379,163,166,139,139,137,153,116,407,496,185,146,312,144,308,91,314,167,117,12,26,13,13,3,7,22,8,6,8,11,8,8,6,13,7,25,12,10,31,9,12,11,14,18,6,10,11,9,12,5,6,8,20,4,18,6,10,4,8,5,6,12,7,19,8,7,6,9,8,9,15,9,31,8,10,19,7,8,11,8,7,15,6,15,9,15,5,8,8,5,13,8,6,7,5,18,9,6,7,5,5,7,6,8,14,10,12,11,11,5,8,11,5,9,7,6,9,16,5,22,7,18,18,5,9,10,12,5,8,5,8,5,6,5,11,20,7,15,12,7,8,8,13,7,19,7,20,5,3,11,14,8,12,12,17,17,5,23,7,5,10,9,9,7,6,8,4,9,7,22,7,9,11,8,8,5,8,35,21,10,8,7,13,12,5,5,9,7,4,8,8,18,4,9,7,13,20,8,16,17,8,9,6,8,7,9,11,12,20,8,10,8,4,7,7,4,7,6,6,0,0,0,0,0,0,0,0,0,0,0,0,0,0,0,0,0,0,0,0,99,120,92,89,100,123,111,115,104,94,114,115,108,103,106,104,123,115,96,90,23,22,19,17,19,23,21,21,20,20
WIERZBOWSKI_T2,BatchB,2,2800,6473,3155,3089,2780,2770,5522,2793,5451,6146,3023,6602,5482,3299,6584,2632,2847,2594,2982,3054,2878,3016,3099,7901,3207,2979,5714,2655,2980,3022,3315,2671,2941,2718,3282,3016,3182,7434,2952,3329,6240,2912,3143,3095,3033,5869,3148,3274,3254,2903,4681,6837,2697,2835,8832,2765,3057,3197,5692,9744,2497,3112,3136,5576,2949,3240,2965,3119,2881,2857,2672,4606,2851,3088,2958,2909,5037,6818,3135,6390,3190,3080,2753,6703,2683,3141,3091,4056,2703,5395,6240,2891,2958,4458,2706,6064,6106,2835,3053,7463,2766,5227,2982,2610,2913,3396,2831,3021,7031,2547,3154,2912,3788,2776,3250,5847,2695,3065,3468,2857,2702,6397,2873,6307,3091,2914,3202,4440,2757,2706,8084,6160,3112,2812,2709,5642,3222,2935,3309,3627,10910,3071,4859,3004,2699,3317,2776,3269,2856,3124,3138,5818,8423,3114,2850,3250,5001,2990,3161,2983,2905,2989,3359,2887,5600,2826,3098,2629,11039,6881,4196,3169,3282,2905,2779,2970,3045,3276,3140,6981,3249,6705,2943,3348,2853,2896,2719,2882,6710,6195,3324,8975,3200,5400,3944,2723,8776,3051,2972,8790,155,194,275,179,95,111,141,120,127,131,181,217,141,126,133,192,173,193,268,140,302,152,156,102,156,169,275,185,121,314,219,117,153,197,150,110,204,156,139,410,129,171,107,132,669,97,94,182,291,279,130,137,201,189,249,178,153,237,241,279,245,295,145,120,334,169,350,164,116,157,179,152,132,394,201,143,122,131,178,168,211,99,185,541,256,136,157,301,339,308,144,407,494,108,140,306,157,120,98,300,234,113,190,129,135,131,133,194,238,235,194,227,244,149,142,150,259,144,173,119,178,133,196,159,240,262,278,156,95,197,341,170,135,351,337,120,126,437,174,446,156,130,149,173,570,98,112,332,258,181,181,560,127,165,530,167,189,213,131,138,169,179,477,133,148,173,224,391,138,170,135,201,183,180,550,312,157,122,212,133,150,199,236,107,244,148,337,176,265,110,95,146,474,168,167,121,195,131,414,137,131,145,207,137,800,145,141,158,93,107,95,155,158,312,232,378,197,237,139,177,190,126,449,102,94,502,169,267,149,154,119,265,161,275,402,334,119,125,352,187,150,127,166,331,138,262,485,124,204,167,208,147,596,250,140,128,191,509,322,146,161,131,211,174,268,137,120,450,377,120,148,145,140,138,420,141,180,90,139,481,177,300,131,149,191,130,173,162,115,282,486,171,156,254,131,368,81,269,190,126,10,20,16,15,4,8,21,8,6,9,15,8,8,6,9,6,22,12,10,24,8,14,11,12,15,7,11,15,8,13,7,7,6,21,4,14,7,10,5,6,5,7,12,7,17,8,8,6,9,9,8,16,8,27,10,12,18,6,7,11,7,7,14,6,12,8,15,7,10,8,5,13,8,6,9,5,15,8,6,6,4,6,8,6,11,12,9,9,7,9,4,7,11,5,9,6,6,9,19,6,24,7,21,20,6,9,11,10,5,9,6,8,5,7,6,12,30,7,14,12,7,8,9,16,8,18,7,22,6,3,11,11,8,11,14,12,22,5,28,7,4,11,10,6,6,7,9,4,9,7,22,8,12,10,9,8,6,10,30,20,8,9,6,11,19,5,4,8,7,3,9,8,17,5,9,7,10,20,8,19,15,7,11,7,8,8,8,10,9,26,7,12,9,5,6,6,4,5,6,8,0,0,0,0,0,0,0,0,0,0,0,0,0,0,0,0,0,0,0,0,14,15,12,12,13,16,15,14,13,12,14,13,14,13,14,14,16,14,13,12,21,22,17,20,21,21,23,23,19,20
HILLARD_T2,BatchB,2,2866,6500,3370,2938,2738,2738,5146,2749,5410,6011,2992,6619,5668,2801,6098,3086,3282,2900,3198,2526,3069,3040,3215,8114,3030,2822,5905,3291,2992,2981,3460,2935,3089,2826,3029,2986,2789,7877,2416,3200,6695,3012,2864,2974,2788,5796,3047,3395,3007,3059,4301,6266,3119,2969,7713,3072,3157,3188,5893,8919,2700,2984,3288,7252,3012,3107,2808,2956,3298,2852,2523,4158,2938,2859,2955,3355,5512,6024,3159,6102,3171,2724,2591,6249,2740,3124,3327,4967,2774,6075,6308,3011,2908,4125,2760,6230,5488,2776,2916,6711,3057,4981,3112,3041,3232,2904,2829,2975,8055,2639,3254,3026,3452,2896,3203,5477,2939,3152,2971,3077,3017,6324,3042,5811,3106,2813,3306,4420,3031,2746,7566,5746,2789,2760,3129,6295,3052,3240,3768,3420,9622,3104,4490,3148,2867,3278,2600,2775,3210,2894,2727,7190,8469,3167,3062,3431,6608,3227,3078,2925,2841,3030,2993,2860,5521,2850,2948,2847,9420,7064,4251,2954,2833,2823,2638,2700,3053,3055,2928,7267,3244,7327,3130,3161,2693,3077,2851,2712,5692,5648,3171,7603,3517,5226,4060,2634,8346,3055,3196,8299,160,209,203,162,98,169,121,120,128,135,200,224,151,155,126,181,179,222,286,169,305,146,151,146,155,173,290,234,124,296,186,134,170,178,130,158,204,141,113,425,117,129,87,117,810,124,115,207,253,264,112,159,189,226,224,180,165,278,263,292,212,281,169,121,276,214,424,166,175,137,184,153,155,473,197,160,132,118,220,156,233,108,178,410,209,115,185,285,294,267,129,445,553,109,142,371,177,135,108,368,186,118,178,134,157,122,150,182,237,208,169,238,242,181,198,116,283,131,191,126,161,128,236,194,222,328,249,162,125,194,344,159,131,324,303,127,126,394,178,376,192,143,114,168,589,122,127,483,173,208,140,494,166,165,475,162,176,203,138,134,130,159,479,129,142,234,251,339,137,197,174,178,189,191,434,404,131,102,184,133,139,218,252,120,290,160,364,158,279,123,96,165,441,163,170,160,155,144,420,133,153,136,194,131,563,138,140,179,99,146,99,196,144,283,211,306,188,213,153,198,160,116,410,127,129,504,160,212,168,171,118,258,143,306,424,244,134,115,291,161,152,123,159,372,133,266,448,128,188,147,258,147,491,266,171,166,181,514,457,143,152,121,193,167,317,145,134,476,402,118,140,131,131,183,460,131,169,115,155,540,165,325,158,205,124,148,157,149,125,329,441,163,130,260,156,326,96,278,210,104,13,22,15,13,3,7,21,7,6,8,14,6,7,7,9,8,20,9,11,32,11,12,9,15,16,7,8,13,9,11,7,6,7,20,4,15,7,10,5,6,5,6,14,6,15,8,8,9,8,10,9,18,7,31,6,10,22,6,9,12,7,8,16,5,17,12,15,7,7,8,5,13,8,6,8,6,16,12,6,7,5,5,7,5,9,11,9,12,7,10,5,7,14,6,9,7,6,7,15,5,25,6,19,20,7,6,8,11,5,9,6,7,6,8,5,11,23,9,11,11,9,6,9,14,7,17,6,19,6,5,10,16,7,10,17,15,16,6,20,9,5,10,11,7,5,7,8,5,7,7,27,7,15,9,10,7,5,8,29,18,9,7,7,13,16,4,4,7,7,3,9,8,19,5,8,8,15,27,7,19,14,8,12,8,7,7,9,12,11,22,9,9,9,4,7,6,4,6,7,7,0,0,0,0,0,0,0,0,0,0,0,0,0,0,0,0,0,0,0,0,110,125,90,101,113,123,121,116,107,100,117,110,118,113,124,111,131,115,95,91,22,21,19,19,21,21,23,22,21,19
CROWE_T2,BatchB,2,2854,6251,3099,3211,2694,2748,5146,3087,5413,6029,2923,6110,4677,3106,6589,2889,3236,3087,3063,2645,3076,2674,3211,8510,2965,2804,5972,3161,2976,2796,3085,2989,2875,3050,3271,3173,2898,8174,2964,3047,6840,2954,2871,2987,3364,5883,3207,3097,3404,3035,4901,6682,2393,2919,7125,3148,3329,3602,5738,9477,2946,3072,2771,6304,3240,3041,2603,2752,3043,2926,2788,4479,2529,2983,2934,3197,5272,5795,3031,6062,2989,2629,2982,6068,2811,3252,2755,4257,3036,6645,6691,3040,2856,4898,2623,6163,6169,2886,3302,7044,2851,4912,2830,3220,3128,2947,2579,3069,7394,2931,3097,3131,3393,3061,2868,6485,3412,2787,2635,2858,2518,5996,2930,6621,2698,3127,3412,4419,2903,2809,7750,6066,3342,3169,2757,6228,3229,2954,3522,3415,9584,2683,4607,2977,2956,2825,2885,2963,3470,2907,2948,6204,8459,2782,3009,3154,5931,3334,2963,2975,2909,2970,3280,2549,5380,2903,3455,3066,10225,6586,4311,2989,2887,2772,2897,3110,3407,3212,3209,7458,3375,6927,2652,3117,3031,3301,2938,2938,6405,5946,3365,7205,3446,4659,3955,2664,8459,2790,2822,8453,173,193,212,170,90,147,104,139,117,135,152,209,148,120,170,190,141,208,233,150,295,156,134,110,140,183,234,216,135,281,226,147,141,202,130,101,189,143,130,424,129,136,99,115,744,129,110,221,252,256,159,145,231,203,220,131,163,214,268,324,211,279,168,115,344,200,347,145,127,145,181,156,131,378,224,156,129,124,200,162,214,89,173,437,215,121,155,329,334,302,143,382,396,104,143,335,164,113,96,370,209,103,213,138,135,126,138,192,245,206,188,206,200,147,171,136,288,132,164,112,160,158,186,174,231,335,246,157,113,220,340,172,114,341,296,110,134,396,168,319,174,162,145,148,674,88,149,444,245,191,140,523,124,160,511,150,183,146,127,162,124,171,525,124,165,211,226,371,179,158,147,208,167,211,401,356,147,127,185,136,128,187,233,121,261,111,355,161,232,104,103,158,388,148,179,144,165,126,350,124,139,141,224,124,547,131,153,184,95,121,99,159,156,293,205,285,203,198,152,233,178,123,511,115,121,446,185,234,180,132,114,300,152,360,412,322,125,124,436,159,149,167,146,399,152,242,566,143,195,151,286,181,512,200,139,175,193,457,433,154,180,115,283,189,247,144,153,419,394,115,156,126,141,161,459,120,211,125,161,676,155,376,132,172,146,135,179,174,104,290,430,152,126,260,153,312,97,307,240,100,13,25,16,12,3,7,22,7,8,9,11,6,8,8,10,8,25,11,9,29,10,14,9,14,15,6,10,12,11,10,7,7,7,22,5,19,5,9,5,7,4,7,10,8,18,8,7,7,9,10,8,18,6,30,9,12,17,6,8,12,8,9,18,7,14,9,12,6,9,9,4,14,9,6,8,5,19,11,8,7,3,6,6,5,8,13,10,8,8,12,6,7,9,5,8,7,7,8,17,5,19,6,20,20,7,8,8,10,6,8,7,8,5,8,6,10,27,7,12,8,6,9,7,14,9,17,7,27,5,4,12,15,7,12,18,16,16,5,25,9,5,8,12,8,6,7,10,5,8,7,22,7,10,9,12,8,6,7,28,17,10,8,6,12,13,5,4,7,8,4,9,8,15,5,10,8,11,21,9,17,14,10,9,7,7,7,8,10,10,20,8,13,9,5,5,6,3,7,7,8,0,0,0,0,0,0,0,0,0,0,0,0,0,0,0,0,0,0,0,0,47,52,39,39,45,51,48,51,42,41,49,44,50,45,50,49,51,51,39,45,22,23,19,17,20,20,22,21,20,18
AARON_T2,BatchC,2,3078,2700,3254,3271,15660,2480,6980,13052,3062,3117,13190,11170,6763,20089,2872,3240,3189,2702,2887,3524,14205,10970,3193,7413,4841,14649,3003,13618,3261,8533,3407,2912,2902,5265,2877,3400,2889,6987,2959,3380,3020,2975,2682,2780,3003,3039,19476,2882,31557,17287,2963,2961,3051,3363,2965,3136,20022,6964,9547,3165,2913,2908,3245,19511,3113,3067,2919,13038,3179,3048,2966,6977,2895,3286,3168,3170,3182,16277,3349,20789,3082,3265,2822,8728,2751,3113,2805,2911,24010,2937,2920,2749,2825,3026,9813,18510,9300,2892,2929,2601,2966,3377,3167,4427,2754,2709,2751,2805,2908,2822,3004,2765,3290,5117,3012,2876,3102,3320,6670,13941,2872,3076,3069,3269,2955,2939,3065,2639,11185,3062,3043,2949,22647,2971,2599,8232,3000,3385,3137,13620,3052,2758,2701,3505,2606,2987,11891,2998,2961,3102,2799,12687,2624,2954,4862,3185,2877,37245,2954,17523,3237,7447,13405,10174,3087,2832,26273,19058,2826,26741,2869,2895,2902,2714,6866,11619,2900,2766,2834,2774,15707,9373,3230,3222,3057,3340,14829,2882,14333,3145,11578,2620,2696,9710,2815,4208,3128,23062,2956,3091,205,600,147,211,118,130,382,125,127,145,153,159,374,122,163,561,176,187,161,148,162,182,540,1520,133,145,1332,204,108,1185,132,139,156,170,121,111,110,505,113,508,143,1125,102,384,645,112,115,752,238,104,132,146,188,117,134,152,178,143,123,104,308,162,469,720,854,798,186,568,163,134,338,155,138,2331,1056,175,113,154,222,140,156,105,168,148,113,144,148,149,448,152,172,140,204,92,162,199,670,751,126,1007,174,113,200,117,132,117,149,313,166,217,201,491,1489,183,181,128,143,531,186,112,188,756,168,176,231,201,109,779,193,133,230,160,132,127,134,324,692,166,204,629,83,1980,166,161,225,703,161,170,718,187,169,169,142,487,227,144,167,749,135,362,156,575,167,1507,165,195,137,1009,149,144,117,749,555,179,149,928,1108,97,410,115,381,200,582,214,112,564,182,968,134,516,426,130,142,164,587,157,197,163,391,117,135,121,164,203,164,529,791,173,108,119,110,118,356,700,132,145,159,193,137,233,664,133,128,138,141,132,573,177,1753,150,108,151,149,95,191,963,123,410,125,172,144,136,145,192,141,107,161,125,190,174,123,163,1098,259,149,133,178,284,260,133,151,145,638,343,99,532,157,222,178,142,132,122,142,152,193,144,170,111,150,871,534,190,169,455,559,140,117,163,301,195,1175,537,167,421,137,169,266,353,97,98,31,10,24,18,4,6,16,50,13,9,5,8,6,38,8,8,33,5,8,12,14,5,10,36,10,36,10,11,12,12,6,30,6,9,24,12,6,10,9,24,15,32,38,7,38,50,11,5,9,8,7,8,9,56,7,8,6,41,37,15,19,8,32,16,10,10,8,14,33,6,26,43,8,6,8,5,12,12,7,45,3,14,7,6,9,46,6,22,138,11,6,8,11,4,14,9,6,9,7,4,8,7,17,6,21,17,8,10,4,8,6,8,4,7,6,5,9,7,6,10,20,7,18,7,9,5,36,11,6,4,11,55,7,5,8,22,8,19,8,12,13,9,11,7,8,17,63,16,8,6,36,7,12,8,18,8,6,9,47,7,12,9,7,7,7,59,5,10,8,4,33,7,6,6,7,34,14,7,9,6,8,12,10,24,13,7,8,51,6,7,28,19,10,28,7,7,14,6,37,8,0,0,0,0,0,0,0,0,0,0,0,0,0,0,0,0,0,0,0,0,39,42,36,34,35,42,40,40,39,35,41,38,41,36,46,38,43,43,34,33,23,22,19,18,20,20,24,22,19,18
JUDE_T3,BatchB,3,3048,6020,2884,2909,2557,3135,5345,2841,4988,6172,3671,6463,5263,3254,6801,3075,3111,3083,3238,3053,3085,2947,2882,7495,2827,3194,6434,3012,3183,2834,3352,2989,2774,2560,2796,3195,2819,7526,2903,3363,6567,2834,3046,2957,3165,5844,3126,3313,2981,3115,4708,7000,2788,2979,8286,2683,2900,2920,5515,7861,2834,2830,3211,5872,3109,3206,2745,2982,3045,3126,2873,4172,2875,3090,3076,3265,4761,6636,3275,6591,3150,2945,3073,6402,2942,3248,2717,4206,3084,6376,6379,2988,3093,4097,3013,5813,6949,2821,2953,7239,2959,4894,2938,3460,2868,3121,2903,3351,7617,3015,3221,2949,3340,2791,3044,5151,2842,2875,3053,2602,2702,5997,3084,5981,3092,3122,3562,4402,2559,3138,7518,5771,3279,3060,2835,5836,2824,3119,3479,3748,10121,2945,4479,2739,2956,3078,3298,2970,3118,2972,2980,6160,8165,3196,3198,3385,5509,3122,2894,2900,2884,2835,2991,2835,4845,3127,3076,2780,9323,6709,4179,2987,2768,2840,2864,2892,3322,3088,3180,6658,3132,6856,3013,3164,3197,2940,2974,3072,6958,5918,3177,7211,3562,5206,4214,2842,10061,2771,2525,8573,174,237,213,205,100,156,120,130,119,151,188,234,181,111,115,159,180,186,226,148,334,181,153,112,149,147,220,235,128,278,191,127,143,196,137,134,266,159,135,384,111,140,101,111,808,128,108,211,252,217,158,169,214,202,240,186,159,235,223,280,284,260,162,121,349,178,337,144,116,174,211,168,178,393,167,148,127,138,186,147,286,96,189,477,213,152,148,313,277,279,166,445,502,112,153,320,151,143,94,359,198,108,177,143,160,103,122,181,228,208,178,223,217,130,193,142,280,136,146,122,184,148,210,167,236,269,274,148,128,218,324,172,133,341,263,114,119,465,181,312,181,167,166,172,485,106,119,420,193,217,170,517,140,201,536,173,143,181,115,139,146,169,496,110,183,174,228,405,146,189,144,180,195,222,479,395,161,126,244,136,152,170,235,155,292,122,371,155,236,113,72,151,516,147,165,190,206,172,414,131,146,147,185,139,469,155,152,177,94,135,120,197,121,281,237,359,199,203,134,206,158,139,502,110,121,511,154,190,177,139,110,313,142,270,417,265,117,117,376,143,160,174,153,485,133,245,530,141,158,168,240,185,485,265,128,165,190,474,346,152,150,119,220,176,210,166,137,452,419,146,144,165,109,150,399,123,182,136,162,528,148,338,150,159,177,148,149,142,150,300,503,158,163,253,147,311,106,360,254,103,8,21,13,11,4,7,24,8,8,7,9,6,9,8,9,8,19,13,8,31,10,15,12,16,15,7,12,13,7,10,6,6,6,20,6,20,7,10,4,6,5,5,12,6,17,6,6,7,10,9,6,17,8,32,8,15,20,7,8,13,8,8,17,5,18,8,15,6,8,7,4,17,7,6,7,5,18,12,6,7,4,5,8,5,7,10,10,10,7,11,6,6,11,5,10,7,7,10,18,4,27,6,19,19,6,8,9,11,5,7,7,7,4,8,6,11,20,9,11,11,6,7,8,14,8,10,7,19,6,5,11,14,6,11,15,15,18,5,24,10,6,10,13,9,7,7,9,4,9,8,25,8,9,10,10,8,6,8,29,20,11,6,6,13,14,5,5,9,5,4,8,9,18,6,8,6,14,18,9,17,16,9,12,7,7,7,8,10,9,17,9,9,10,4,7,7,5,7,6,6,0,0,0,0,0,0,0,0,0,0,0,0,0,0,0,0,0,0,0,0,1170,1215,1042,1047,1143,1318,1253,1139,1129,1013,1178,1248,1209,1126,1217,1210,1349,1257,975,977,21,21,19,16,21,21,23,23,20,18
SABRA_T3,BatchB,3,2920,5991,3077,2933,2851,2764,5060,2607,5115,6103,3118,5902,4440,3601,6622,3087,3284,3020,3154,3136,3084,3047,2929,8852,2637,2824,6319,2925,3087,3043,3369,3050,3404,2728,3121,3145,3032,7742,3089,3450,6180,3207,2758,3119,3332,5568,3260,3325,2797,3066,4958,6844,2891,2719,8071,3109,3175,3448,5678,10029,2648,2775,3116,6705,2832,3336,2925,3225,3206,3042,2875,3818,2939,2850,3284,3304,5577,6204,2999,6192,3226,2866,2958,6245,2915,3413,3017,4383,2953,6812,6537,2768,2802,4006,2702,6510,5969,2643,2843,7317,2988,4844,2849,2944,2736,2703,2513,2639,7178,2753,3177,2785,3795,2668,3192,5486,3150,3155,3111,2716,2804,6540,3028,6249,2932,3016,3363,4454,2995,2953,8626,5933,3142,2963,2636,5876,2810,3211,3115,3418,10821,2833,4249,3319,2939,3377,2788,3009,3046,3065,2747,6139,8433,3117,2900,3373,5679,3014,2667,3066,2747,3084,3303,2861,5161,2538,3114,3248,10053,7311,3839,2890,2829,2713,2708,3031,3208,3122,3068,7490,3314,7172,2896,2941,2938,2965,2912,2884,6060,5760,3038,7283,3372,4732,3995,2808,8614,2972,2743,8128,151,210,237,163,96,137,144,108,119,142,171,187,149,140,167,163,173,187,278,125,290,147,175,119,145,163,277,224,127,374,182,161,164,198,116,154,197,145,149,437,118,153,108,110,775,106,101,241,278,242,143,158,169,180,215,165,172,240,198,301,210,313,157,119,325,167,399,145,137,177,168,167,178,353,209,173,138,113,220,166,212,109,173,455,264,143,171,305,312,206,159,401,435,110,174,333,140,115,110,325,192,138,172,123,159,110,137,169,217,247,195,194,190,156,191,149,231,117,199,121,187,158,204,188,216,308,267,166,141,195,368,147,156,339,275,117,131,419,179,336,199,152,131,156,542,111,132,368,183,186,172,540,127,177,543,147,149,195,110,144,199,148,473,98,157,206,270,390,160,166,146,198,154,163,496,349,143,123,215,132,153,165,210,101,275,133,342,161,282,111,99,167,498,154,202,123,160,180,376,143,160,163,191,128,577,126,145,164,88,106,120,189,110,293,218,326,179,214,152,189,149,118,536,120,129,511,203,196,181,158,114,308,116,325,495,267,135,98,380,172,165,150,150,372,154,256,413,143,220,144,242,164,589,234,144,170,200,510,314,158,149,114,247,149,218,135,148,465,392,117,157,152,131,118,434,118,207,114,173,534,146,345,156,180,148,164,150,179,118,320,417,150,145,242,137,285,113,323,209,102,13,21,16,12,3,6,21,10,7,8,12,6,6,7,9,8,21,12,9,32,8,13,12,13,15,6,9,16,7,13,6,6,7,22,5,15,6,10,4,6,5,7,13,6,18,8,8,5,10,8,7,14,9,34,7,12,22,6,7,11,7,8,17,6,20,10,16,6,9,8,6,16,7,5,8,5,17,10,7,10,5,5,6,5,8,13,12,11,8,12,5,9,11,4,9,7,6,8,17,4,28,8,20,25,6,8,10,11,4,8,5,7,5,8,6,14,21,7,10,11,6,6,7,17,9,17,8,21,5,3,10,16,7,10,12,16,18,8,23,8,6,7,16,8,6,8,8,4,8,6,21,8,11,9,8,9,6,8,28,24,9,7,8,13,16,5,6,9,7,4,10,9,19,5,9,7,11,20,9,17,15,10,9,6,8,6,9,10,12,21,9,9,10,4,7,6,4,7,7,8,0,0,0,0,0,0,0,0,0,0,0,0,0,0,0,0,0,0,0,0,815,902,633,792,848,889,898,861,732,663,844,785,809,813,846,840,862,821,731,669,23,23,19,19,21,20,23,22,19,20
JOHNER_T3,BatchB,3,3186,6768,3134,2806,2846,2765,5305,2892,5981,5742,3348,5749,4773,2942,6522,2908,3243,2585,3326,2738,3121,2868,3012,7537,3178,2994,5529,3039,3052,2951,3026,3004,2825,2936,3145,3243,2899,8616,2423,3187,6163,2992,3000,3161,3351,5969,2844,2948,3050,3029,4830,6972,2828,2882,8509,2943,3253,3158,5885,9660,3167,2847,3137,5661,3438,3192,3237,2863,3022,2916,2967,4415,2957,2898,3466,2762,5132,6237,3421,6418,2805,2902,2707,6267,2964,3300,2866,4285,2965,6407,6087,2709,3002,4284,2834,6266,5996,2939,3179,7835,2806,4591,3205,2757,2749,3166,3051,3357,7213,2530,2838,2901,3476,2918,2916,6095,3129,2707,3198,2777,2505,6757,3308,6316,2950,2752,3050,3952,2694,3026,7426,6053,2810,2744,2756,6211,2868,3130,3320,3767,10114,2590,4533,3341,2880,2900,2914,3126,3135,3189,2763,6240,8304,2838,2966,3322,5963,3082,2756,3093,2938,2822,3435,2544,4970,3225,2991,3083,10310,7043,4245,3032,2830,2858,2895,2944,3216,3249,2869,6796,3274,7144,2764,3181,3036,2886,3240,2834,6679,6465,3444,7947,3613,4562,4408,2937,8911,2875,2836,8053,136,202,250,186,90,155,153,113,113,161,194,176,138,138,139,185,137,181,237,112,280,183,151,113,157,165,246,248,127,332,205,106,143,190,135,120,203,141,122,398,135,157,101,92,703,119,122,256,245,297,139,181,192,212,232,176,150,243,231,338,265,313,145,136,292,166,395,202,139,134,198,179,114,379,236,159,140,111,212,157,250,107,173,518,215,141,139,355,289,231,146,355,508,112,143,307,188,143,103,357,211,108,167,144,154,136,130,186,272,241,198,233,230,156,170,157,243,134,158,137,183,142,187,186,217,297,289,142,127,242,362,143,130,289,357,108,133,496,183,318,149,146,146,164,465,84,129,371,236,195,144,445,128,173,522,171,173,193,132,132,138,152,459,129,126,179,245,333,188,194,139,171,162,161,450,405,130,122,211,123,147,190,254,105,232,135,346,163,213,110,104,160,559,150,195,152,175,128,402,116,108,120,195,142,568,145,164,192,106,131,105,204,142,271,199,322,193,202,145,209,158,117,420,121,134,598,188,215,168,148,111,324,138,328,437,273,115,110,361,139,151,136,157,390,131,290,389,119,212,156,251,167,426,228,158,118,182,466,390,155,162,112,194,200,220,138,131,499,542,124,149,136,151,163,398,136,170,116,169,532,142,328,157,181,115,152,157,174,138,290,492,126,150,257,150,377,97,300,228,115,10,24,17,12,4,7,20,9,6,9,11,8,7,7,10,7,21,9,10,31,9,12,11,14,14,6,9,15,10,11,7,7,6,22,3,17,7,11,6,6,4,6,10,8,21,7,8,7,9,9,9,14,8,30,7,11,15,6,6,10,7,9,15,6,14,9,14,8,7,7,5,13,8,6,7,7,19,10,7,10,4,6,8,6,9,13,10,10,9,10,6,7,13,7,11,7,8,8,17,6,22,6,17,17,5,8,8,10,4,7,6,7,5,8,5,14,26,8,9,11,7,7,8,16,8,16,6,19,6,4,11,14,7,13,14,17,20,7,22,7,6,7,11,7,7,7,8,5,8,6,25,6,11,11,8,6,6,8,28,22,9,8,8,12,13,5,6,7,5,4,8,7,20,6,9,7,13,20,9,20,17,8,9,8,6,7,10,11,11,25,8,10,10,5,6,7,5,6,5,8,1,1,0,1,1,1,1,1,1,1,0,0,0,0,0,0,0,0,0,0,318,378,297,305,289,365,375,358,320,317,347,348,381,344,347,402,383,335,305,295,24,21,19,17,21,22,23,22,19,19
FERRO_T3,BatchB,3,2996,6508,3321,3034,2781,2780,5055,2740,5499,6189,2998,6223,5523,3047,6536,2853,3101,3162,3114,3150,3498,2744,3159,8449,3376,2922,6143,3155,3059,2875,2815,2895,2895,2504,2925,3102,3036,6726,2825,2968,6072,3270,3097,2863,2853,5897,3104,2754,3322,3272,4314,6515,2749,2558,8578,2752,2835,3111,6443,9814,2622,2998,3004,6266,3202,3339,3019,2826,3162,3039,2889,4112,2710,2940,3090,2885,4960,5901,2862,5977,2951,2985,2487,5464,2781,3106,3121,4285,3279,6097,6700,3289,2922,3879,2862,5685,6720,2881,2733,7567,3207,5488,2922,3123,2948,2997,2849,3366,7560,2554,2737,3143,3903,2898,3107,5851,3083,2923,3221,2837,2716,6362,3143,6251,3204,3624,3254,4729,2887,2840,7852,5583,3097,3038,2850,5828,3173,3475,3346,3476,11206,3155,5151,3085,2981,3052,2886,2898,3013,2987,3077,6581,8659,2927,3157,3064,5779,2855,2899,2710,2823,2820,3117,3001,5496,2967,3247,2834,9825,6898,3939,2933,2908,2638,2936,2850,3480,3192,2839,7724,3129,6936,2718,3021,2951,3169,3087,2888,6984,6337,3616,7704,3368,4982,3646,2885,9619,2515,3307,8477,162,179,205,168,94,158,111,117,120,147,208,205,134,131,125,174,177,181,259,131,246,137,160,107,163,150,262,223,122,339,214,133,183,204,153,135,188,163,112,342,117,165,93,113,733,94,131,211,262,293,168,176,187,182,241,179,156,248,245,340,209,302,143,152,339,187,391,162,167,143,183,142,156,364,207,157,137,131,197,169,212,105,173,451,223,142,146,282,290,288,127,396,500,128,177,263,141,140,114,339,188,123,196,124,167,118,159,187,232,196,228,229,222,186,158,143,220,126,171,134,175,146,202,168,187,271,231,133,126,221,282,153,139,322,336,129,117,429,210,390,162,155,160,164,514,116,122,372,203,189,140,514,164,177,503,189,182,219,129,151,147,135,509,132,168,213,246,381,170,155,140,194,163,187,471,410,147,115,262,129,164,186,297,108,242,140,396,162,248,97,100,154,427,168,175,174,168,169,420,139,166,183,193,125,468,160,128,186,97,95,109,182,136,328,236,301,173,214,162,192,139,122,478,112,136,518,172,220,150,146,115,257,147,316,420,277,132,105,413,186,145,148,122,466,135,245,614,136,184,175,241,216,551,216,147,133,194,438,399,145,171,114,201,160,252,126,130,447,403,124,139,134,151,181,379,148,189,133,128,529,164,336,132,159,133,182,149,153,148,308,394,175,135,290,111,316,112,349,233,115,9,23,19,11,3,6,29,9,8,9,13,7,6,9,9,8,18,11,8,36,7,16,9,13,14,6,12,13,9,10,7,7,5,21,5,17,5,9,4,7,5,6,12,6,20,7,9,5,9,8,7,15,10,29,7,11,21,5,7,12,7,10,15,6,13,8,14,6,7,10,5,15,8,6,8,5,16,9,7,8,4,6,7,6,7,11,9,11,8,12,5,7,13,4,10,6,7,11,19,4,22,7,18,21,6,10,8,10,5,8,7,7,5,9,7,13,29,8,13,11,7,7,7,14,8,18,6,25,5,5,13,16,5,10,14,14,20,5,24,7,5,10,11,7,5,8,8,5,7,7,26,8,11,11,8,9,6,8,22,19,11,8,7,12,12,5,5,9,6,5,7,9,18,5,7,6,14,20,8,16,18,8,8,8,6,7,8,9,12,26,8,10,11,4,6,7,4,6,5,8,0,0,0,0,0,0,0,0,0,0,0,0,0,0,0,0,0,0,0,0,1981,2389,1931,1978,2296,2401,2068,2581,1848,2244,2580,2265,2303,2172,2303,2268,2404,2454,1975,1947,22,22,19,18,20,24,24,20,19,18
WIERZBOWSKI_T3,BatchC,3,2976,2727,3172,2848,15552,3032,6905,14031,3255,2948,13010,11550,6474,19599,3019,2837,3261,2602,2962,3051,14227,11507,3280,7235,5124,13502,2868,13735,3172,8887,3252,3208,2595,4933,3365,3146,3280,7486,2846,3221,3212,3137,2732,2980,3011,2970,19541,2951,29527,17794,3165,2996,2902,3118,2903,3028,17620,6306,9462,3504,2704,2901,2887,24292,2915,2934,2986,13175,3050,2953,3131,6342,3019,3205,3179,2999,2808,16921,3273,22253,3276,2873,2713,7630,2822,2914,2751,2673,27348,2844,3236,2851,3010,3181,9327,16043,9457,3072,2918,2825,3149,2945,2971,4581,3158,2926,2600,3189,3647,2787,3096,2950,3151,5324,3118,2760,3065,3343,7786,13290,2809,2953,3232,3028,3141,3210,3332,2716,13647,2459,2882,2900,24478,3012,2937,8584,3054,3432,2970,15945,3149,2704,2558,3256,2881,2853,12384,2966,3164,3293,2950,11681,2756,3133,4057,3157,2841,38200,2729,18911,2627,7698,16161,10853,3721,2769,27228,17489,2706,27432,2925,3176,3419,2775,7363,11921,2864,3179,2995,3143,14269,9668,2792,3082,2892,3360,15636,2613,14162,3336,12879,2792,2920,10337,2671,4264,2669,21995,2784,2656,161,643,132,175,97,149,375,127,135,152,173,108,446,140,143,679,176,179,128,136,150,145,551,1395,170,193,1169,232,84,1186,126,117,188,195,118,142,91,446,117,611,144,1140,112,334,856,117,127,828,271,124,119,155,203,138,146,150,156,139,131,126,305,142,594,621,850,847,150,648,137,118,341,147,150,1811,889,155,112,167,184,152,164,100,162,151,119,145,149,135,479,132,133,160,193,87,132,145,601,597,89,984,226,122,181,133,163,131,149,289,152,230,182,425,1190,151,185,142,132,505,144,115,138,890,194,177,230,167,110,669,200,151,171,151,140,121,130,332,840,165,197,681,84,1559,129,189,184,943,151,155,732,195,104,180,122,455,196,179,131,743,115,399,168,642,171,1619,137,175,137,917,180,152,128,758,526,152,159,1009,820,100,441,130,336,202,643,201,102,580,154,866,163,474,487,144,146,138,583,170,225,146,392,144,122,143,186,193,180,511,785,152,96,123,104,98,322,718,128,151,193,175,150,210,845,122,128,109,137,133,594,189,1492,155,116,175,179,94,164,810,130,422,133,147,116,192,189,207,155,94,210,138,213,169,134,183,1125,232,150,159,186,302,242,146,139,131,700,355,120,577,138,226,188,118,139,114,130,169,146,152,200,105,159,791,529,202,114,488,462,131,121,174,229,196,1283,538,138,473,141,192,247,329,95,104,33,8,19,15,4,7,11,65,18,8,5,8,7,41,9,8,31,7,10,10,17,6,9,31,10,32,9,11,12,11,7,26,7,10,20,8,7,10,8,26,15,20,34,5,38,51,8,5,11,9,7,8,7,63,6,7,7,38,35,14,22,7,43,13,12,8,7,16,34,9,37,57,8,8,8,6,10,11,8,39,4,11,6,5,8,42,11,22,128,12,5,6,12,5,9,7,6,9,9,5,8,6,22,7,20,17,10,9,5,8,6,9,5,8,7,6,10,6,7,8,25,7,16,8,10,6,27,10,5,4,9,48,8,4,7,20,6,17,9,12,9,8,12,9,5,20,62,15,9,6,39,7,11,4,21,9,6,7,46,8,13,7,6,6,7,68,5,8,6,4,28,8,6,5,8,31,15,8,8,6,10,18,10,23,11,6,8,51,7,7,24,18,9,23,5,6,15,5,30,7,0,0,0,0,0,0,0,0,0,0,0,0,0,0,0,0,0,0,0,0,1055,1185,888,797,985,1133,1113,1119,911,873,994,996,1023,1028,998,1130,1115,1100,902,815,22,24,19,17,21,23,23,21,19,19
HILLARD_T3,BatchC,3,2881,2515,2942,3115,15224,3031,7639,12857,2862,2865,12086,11514,6284,20593,3068,2614,2900,3012,3169,2919,13617,11855,3137,8047,4894,15750,3143,15459,2836,9717,3189,3005,3121,5159,3054,3376,3088,7875,2880,2999,3003,3267,2552,3051,2994,2977,22596,3271,32606,15713,2975,3003,2960,2769,2599,2804,17388,6504,10351,2787,2835,2848,3311,19925,3137,3244,2837,12923,3020,3010,2951,6435,2903,3025,3204,3041,3230,17639,2883,21485,2660,2888,2699,9477,2681,3000,3213,3061,23908,2793,3255,3143,3037,2948,9370,15875,9337,2746,2782,2811,2902,3404,2957,4251,2966,3106,2879,3073,3632,2542,3107,3074,2912,5196,2831,2749,3027,2949,7691,13785,3169,2808,3263,3073,3119,3171,3292,2638,13692,2919,2890,2970,21723,3015,2516,7558,2983,3215,3234,13215,3067,2898,2984,2909,2835,3074,10253,3127,3009,3006,3140,12875,2918,2927,4187,3387,2856,33721,2861,18738,2770,7237,17235,11367,3175,2913,26013,18145,3451,28075,2902,3056,2942,2609,7858,12413,3204,3142,3029,3276,15071,9636,2756,3354,2998,3081,16283,2722,14336,3081,12880,3079,2859,9699,3135,4635,3216,23398,2951,2998,146,790,130,187,95,139,436,150,128,143,158,109,389,151,121,549,150,156,129,124,140,176,461,1336,159,199,1264,268,115,1097,118,143,164,202,124,126,91,460,126,588,137,966,111,314,785,126,112,799,236,109,155,160,250,117,146,158,132,125,147,104,285,146,430,703,773,985,149,655,153,171,351,164,134,2428,790,162,129,178,199,170,176,101,193,161,121,134,203,175,480,163,121,154,196,78,127,166,702,654,106,854,219,124,132,158,139,124,120,307,143,214,192,560,1359,191,189,160,192,476,177,119,176,736,209,157,228,182,101,832,192,127,189,161,169,94,136,329,609,137,199,521,78,1905,170,131,177,893,122,166,724,199,183,197,129,498,183,161,148,775,121,402,150,511,180,1646,117,204,130,1156,176,155,136,935,501,203,189,1054,1015,104,513,115,368,169,759,213,87,494,160,788,157,430,445,138,138,196,703,126,186,156,392,129,151,140,162,190,158,563,834,198,103,120,135,105,358,802,161,138,181,203,148,201,902,138,160,119,144,148,534,232,1480,187,111,150,169,84,180,853,136,395,134,155,158,162,134,201,132,101,186,140,187,155,129,187,1326,229,146,157,180,264,236,145,136,110,632,331,123,543,138,180,179,117,155,122,110,141,158,129,178,97,151,912,662,190,157,440,423,156,140,171,266,165,1262,641,139,466,134,143,271,482,112,105,29,8,22,12,3,8,16,49,17,8,5,7,8,34,8,8,31,6,10,13,13,7,11,41,9,36,10,12,12,10,8,25,5,7,21,9,6,9,8,20,15,22,41,7,35,45,7,7,11,9,8,8,11,61,7,6,6,39,41,16,21,8,32,13,9,10,8,12,31,7,28,47,7,5,8,5,10,11,7,39,3,12,7,5,9,42,7,26,139,12,5,8,15,4,10,7,6,9,7,5,9,6,27,6,24,16,9,8,4,9,5,7,6,9,6,6,8,10,6,10,22,8,14,7,10,7,26,11,6,4,13,44,6,3,7,19,9,19,8,14,11,9,12,8,7,18,76,15,7,6,36,7,10,6,18,8,6,8,66,7,12,8,7,7,8,58,5,8,8,4,31,9,7,5,8,31,15,9,8,7,10,15,10,28,13,7,8,52,7,7,22,22,8,29,6,7,13,5,31,7,0,0,0,0,0,0,0,0,0,0,0,0,0,0,0,0,0,0,0,0,399,489,322,383,374,426,407,449,391,371,441,418,405,419,413,465,419,430,334,369,21,23,18,18,22,21,23,21,19,18
CROWE_T3,BatchC,3,3125,2692,2861,3318,15873,2822,7586,11715,2855,2865,13405,11706,6904,20087,2902,2888,2631,2954,2828,2765,15411,12325,3431,6753,5071,15549,3014,13938,2856,8339,3060,2948,3273,4711,3224,3295,2853,8725,2755,3074,3062,3167,3349,2905,3157,3088,19875,3141,32499,16681,3399,3210,2571,2910,2925,3044,17731,7293,9825,3293,2970,2596,2918,22726,2848,3398,3194,13229,3014,3226,2915,7085,2744,3249,3133,3151,2874,16285,3050,23502,3288,3065,3049,9344,2733,3045,2949,2889,23367,3221,3101,2717,3068,2659,10157,16957,10235,2719,3082,3019,2901,3378,3029,4154,2724,3034,3059,3211,2904,3053,2794,2968,2939,4723,3074,3058,3384,3074,6840,14627,2914,3171,3412,2956,3213,2970,3217,3024,12610,2889,2920,2769,20215,2682,2760,8295,2884,3180,3614,15047,3190,2873,2568,2840,2939,2995,9777,3161,3404,2897,2898,11212,2542,2454,3843,3114,3108,38979,2691,18640,2638,7093,14875,10726,2882,2962,26334,18098,2777,27459,3090,3104,2917,2789,6898,12138,3472,2925,3179,3130,17111,9856,2917,3434,2830,3668,15639,2758,15060,3119,11439,2732,2890,10498,3206,3911,3490,24008,3058,2826,153,616,165,160,111,167,381,124,126,142,169,159,392,116,140,669,150,206,131,124,182,168,568,1463,156,178,1244,219,122,1062,114,133,173,196,128,132,87,376,108,509,127,1021,97,336,726,144,121,725,235,131,164,169,183,120,154,178,155,148,149,100,308,133,497,791,832,815,145,611,176,141,304,176,120,2084,981,177,141,153,169,161,209,104,192,176,130,134,179,149,389,148,140,165,167,87,151,169,748,923,127,917,215,109,166,171,156,127,146,338,168,210,210,518,1564,136,179,139,181,543,181,135,205,862,188,173,229,174,104,680,172,136,235,209,135,119,165,334,763,144,239,578,85,2169,177,190,218,787,118,176,698,207,166,180,114,536,153,165,162,728,124,396,154,539,182,1399,116,222,132,1198,169,181,149,824,494,175,159,1054,949,102,509,140,338,218,857,256,113,558,156,946,162,453,403,169,121,191,614,161,159,155,420,131,163,185,193,192,192,508,877,223,97,117,101,110,361,582,131,148,190,176,152,186,718,126,151,123,116,132,623,227,1679,152,109,206,160,103,192,865,131,381,144,175,144,149,162,213,131,131,197,126,220,141,161,183,1378,246,164,144,183,274,307,159,169,112,686,319,134,463,125,205,191,98,158,159,154,149,173,99,192,118,160,1002,570,204,139,467,495,141,120,181,269,165,994,589,155,412,134,204,259,421,105,120,34,8,21,13,3,7,14,58,13,8,5,8,8,38,8,8,27,6,8,13,16,5,13,32,10,30,11,11,11,10,7,22,8,9,22,7,8,13,7,19,14,25,31,6,36,55,9,6,7,7,7,8,7,59,6,7,5,42,33,19,20,7,30,13,8,9,6,14,36,9,33,43,8,7,8,5,11,8,7,35,4,12,7,6,9,43,10,21,132,11,6,9,10,4,17,7,6,10,9,5,9,7,22,7,21,17,10,9,5,10,5,7,5,7,7,5,8,7,6,10,21,6,16,6,8,8,28,11,7,4,11,48,6,5,6,16,7,20,10,11,10,9,14,8,6,20,67,15,8,7,34,7,13,6,25,9,6,8,56,6,14,6,6,7,7,57,6,7,7,4,36,9,6,5,9,32,11,9,9,8,11,16,11,29,16,7,9,45,6,6,22,19,9,22,5,6,14,5,35,7,1,1,1,1,1,1,1,1,1,1,0,0,0,0,0,0,0,0,0,0,432,497,356,356,399,425,393,444,348,358,438,384,428,391,467,372,461,408,341,346,22,23,17,20,21,24,25,17,22,19
AARON_T3,BatchC,3,2811,2962,3168,3260,15706,2747,6790,11934,3094,2582,12636,11738,7143,19915,3066,2926,2974,2738,3534,2988,14142,11897,2874,7688,5670,16535,2737,16548,2761,9131,3369,3117,2862,5388,3054,3079,2888,7600,2994,2928,3187,3080,2599,3394,3079,3016,20019,2895,31967,16589,2627,3113,2655,2937,2875,2722,17905,6288,10383,3023,2638,2577,3090,22059,3121,2882,2922,15023,3003,3012,2635,7078,3107,2864,3086,3128,2744,15540,3126,22165,3353,3102,2709,9136,2528,2697,2635,3025,24997,2931,3375,2844,2953,3011,11305,17318,8558,2848,2991,2921,2793,3429,2735,4343,2858,3248,2974,3100,3172,2609,3167,2854,2747,5366,2912,2858,2976,3029,7049,15061,2767,2993,3086,3237,3053,3131,3184,2830,12067,2993,2910,2555,20896,3275,2670,6390,3082,3339,3313,15129,3208,2897,2424,2910,2981,2851,12014,3116,3333,3005,3013,12399,2502,3023,4254,3325,2958,30471,3021,18340,2948,8272,15943,10578,3082,2765,27583,18498,2741,25580,3277,2826,2853,2811,6853,11778,2991,2955,3058,2804,14411,10122,3204,3371,3223,3395,13906,2808,14842,2981,12101,3060,2783,10360,3118,4081,3140,24084,3291,2873,160,731,152,167,85,143,354,123,138,131,158,109,411,168,162,640,156,198,151,97,141,161,491,1701,186,161,1104,199,106,1252,129,138,162,178,136,129,79,452,128,537,111,1157,125,300,687,114,111,821,259,113,133,172,219,95,134,197,190,135,170,111,290,135,490,718,903,703,137,516,132,140,316,148,140,1912,904,144,127,181,191,158,172,106,187,169,119,138,157,160,472,151,124,160,247,79,146,151,674,719,96,951,230,96,189,124,153,125,137,291,159,168,171,541,1669,149,194,148,129,572,193,118,191,877,205,178,227,187,102,677,224,129,234,154,143,125,133,348,753,135,184,574,114,1734,151,180,208,748,116,167,805,171,161,203,129,526,179,169,162,703,116,411,153,658,184,1552,132,215,133,1195,167,176,139,825,497,168,165,1279,1180,93,520,104,386,164,655,247,112,596,144,754,155,454,387,145,139,162,591,143,167,153,436,103,149,151,163,206,196,516,1019,170,101,95,112,99,375,865,163,149,191,190,120,210,633,119,113,119,107,124,625,181,1922,129,141,142,140,102,178,929,171,420,126,153,130,152,180,188,156,118,202,149,192,141,133,151,1087,257,151,141,222,250,269,152,142,124,683,336,108,603,143,213,205,131,167,136,154,172,167,128,191,107,141,917,665,197,154,464,404,126,101,177,278,143,1193,539,144,466,140,166,215,439,103,105,34,7,22,13,3,6,17,51,17,9,7,7,9,40,8,7,27,5,9,11,15,6,10,35,12,32,8,7,14,10,6,25,6,8,27,11,8,10,8,22,12,24,31,8,31,43,6,6,9,8,8,8,10,60,7,6,5,43,41,15,23,7,42,11,10,9,8,20,40,8,38,45,10,6,7,5,9,11,8,39,3,11,7,5,9,50,9,24,154,11,5,8,13,4,11,7,6,10,8,4,9,6,18,6,21,20,8,10,4,10,6,9,6,8,6,5,10,7,6,9,20,7,18,5,8,6,29,11,5,4,11,44,6,4,7,26,7,25,7,14,11,10,11,8,7,17,62,13,8,8,46,7,12,5,20,7,6,8,44,7,13,7,6,5,7,56,4,9,6,4,32,7,8,5,9,37,14,10,10,7,9,17,9,21,18,6,8,45,6,6,19,23,11,22,5,6,14,6,35,6,0,0,0,0,0,0,0,0,0,0,0,0,0,0,0,0,0,0,0,0,101,111,82,93,94,112,94,104,94,91,101,117,109,103,111,102,108,103,84,84,21,20,19,18,21,20,22,21,19,19
CALL_T0,BatchB,0,2856,5693,3205,3059,2853,2908,5442,3074,4554,5318,3209,5866,5320,3102,6647,3131,3099,2864,3199,2749,2950,2980,3256,7705,2865,2870,6088,3008,3364,3124,3424,2740,3034,2939,3176,3363,3027,8111,2803,3250,5731,3259,2912,2934,3429,5594,3007,2881,3091,2999,4550,6635,2508,2999,7252,2780,2519,3065,5283,8567,2647,2869,3087,6886,3301,3195,2750,3073,3479,2852,2731,4568,2865,3071,3021,2766,5334,5971,2987,6362,2956,2651,3117,6065,2875,3344,2776,4270,2869,6105,6436,2951,2890,4366,2914,6701,6810,2936,3172,7887,2920,5177,3145,2893,2875,2710,2936,2928,7449,2616,3209,3205,3611,2569,3091,4969,2856,3363,3294,3031,3163,6438,2936,6653,2973,2972,3343,4677,2864,2723,7611,5848,3242,2681,2703,5955,3047,3093,3224,3494,10885,2895,4689,3296,2871,2977,2854,2696,2940,2952,2871,6106,7699,2986,2833,2924,6228,2919,3200,2715,2751,2910,3433,2797,5720,2818,3203,3130,9438,6272,4207,3188,3030,2737,3070,2737,3300,2996,2875,7380,3512,6628,3212,2901,2699,3398,3178,2838,7010,6208,3113,8103,3381,5131,4367,3120,9179,2623,2954,8896,158,208,240,173,90,150,125,147,117,140,203,222,175,135,135,160,182,175,308,124,383,154,165,114,150,140,258,173,113,325,256,138,178,163,104,121,226,144,146,447,119,181,118,114,763,123,126,203,228,268,114,154,214,249,277,190,167,221,232,272,212,314,155,121,302,187,467,145,176,143,164,154,127,305,213,187,118,125,169,141,245,103,213,465,246,121,159,319,330,269,128,463,478,111,143,377,177,155,100,329,191,95,167,142,138,121,129,219,277,186,173,243,213,155,173,144,275,167,183,137,204,171,190,144,254,289,253,164,116,213,401,190,105,270,250,110,134,452,190,373,174,189,169,130,538,107,139,390,189,226,194,468,153,168,547,151,176,184,105,134,152,161,585,113,163,203,210,314,149,165,157,200,179,174,436,383,122,119,177,129,148,185,255,122,250,119,355,192,262,104,94,139,458,159,197,168,173,161,350,110,130,180,211,121,428,170,137,194,101,109,94,172,136,373,230,326,209,173,156,197,137,129,493,118,134,509,188,201,161,170,116,312,147,295,380,316,153,106,445,168,142,151,169,375,130,254,462,136,182,149,241,172,494,187,145,158,155,475,383,161,160,109,222,162,216,135,164,403,552,113,149,118,137,168,400,139,211,101,149,541,147,298,149,196,157,161,137,156,129,325,471,134,142,309,141,363,116,272,199,114,12,21,16,12,4,6,23,9,6,8,12,7,8,8,9,9,21,10,8,29,8,12,11,15,13,6,10,12,8,12,7,5,5,15,5,13,6,9,4,6,4,6,14,9,22,7,8,6,9,11,10,17,8,28,8,12,14,6,9,11,7,8,16,5,17,9,13,7,10,8,5,17,10,5,7,4,20,10,7,7,4,5,7,7,10,12,10,10,8,13,5,8,15,5,10,8,7,7,17,5,20,7,18,21,6,8,9,11,5,9,6,9,5,8,5,13,26,9,12,11,6,9,8,15,7,13,6,17,5,4,11,11,7,10,12,17,18,6,24,8,6,8,12,8,6,7,10,5,7,7,26,7,12,10,9,8,6,10,23,18,9,8,8,14,13,6,5,9,7,4,7,8,17,5,8,7,11,19,7,14,13,10,7,6,6,6,8,11,11,19,7,10,9,4,6,7,4,5,6,7,1,1,1,1,2,1,1,2,1,2,0,0,0,0,0,0,0,0,0,0,176,188,143,150,148,184,176,181,165,174,180,180,182,185,173,170,184,174,160,136,22,23,18,16,19,21,24,22,21,18
OUTLIER_C_T0,BatchA,0,2892,2954,3122,2684,2910,2629,2654,2735,2929,2818,3236,3208,3019,3245,3130,2900,2858,2905,3024,2900,3178,2502,3332,2702,2923,2822,3095,3112,3100,3041,3368,2952,2970,2812,2956,3208,3171,2984,2794,3195,3134,3069,2518,3159,3026,2912,2910,3067,2944,2945,2990,3042,2763,2831,2896,2757,2796,2994,2685,3136,2825,2912,3128,3191,3095,3294,2890,2732,3137,3226,2796,2359,2794,3145,2664,3111,3011,2758,2908,2904,2714,3010,2910,2987,2986,3124,2891,2984,3322,3696,3146,2765,2865,3145,2663,2715,2813,2984,3078,2943,2594,3315,3033,2970,2781,2810,2963,3007,3002,2885,3222,3024,2857,2825,2841,2780,3137,2853,3191,3154,2516,2821,3070,3207,3410,3058,3354,2802,2784,2938,3015,3071,3018,2735,2674,2576,3302,3051,3469,3404,3001,2849,2567,3219,2795,2889,2722,3009,3171,3193,2910,2852,2828,3162,2832,3194,2889,3151,2461,2700,2952,2858,3085,3026,2946,2812,3307,3159,2987,2767,2935,3220,2932,2607,2937,2816,2928,2843,2901,3386,3379,2773,2784,3435,3439,3457,2969,2713,2601,3053,3341,3173,2897,3731,2575,2823,2961,2758,2852,2900,138,185,125,158,119,151,122,114,140,157,186,116,147,130,148,179,168,197,116,131,154,160,151,134,152,151,266,259,128,136,119,127,165,179,132,129,97,160,103,160,146,139,103,117,246,111,117,178,254,110,150,159,197,132,129,165,159,130,138,114,121,138,145,137,143,187,154,164,143,136,118,169,152,175,208,142,128,109,169,141,154,97,183,161,124,133,183,154,150,149,127,185,229,80,158,150,138,142,121,164,221,101,178,126,149,102,142,219,160,226,228,158,226,183,189,131,144,130,190,138,204,145,170,200,231,160,109,126,118,123,204,181,125,125,137,84,137,147,205,151,102,169,125,156,186,114,106,177,105,154,170,172,145,159,175,160,168,129,110,134,151,161,193,116,148,205,143,121,146,174,143,191,183,197,156,227,139,104,234,116,162,200,87,120,122,123,155,156,211,99,99,145,126,177,158,140,172,127,167,118,155,133,171,135,189,144,114,171,96,98,108,90,127,148,149,168,213,163,146,177,144,134,142,128,113,113,204,188,111,161,126,186,144,94,159,144,134,106,124,179,142,150,154,178,155,129,221,133,157,180,192,172,216,259,148,158,195,114,155,151,136,117,112,103,113,132,128,226,196,127,141,141,157,145,154,131,160,134,141,239,135,196,140,166,139,149,130,197,123,181,205,166,147,163,141,154,93,141,107,100,10,9,6,5,4,5,12,8,7,9,5,7,8,8,9,7,9,7,10,12,5,7,11,6,9,7,11,7,9,12,6,5,7,8,4,9,6,10,4,5,5,6,8,8,7,10,8,6,9,8,7,9,6,11,9,6,6,6,6,7,7,7,9,5,10,9,8,6,7,7,5,7,7,6,7,6,11,10,8,9,4,6,8,6,9,10,6,6,8,12,6,7,13,4,5,6,8,7,8,5,7,7,10,6,6,8,10,7,4,7,6,8,4,9,5,6,9,8,7,10,7,7,9,7,9,6,7,11,6,4,11,16,7,4,6,7,8,6,8,8,6,10,14,7,7,7,9,5,8,8,12,8,11,6,8,7,5,8,11,8,4,6,6,7,6,5,4,9,6,4,8,8,6,4,8,6,12,8,7,7,8,10,8,6,6,7,9,11,7,6,7,7,10,5,6,6,4,5,5,6,2,2,2,2,3,2,2,2,2,3,134,114,141,144,100,110,131,125,129,117,143,141,130,146,137,117,135,115,143,129,127,119,148,127,123,124,137,135,136,136,24,21,18,18,21,21,25,23,20,20
CALL_T1,BatchA,1,3045,2917,3235,3195,2587,2833,2974,3044,3520,3051,3185,3022,2866,3232,2911,2927,3178,2606,3077,3014,3092,2872,3098,2776,2592,2979,2712,3192,3100,2819,3510,2919,2841,3085,2977,3332,2998,2935,2911,3068,2997,3296,2783,3207,3091,2929,3191,2916,3151,2960,2850,2869,2741,2985,2718,2927,2682,3408,3035,3071,2729,2861,2947,3187,3331,3071,2709,3014,3115,3171,2595,2950,2775,2988,2713,2938,2845,2860,2930,2990,2945,2653,3031,2963,2878,3003,3023,3069,3034,2939,3190,2964,2768,2921,2966,2806,2812,2751,3611,2901,2964,2961,2766,3142,2691,3073,2774,2702,3188,2690,2850,3157,3081,3182,3003,2947,2878,3117,2782,2868,2973,3226,2854,3405,2912,3084,3237,2895,2935,2989,2831,2736,2876,2678,2684,2872,3295,3306,3359,3887,3038,2636,2678,3440,2904,2956,2627,2920,3672,2869,3109,2935,3037,3007,2838,3267,2975,2744,3036,2806,2892,3061,3542,3004,3166,2832,3188,2721,3167,2717,3123,2776,2708,2647,2576,3055,3222,3290,2691,2872,3183,3470,2917,2973,3020,3189,3027,2727,2722,3261,2945,3184,2941,3091,2894,2808,3099,2992,2857,2771,157,183,147,171,106,130,131,130,128,119,170,103,154,105,114,183,154,175,131,129,163,138,144,120,168,160,234,229,112,137,107,124,153,154,144,130,99,128,113,147,117,128,102,86,228,117,132,216,264,111,150,176,224,128,131,175,140,149,129,114,140,129,160,128,184,200,167,158,159,117,130,148,154,212,193,166,97,106,198,138,153,114,169,175,126,145,169,170,135,141,129,142,154,85,126,148,147,157,109,167,204,89,152,121,179,132,156,207,179,162,202,161,215,150,186,147,128,138,161,136,162,150,196,190,220,153,81,137,92,114,226,199,116,151,157,120,116,154,190,151,93,158,135,176,187,87,126,169,105,198,158,199,122,168,189,191,189,173,141,130,143,164,174,124,144,202,138,135,146,173,127,179,163,164,160,224,125,99,225,144,152,187,103,113,116,137,151,169,151,112,100,161,115,154,177,135,153,175,130,107,130,150,177,114,173,133,145,159,117,111,87,78,150,156,167,147,203,200,169,191,164,140,131,121,157,165,191,206,100,163,128,196,135,121,168,133,134,116,161,178,161,150,137,183,150,111,195,157,194,153,129,190,222,216,140,177,192,121,175,143,166,136,106,102,99,134,146,221,189,101,157,127,139,151,174,113,210,128,172,274,156,187,166,157,137,121,121,172,119,185,168,139,152,145,130,178,102,141,97,124,10,7,7,4,4,7,12,9,7,10,5,7,8,9,10,7,8,6,11,10,5,5,9,6,10,7,11,8,7,11,8,7,7,8,5,10,7,10,4,7,5,7,7,7,9,6,6,5,8,9,7,10,10,13,6,7,5,6,5,7,8,6,10,6,7,10,7,8,7,9,6,7,7,6,9,5,10,9,6,7,4,6,7,5,7,12,6,6,8,12,5,7,11,4,5,7,6,9,9,6,9,7,11,7,6,12,9,8,5,9,6,7,4,9,6,5,7,8,7,12,6,7,9,6,8,9,7,10,6,3,13,13,7,4,6,7,8,6,9,9,6,8,16,9,6,6,7,4,7,7,10,7,9,5,8,8,6,7,11,7,5,8,6,6,8,4,6,10,5,4,8,9,5,5,8,7,15,9,9,8,9,7,11,6,6,6,11,13,5,7,8,7,10,5,5,6,5,6,6,6,7964,6731,6155,6851,7479,6095,5569,7493,6052,6474,1520,1484,1391,1390,1487,1370,1422,1554,1395,1447,431,514,432,486,403,439,402,433,492,363,471,461,420,377,453,423,461,451,530,438,95,100,88,80,100,97,98,91,93,90
OUTLIER_C_T1,BatchB,1,2873,5840,2887,2690,2773,2840,5389,3214,5068,6113,3240,5709,4903,3202,6847,2731,2807,2532,3086,2896,3415,2962,3358,7959,2688,2606,6507,3290,2909,3198,3250,2961,3009,2875,2968,3121,2752,7481,2702,3086,5865,3099,3003,3303,3146,6006,2926,2781,3252,2734,4501,5836,2927,3076,7938,2831,3052,3152,5364,8681,2466,3102,3044,6130,3216,3242,2839,2822,3056,2998,2781,4116,2703,2800,2808,2919,5209,5912,3097,6365,3260,2828,3097,6111,2774,3324,2990,4036,3519,6149,6823,2722,3008,4232,2525,5999,6061,2859,2910,7028,2930,4647,2739,2840,2870,2754,2651,2679,7381,2827,3156,2954,3651,2973,2800,5612,3084,2839,3317,3025,2831,6695,2914,7065,3004,2666,3397,4297,2983,2902,8443,6134,3040,3018,2945,5711,2945,3249,3215,2970,10836,2828,4783,2885,2766,2870,2878,3038,3020,3080,2798,5901,8262,3091,3122,3205,6083,3389,2871,2701,2959,2947,3207,2801,5517,2893,3122,3113,9422,6608,4288,3160,2685,2734,2718,3169,3250,3267,2762,7427,3056,8298,2625,3229,3038,3206,3268,3049,6599,6288,3125,8825,3458,4826,4313,2811,8418,2877,3175,8399,197,206,226,155,95,122,131,134,117,143,156,267,163,124,164,181,169,183,250,115,328,168,176,100,159,168,259,214,115,304,170,120,165,196,154,116,172,132,115,378,150,150,121,114,740,96,124,173,232,264,119,156,208,182,242,171,171,276,201,254,242,288,113,134,295,196,427,163,155,140,192,161,155,410,221,146,140,111,168,133,245,104,162,539,192,132,181,380,302,345,156,435,470,115,151,315,148,132,91,344,226,100,174,142,151,121,142,226,250,217,163,247,218,142,165,146,212,135,173,128,179,129,193,149,185,303,308,149,125,247,323,205,151,362,383,95,115,386,177,387,148,181,148,154,546,111,131,449,215,184,164,543,151,202,546,146,173,149,135,159,161,147,455,98,135,181,236,432,133,144,160,203,155,177,454,398,149,138,186,141,152,153,260,112,223,130,398,156,366,112,83,157,437,152,165,162,192,140,376,119,109,151,212,117,578,150,168,132,105,112,109,220,125,341,225,342,161,169,124,171,156,147,515,108,131,591,183,238,180,153,107,316,135,312,367,306,135,134,361,128,142,134,182,329,135,215,439,120,177,148,227,181,572,212,144,135,199,461,323,146,160,124,247,174,238,133,147,466,433,91,160,147,138,152,507,127,190,115,149,542,183,318,141,165,139,146,166,140,125,326,421,152,143,231,133,283,102,280,231,124,9,24,15,16,3,7,24,7,7,8,12,6,8,7,11,8,16,11,8,32,9,14,10,13,18,6,9,14,8,9,6,7,7,17,5,16,7,10,4,5,5,6,14,7,17,8,7,6,8,7,8,19,6,30,7,14,20,5,7,9,9,7,16,7,16,7,14,6,9,7,5,16,9,10,8,5,18,10,7,8,4,5,6,5,9,12,8,11,8,12,7,8,13,5,9,6,5,10,15,5,27,8,18,19,6,7,9,12,5,8,5,9,6,9,7,14,19,9,12,10,5,8,7,16,9,16,7,23,7,4,11,11,6,12,12,14,23,4,22,6,5,9,14,8,5,7,9,5,8,7,24,7,12,10,8,10,6,8,26,19,9,9,7,9,13,5,5,8,7,4,10,7,15,5,9,9,12,23,8,15,12,8,10,6,6,6,10,11,10,23,7,13,9,6,7,9,4,6,5,6,16085,13840,13534,14941,15523,14338,13902,15844,13231,16400,182,143,142,137,159,166,148,137,137,159,329,321,273,309,304,308,334,308,327,302,311,325,241,287,281,274,288,359,265,338,23,20,17,17,21,23,23,20,20,18
CALL_T2,BatchC,2,3204,3157,3156,3033,15576,2755,8001,13189,2905,2852,12903,11907,6732,19907,3141,2991,2810,2873,3320,2795,13895,10630,3099,7329,5236,14559,3118,14592,3147,10022,3301,2732,2846,5065,3176,3454,3258,7130,2590,3047,2651,3229,2963,2765,3223,2982,22501,2766,28424,16946,3126,3194,3004,2958,2722,3033,15931,6255,9578,2826,2666,3102,2872,19527,3012,3321,2768,13447,3257,2869,2851,6722,2893,2876,2988,2904,3513,14881,2879,22355,3027,3091,2940,9090,2960,3301,3053,3206,24137,2851,3066,2988,2842,3205,9489,16770,8961,2805,2684,2452,2805,2986,2384,4279,2916,2945,2878,2745,2895,2708,2910,3045,2763,4789,2754,2934,2954,3005,7472,13505,2745,2989,3118,2884,2985,2690,3070,2983,12187,2886,2934,3023,23478,2840,2970,7511,3218,3261,3467,13706,2658,2891,2551,2930,2601,3252,11415,3022,3034,3124,3000,11178,2834,2673,4346,3030,2849,41291,2738,18516,2864,8050,17167,9862,3248,2624,25403,18768,2868,27028,2867,3002,2993,2879,7238,11016,3204,3063,3054,3177,15797,9067,2745,3197,3107,3302,15676,2749,15087,3298,11992,2765,2988,10354,3065,4073,3051,23876,2982,2779,156,714,117,173,94,172,358,141,109,129,214,100,393,117,131,640,160,178,145,126,163,155,520,1425,178,182,1316,216,135,1315,93,123,184,203,121,148,93,366,124,521,108,1127,112,327,779,104,101,834,299,112,123,190,204,115,137,189,127,129,159,137,311,130,488,725,844,864,157,529,158,146,357,151,156,2009,906,146,135,163,170,164,159,104,214,141,151,141,155,140,451,113,134,146,224,85,152,145,605,716,107,885,225,107,198,135,144,127,119,323,181,206,162,488,1288,152,170,151,133,579,182,94,169,869,178,186,197,215,92,705,195,126,190,185,134,115,161,298,828,157,163,578,107,1589,165,165,224,840,125,162,680,224,154,162,110,536,149,129,153,742,136,437,131,538,196,1565,158,184,136,939,182,150,130,834,499,169,182,1277,938,93,436,113,394,166,838,230,92,554,142,907,172,486,402,138,133,159,596,147,192,182,450,114,124,157,174,168,166,476,724,192,109,112,112,99,370,796,140,142,154,190,138,231,725,117,141,103,113,137,614,200,1750,176,120,176,140,112,162,906,162,520,117,140,137,150,149,186,105,108,146,139,202,148,140,196,1513,207,193,154,206,253,237,140,156,142,681,264,106,498,137,250,164,118,149,137,139,126,185,172,210,109,131,826,606,174,155,497,530,157,128,153,239,188,1121,589,144,396,147,163,297,419,108,108,37,10,23,12,3,8,12,38,17,9,4,7,6,28,8,7,28,7,10,11,14,5,11,31,11,33,13,12,14,15,6,28,6,7,22,10,7,9,9,20,12,18,37,7,30,52,9,8,9,11,9,8,7,48,6,5,6,46,35,15,21,8,38,12,9,10,7,17,35,7,33,41,7,6,8,5,10,10,8,46,4,12,8,5,8,46,8,21,146,11,5,8,10,5,13,6,6,9,9,4,9,6,24,6,18,20,10,8,4,8,5,8,5,7,5,5,10,7,8,10,21,7,15,7,8,6,28,11,5,4,13,45,5,4,7,17,7,21,9,12,10,9,14,8,6,18,68,17,7,8,38,8,11,5,18,9,7,10,52,7,12,7,6,7,7,64,4,8,6,4,26,9,6,6,10,36,13,10,7,7,9,16,11,24,13,6,8,59,7,7,22,19,9,27,6,6,15,5,27,8,4,3,3,3,4,3,3,4,3,3,2,2,2,2,2,2,2,2,2,2,37,37,29,32,32,40,39,38,34,35,36,38,38,36,41,36,37,39,34,31,294,267,211,208,255,270,282,270,233,224
OUTLIER_C_T2,BatchB,2,2910,6205,3431,3100,2679,2668,5404,2990,5340,6047,2981,6501,5915,3409,6756,2775,2653,2810,3252,3374,3195,3035,3425,8484,2993,3073,6476,3389,2933,2978,3316,3305,2874,2799,3211,3169,3017,7646,2906,2708,6426,3394,3087,3346,3126,5031,2994,3034,3181,2882,4430,6372,2922,3179,6977,2850,3160,3161,5940,10344,2576,2918,2725,6195,3075,3460,2817,2816,2795,3303,2726,4548,2653,3203,3254,3008,5204,6586,3236,6492,2991,2722,3102,5773,2796,2895,2798,4643,3217,5919,6102,2823,2831,4431,2728,5743,6433,3045,3079,7207,2896,4739,2975,3034,2924,2893,2800,3094,7218,2613,3393,2838,4068,2885,2936,5741,2821,2812,3284,2943,2575,6627,3360,6084,3052,3332,3093,4117,2613,2738,7584,5640,3009,3014,2848,5581,2814,2993,3620,3116,10019,2576,4124,3065,3024,2919,2901,2732,3233,2937,2734,6616,7937,2882,3048,3325,6203,2974,2993,2754,2995,3081,3468,2942,5794,3158,3084,3055,9917,6437,4102,2927,2683,2698,2801,3130,3470,2948,2815,7254,3012,7304,3364,3414,3250,3207,3012,2786,6423,5914,2831,8470,3679,5142,4281,2792,8125,2940,3174,7995,141,216,219,171,111,148,112,120,128,150,180,215,156,122,151,204,180,195,285,127,272,151,133,109,172,183,263,189,129,348,248,151,164,215,121,133,219,122,135,430,126,142,113,95,694,115,115,231,268,245,159,183,230,197,229,163,187,236,204,311,231,311,136,117,320,174,356,155,128,159,193,142,140,321,219,161,138,120,185,157,251,100,204,407,246,105,148,302,255,274,128,476,417,121,143,337,162,141,110,338,198,104,173,163,146,120,145,199,260,245,190,211,182,162,164,154,253,147,177,124,158,153,188,168,190,295,331,136,115,197,305,210,113,300,287,107,120,451,207,318,156,161,144,166,555,93,114,303,204,192,175,475,154,175,432,165,171,207,123,144,145,158,482,124,150,206,256,402,134,172,175,202,174,162,480,377,117,157,194,151,133,222,220,108,253,116,332,152,261,123,114,143,467,191,158,127,146,144,401,119,133,164,205,145,553,150,155,175,90,118,137,162,128,339,217,336,176,213,151,187,170,116,471,104,143,489,168,208,216,145,116,266,154,284,447,267,128,112,419,148,140,158,154,424,147,224,562,135,180,188,189,162,510,219,159,163,188,577,361,168,135,102,209,184,238,117,147,481,445,111,148,153,141,137,435,132,192,122,141,544,161,288,142,169,154,134,162,184,133,279,538,157,136,314,139,307,104,305,192,100,10,28,13,14,4,7,20,7,7,8,11,6,7,6,8,9,20,9,9,27,9,13,11,14,14,6,11,12,8,13,7,6,6,19,5,17,7,10,4,6,5,5,10,7,16,6,8,6,8,9,8,14,7,30,7,11,17,7,7,12,7,7,19,8,20,10,13,6,8,9,6,14,8,6,7,5,20,13,7,7,4,6,7,8,11,11,11,11,7,12,6,7,11,5,9,6,6,11,17,4,17,7,21,22,7,8,10,12,5,8,7,7,5,7,7,13,29,8,9,10,8,9,8,13,10,14,7,19,7,4,11,17,7,9,13,16,16,6,21,9,5,9,15,7,6,7,11,4,8,8,21,9,11,11,9,8,6,7,36,20,10,6,6,14,16,4,5,8,7,5,10,7,19,6,10,10,12,20,10,17,16,8,10,7,7,6,10,12,10,28,7,12,11,4,5,6,3,6,6,7,8928,7751,7299,8236,9046,7525,7261,8137,7281,8367,114,134,142,148,150,151,134,133,152,137,573,582,594,679,658,691,624,659,687,631,677,610,628,627,578,679,621,650,678,676,23,20,19,17,20,22,23,20,21,18
CALL_T3,BatchB,3,3110,5973,3044,2987,2882,2870,5155,3016,5000,6202,3300,5723,4800,3179,6340,2607,3190,2833,3228,3001,3117,2872,3351,8400,2652,2926,5798,2863,3239,3080,3212,2904,2958,3078,2870,3333,3032,7777,2738,3189,6113,3324,2793,2730,3169,5779,3325,3050,2870,2919,4481,6795,2650,2909,7265,2694,3179,3370,5787,9793,2870,2948,2465,6374,2964,3142,3011,2994,3178,3184,2726,4350,2695,2671,3207,3054,5953,6123,2985,6488,3258,2881,2995,6065,2710,2778,3054,4846,3089,5816,5775,2965,2941,4309,2943,5855,6146,2692,3431,8043,2937,4687,2911,3044,2745,2912,2870,2780,7633,2904,2911,2903,3548,2936,2954,5486,2987,2812,3269,2883,2940,6268,3064,6524,3176,2925,3417,4294,2613,2877,7192,5811,3216,2901,2647,5937,2684,2956,3086,3660,11240,2723,4125,2912,2803,3020,2693,2725,2908,2997,2599,6735,8012,2972,3223,2983,5925,3497,2663,2978,2845,2848,3229,2696,5553,2852,3099,2834,8564,6904,4149,3171,2868,2729,2719,2952,3151,2963,2991,7273,2896,8080,2753,2948,3225,3146,3195,3017,6404,6101,2944,7894,3720,5234,4831,2920,8361,2834,2847,7794,150,207,244,160,88,155,130,114,142,147,207,183,135,144,147,164,180,200,246,125,318,163,175,124,164,126,240,242,139,262,248,123,155,212,142,122,230,141,127,401,136,152,109,116,742,102,98,267,276,267,138,169,256,193,221,158,188,226,226,307,294,230,164,127,326,166,433,158,158,146,211,136,152,411,204,152,135,106,164,167,237,100,150,530,177,132,180,308,311,310,128,330,498,118,119,323,165,141,110,389,226,92,193,157,175,119,146,181,216,247,217,224,205,137,169,150,304,134,174,130,166,171,184,162,227,268,282,128,117,214,357,177,135,309,315,126,120,376,214,397,167,156,162,171,506,118,123,393,207,199,160,397,134,176,528,139,141,174,140,153,160,175,471,125,131,176,242,405,143,184,159,207,144,163,460,376,135,120,211,141,197,168,294,115,250,145,334,169,282,100,90,162,528,168,170,162,200,175,385,142,144,160,216,132,554,167,147,176,99,107,104,157,146,347,260,394,150,194,159,202,125,137,535,119,121,638,158,221,153,139,114,261,125,274,516,239,126,125,317,184,150,163,174,482,163,211,431,118,182,165,260,155,465,204,121,162,185,498,363,157,140,108,232,143,231,136,149,488,429,123,147,128,144,140,449,118,180,96,141,506,143,311,159,175,171,140,167,155,124,261,521,195,141,258,152,304,110,346,226,96,11,21,14,12,3,6,20,8,6,8,11,7,7,7,10,8,21,12,8,27,9,13,9,12,18,6,11,14,8,11,8,7,7,25,5,18,7,11,4,7,5,6,12,6,20,8,9,6,9,7,8,15,8,27,6,10,25,5,7,9,8,9,16,6,12,7,14,5,9,7,6,17,6,6,10,5,18,9,7,7,5,6,6,6,9,13,10,10,7,10,5,8,15,5,9,5,7,9,15,5,24,6,20,23,8,9,8,11,5,8,5,8,5,8,6,11,26,8,13,11,6,8,8,14,10,15,6,25,5,4,12,13,6,12,16,15,20,6,21,9,5,8,15,8,7,7,6,5,8,7,21,5,9,9,9,6,7,9,34,22,7,6,8,11,15,5,6,8,6,4,9,8,17,6,9,9,13,19,8,18,13,7,11,6,7,6,10,9,13,17,9,12,9,4,6,6,4,6,6,6,0,0,0,0,0,0,0,0,0,0,0,0,0,0,0,0,0,0,0,0,384,436,333,357,373,466,422,425,369,358,443,394,402,418,479,425,422,412,323,350,452,458,338,329,459,464,472,424,385,395
OUTLIER_C_T3,BatchC,3,2792,2835,3077,3298,15673,2818,7826,12553,2836,2531,13795,11729,6322,19016,2824,3164,3116,2833,3208,2828,14062,10025,3125,7316,6055,15514,3038,16107,3255,9989,3456,2838,3256,5679,3302,3155,3050,8621,2894,3030,3352,2914,2991,3084,2647,2895,20649,2964,30270,16411,3161,3209,2767,3086,2581,2785,16977,6036,10161,3451,2793,2814,3086,20126,3222,3013,2889,12902,2733,2894,2748,6482,2839,3128,2895,2906,3004,14838,2788,20825,2815,2847,2996,9325,2560,2953,2654,2840,21955,3099,3313,2811,2992,3045,10125,17161,9069,2753,2737,2794,3001,2992,2852,4519,2733,3093,2930,2830,2928,2365,3123,2910,2926,5658,2965,2726,2968,3003,7180,13172,3014,2814,3031,2968,3066,2990,3180,2779,11902,2849,3241,2901,20896,3123,3069,7909,2808,2790,3160,14048,2964,3065,2823,2865,2628,3246,11510,3064,3186,3052,2668,11372,2813,3054,4113,3139,2958,33329,2842,20086,2590,7484,15818,10250,3352,2685,24032,17322,2769,25732,2798,2840,2867,2775,7646,12700,2990,2982,2778,2796,15046,8737,2855,3314,3062,3162,14945,2885,16069,2976,12688,2919,3134,10799,2916,4285,2728,25049,2881,2853,173,723,143,152,115,161,421,121,122,149,188,120,375,153,153,544,137,162,144,117,129,151,502,1559,140,131,1180,238,112,1267,135,115,156,203,123,132,92,391,107,575,117,823,99,371,655,102,102,1056,245,117,165,128,222,119,124,166,163,135,159,115,339,171,544,708,735,912,195,602,161,121,319,146,132,2123,1070,161,114,145,157,192,150,122,188,155,108,143,166,162,442,121,139,160,165,85,179,168,551,602,108,930,192,110,181,142,144,103,134,333,185,172,215,529,1874,141,176,138,160,588,212,99,171,837,172,161,239,167,129,837,162,96,228,162,143,115,159,326,854,134,180,569,110,1589,146,165,226,939,125,174,671,208,133,161,114,504,175,179,177,748,140,364,147,548,162,1594,140,196,116,821,143,168,168,567,509,160,190,1187,977,100,369,135,418,164,876,212,102,607,167,733,139,490,444,159,136,155,691,147,176,166,391,133,140,146,165,204,155,488,744,185,111,130,100,107,326,816,136,170,198,189,153,228,938,121,127,99,149,153,578,295,1549,162,101,144,141,111,171,1133,139,420,123,151,131,150,174,218,157,106,183,113,249,167,186,162,1292,209,152,158,187,253,293,133,146,118,567,314,118,465,143,227,178,135,171,137,168,160,157,136,196,110,150,898,554,206,152,461,527,145,137,164,250,169,1132,507,138,361,128,184,245,363,97,111,32,11,22,11,4,7,13,44,16,10,5,6,7,35,8,9,23,8,8,13,17,6,10,37,11,31,11,11,12,12,5,30,7,9,24,9,6,10,9,21,13,24,37,6,35,47,8,5,10,8,8,8,9,54,8,8,6,37,34,11,22,8,31,11,8,9,7,16,34,7,33,53,7,6,8,7,10,11,6,42,4,15,6,6,10,39,8,27,167,10,5,8,12,4,10,8,7,8,9,5,9,6,21,6,19,16,9,8,4,8,6,7,5,8,6,6,9,9,6,12,23,8,14,7,8,6,25,11,5,4,11,42,7,4,7,21,7,17,8,13,13,10,12,7,7,20,67,12,6,7,44,7,13,6,16,6,6,9,58,10,12,7,7,6,7,58,5,8,6,4,29,8,6,6,9,27,13,9,8,7,9,19,10,20,14,6,8,46,8,7,17,22,7,21,6,7,12,6,34,7,2,2,2,2,3,2,2,2,2,3,134,123,118,123,99,103,105,110,130,111,1000000,1000000,1000000,1000000,1000000,1000000,1000000,1000000,1000000,1000000,1000000,1000000,1000000,1000000,1000000,1000000,1000000,1000000,1000000,1000000,22,21,19,17,20,23,24,22,19,18
APONE_T0,BatchB,0,2848,6256,3271,3101,2783,2942,5456,2731,5134,6648,3214,6205,5526,2977,6398,2981,2729,3077,2863,3133,3324,2890,3056,7920,2755,2879,6660,2906,3212,2872,3320,3074,2542,2693,3357,3054,3032,7232,2968,3122,6813,3285,3121,2926,2776,5943,3035,3232,2895,3200,4709,6225,2804,3007,8739,3003,3114,3343,6700,9077,3047,3041,3117,6268,2959,2809,2861,3158,2846,3322,2653,4213,2778,2740,2860,3499,5788,6413,3138,5756,3240,2835,2985,5949,2644,3039,2744,3987,2877,6057,6107,3066,2917,4155,2707,6187,5741,2717,3269,8340,3103,5522,2810,3345,3049,2895,2722,2711,6679,2660,2799,2710,3317,2805,2961,4986,2872,2839,3296,2977,2695,6430,2849,6119,3111,3255,2948,4110,3114,2877,7682,5927,2975,2910,2758,6034,3073,3402,3218,3495,10406,2683,4900,2963,3185,3118,2744,3057,3365,2840,2938,6414,9109,2815,3033,3278,6105,3216,2909,2817,2785,2833,3521,2662,5165,2886,3092,3168,9628,7090,4103,2610,2981,2578,2661,3057,2973,3137,3075,7707,3054,7076,2895,3159,2906,3039,3141,2631,6350,5112,3071,7971,3641,4912,4286,2562,8723,3092,3001,8919,170,195,229,159,92,141,130,118,125,141,178,225,134,145,138,169,177,189,276,124,283,162,180,134,137,152,289,205,113,321,236,145,170,158,120,127,200,134,137,378,96,164,109,97,785,97,117,212,221,241,161,163,217,191,228,177,181,253,214,299,273,318,153,135,348,163,396,148,159,170,201,187,127,382,192,166,125,124,160,146,213,88,167,506,223,138,143,315,282,250,147,385,516,93,138,317,177,144,106,288,200,104,175,165,149,119,139,199,262,198,170,203,218,165,118,153,226,129,181,122,147,135,170,178,185,238,291,131,115,211,294,147,123,355,268,135,130,531,182,339,184,119,140,149,642,94,120,371,195,233,165,483,116,166,490,146,191,188,104,145,141,150,434,120,158,221,236,330,154,149,149,171,171,181,451,397,153,130,186,142,159,191,242,106,208,156,397,202,260,111,80,166,508,130,187,153,168,152,376,130,118,175,215,159,622,143,150,151,101,126,125,175,123,269,208,386,185,186,141,227,155,137,484,104,104,582,175,170,160,148,124,242,150,324,496,274,148,117,311,140,137,152,140,431,123,235,398,128,211,146,225,152,514,282,134,140,188,497,470,146,183,134,230,174,226,131,122,430,387,121,161,135,146,168,412,148,175,129,165,570,142,302,174,155,161,139,164,206,126,305,423,167,132,248,145,349,104,372,203,124,11,24,12,11,3,8,24,7,7,9,10,8,7,6,8,8,22,12,9,35,9,12,11,16,14,7,9,15,7,12,6,5,8,18,5,13,6,9,5,5,6,6,15,8,17,9,7,6,9,9,9,18,9,32,8,12,18,7,8,10,6,7,19,7,15,9,14,6,9,7,6,14,6,7,8,6,19,11,7,7,4,5,8,5,10,14,9,9,7,11,6,9,10,4,8,7,6,9,14,5,21,8,19,17,7,8,8,10,4,9,5,8,5,7,6,11,25,6,11,10,7,7,9,17,8,14,8,23,5,4,12,14,7,10,16,16,18,7,22,8,5,11,13,8,6,6,8,5,7,8,23,8,13,10,6,10,6,7,32,26,10,7,8,11,15,5,5,8,6,4,12,7,20,6,10,7,13,20,9,20,14,8,10,8,6,7,10,14,10,17,6,12,9,4,7,6,4,6,5,8,14,13,12,12,14,12,11,14,13,15,1,2,1,1,1,1,1,2,1,1,178,200,151,179,158,209,197,183,179,166,196,187,194,180,187,186,186,193,149,157,23,21,19,17,20,22,24,22,20,20
APONE_T1,BatchB,1,3007,5890,2991,2978,2404,2848,5243,2649,4803,6268,3079,5730,5305,3225,6598,2984,2888,2803,3090,2939,3003,2856,3284,7793,2836,3222,6128,2850,3251,2877,3073,2783,2880,3227,3208,3196,2951,7736,2617,3392,6648,2988,3013,2830,3103,5511,2905,2703,3256,3108,4986,7221,2922,3200,8187,2780,2874,3101,5255,8309,2853,2982,3020,6287,2720,3042,2934,2990,3294,2911,2587,4412,2774,3374,3096,3032,5649,6465,3246,6329,3501,2890,3037,6168,2939,3047,2829,4444,3129,5927,6449,2769,3005,4202,2716,6402,6863,3033,3095,6906,2682,5100,3177,2965,2811,2739,3048,3063,6709,2815,3103,2876,3766,2775,3083,5846,3010,3075,3145,2861,2857,6965,2951,6549,3309,3002,2991,4870,3073,2802,8083,5990,2784,2782,2560,5773,3175,3287,3229,3755,10410,2906,4733,3222,2867,3158,3164,2985,2999,3140,2659,6448,7888,2947,2924,3413,5815,3206,2654,2839,2899,2803,3458,3106,5436,2890,3191,3154,10011,6045,4059,3078,3081,2926,3054,3437,3025,2967,2973,7632,2968,7616,2947,3150,2892,3419,3077,2882,6209,6507,3376,7943,3505,4905,4339,2998,9003,3008,3199,8038,156,220,198,191,89,133,107,141,130,170,196,171,158,121,148,188,155,192,218,106,311,148,166,128,172,162,218,217,141,277,218,124,148,172,121,145,218,132,167,366,129,135,119,107,769,115,130,216,257,253,162,156,248,206,211,187,148,225,193,273,257,268,168,137,280,183,321,160,165,141,186,154,190,302,187,172,110,120,204,148,290,106,181,510,256,143,147,318,323,239,138,349,476,101,152,289,151,146,141,323,185,107,171,131,146,125,133,197,244,198,166,194,237,155,187,151,322,114,164,100,154,146,164,155,285,304,225,165,133,189,365,157,125,338,311,128,122,493,172,398,178,158,146,139,524,90,121,387,191,185,149,461,134,170,488,150,158,185,130,151,133,157,488,142,132,203,215,394,150,191,157,169,147,173,458,411,164,111,183,121,153,194,254,136,275,124,419,140,229,116,98,163,485,143,163,127,190,144,365,139,151,163,164,159,501,134,141,168,109,151,119,196,138,346,212,363,175,214,186,219,165,113,525,100,109,499,171,195,159,155,108,304,143,289,355,294,171,122,331,151,158,178,161,422,140,268,528,133,200,169,234,146,564,220,137,161,199,452,470,146,133,122,188,172,261,135,142,506,523,124,141,136,124,170,342,134,221,135,163,506,147,339,126,166,142,137,145,163,140,283,422,153,117,247,142,345,105,279,207,116,10,33,16,14,4,7,21,7,6,10,10,6,7,6,10,8,22,10,10,28,10,19,9,14,14,7,10,13,7,10,9,5,5,18,6,12,7,9,4,5,4,5,14,6,18,7,7,7,9,7,8,21,8,33,8,13,21,6,7,12,7,8,17,6,14,9,13,7,7,10,5,16,9,7,6,4,15,10,6,9,4,5,6,5,8,14,9,11,8,11,6,7,12,4,9,5,7,9,17,5,23,6,18,21,6,9,9,9,5,8,5,10,6,8,6,11,21,8,12,11,7,7,10,14,8,15,5,18,6,4,11,16,6,11,13,14,19,5,23,10,6,10,13,8,9,6,9,7,8,6,22,6,13,11,10,6,6,7,31,17,11,7,8,10,17,4,5,10,7,5,10,11,16,6,9,7,15,17,9,19,14,9,11,6,8,7,8,11,11,21,9,12,8,5,6,6,5,6,5,6,11865,10408,10510,10280,11948,9164,9118,11446,10666,11655,2050,2143,1824,1851,1984,1892,1783,2385,2057,1945,106,116,94,88,101,120,101,113,99,98,110,108,109,103,113,101,123,119,105,86,20,23,19,17,20,23,25,21,21,18
APONE_T2,BatchC,2,3061,2966,2891,3406,14970,3075,7000,13785,2883,2961,12873,13171,7508,18477,3427,2606,3024,2717,3101,3055,15004,11739,3373,7642,5527,14802,2878,15365,2971,9323,3459,2970,3185,5086,3086,3015,2896,8146,2649,3094,2965,2856,2467,3078,2988,3164,19334,3076,26437,16656,3078,3138,2738,3424,2988,3225,15218,6416,10866,2824,2565,2944,2937,18388,3105,3255,2775,13747,3223,2853,2445,7243,2825,3056,2972,3230,3076,17000,3120,21756,2743,2693,2825,8955,2778,3239,2900,3263,22898,2868,3114,2734,2941,3074,10235,15603,9244,2688,3063,2620,2960,3026,2768,4365,2826,3086,2808,3142,2848,2719,2871,3101,3179,5209,2955,2893,3196,2805,7314,14244,2730,2916,2786,3244,2952,3082,3538,2901,12570,3164,3081,2637,22444,2884,2684,7430,2733,3315,3330,14604,3009,2661,2716,2929,2840,3371,11049,2977,3438,2836,3072,10602,2939,2901,3984,3022,2981,35186,3072,18628,2762,7976,15670,10391,3373,3038,27066,20422,3130,24789,2909,3257,2805,2982,6519,12761,3062,2810,2844,3219,15198,9406,2796,3031,2997,2725,15059,2651,14393,3508,11423,3049,2831,9978,2927,3719,2865,25417,3169,2753,152,620,150,158,116,124,369,115,134,150,172,103,395,132,133,630,156,192,189,140,128,132,541,1593,157,164,1209,228,125,1346,103,141,165,201,107,115,103,446,117,558,102,1007,123,298,804,129,128,861,246,130,134,158,202,128,147,155,182,118,155,106,300,131,441,838,741,737,137,633,154,153,328,203,141,2469,743,158,118,199,159,179,179,108,201,158,116,134,149,137,371,128,146,151,192,97,138,166,703,693,94,1103,226,104,195,151,118,123,136,357,175,228,164,495,1097,163,173,137,131,531,152,116,171,748,191,208,208,176,116,743,178,118,195,170,131,130,146,261,829,163,195,554,94,1571,165,179,199,816,134,160,599,205,156,169,126,485,169,147,143,632,132,450,139,535,184,1537,125,196,123,969,171,168,188,751,469,163,175,1139,1104,105,398,136,450,196,697,188,97,568,159,848,173,440,451,143,146,173,512,157,174,140,398,141,152,158,194,190,175,558,851,172,103,116,113,99,326,677,146,143,171,166,125,200,717,136,125,121,126,153,551,209,1755,164,124,134,141,96,172,799,127,498,134,143,111,164,150,181,147,106,195,147,203,152,152,197,1203,214,151,146,154,328,238,140,127,131,726,319,124,487,152,185,158,101,171,158,129,167,175,147,216,118,136,847,562,208,151,449,381,147,155,142,251,167,1094,599,131,424,116,194,244,422,134,113,30,11,23,15,4,8,11,47,15,8,5,6,7,36,9,7,26,7,9,11,13,5,12,36,9,27,12,10,12,10,7,19,7,9,21,8,8,9,8,21,14,21,32,9,37,64,9,7,8,8,8,8,9,67,8,7,6,43,42,12,19,9,35,15,7,8,7,15,39,6,33,39,7,5,7,6,11,9,6,39,4,14,9,6,7,43,9,24,161,9,5,7,11,5,14,8,7,9,8,5,9,6,26,6,17,21,9,8,5,9,7,7,5,10,6,5,9,7,6,12,21,7,16,6,8,8,32,10,6,4,10,57,7,4,8,20,8,18,10,12,12,10,12,9,6,20,70,16,8,9,55,8,11,5,22,8,6,7,57,7,16,7,6,6,7,53,4,9,8,4,33,8,8,6,10,39,13,11,7,7,10,16,8,23,13,7,8,57,6,6,17,15,11,24,7,7,11,6,35,7,8267,7701,6923,8171,8754,7968,7530,9268,7818,8288,65394,70501,66203,64071,66021,61051,52609,69934,63028,56740,2,3,2,2,2,3,3,3,2,2,3,2,3,2,2,2,3,3,2,2,22,22,19,17,22,21,23,21,19,18
APONE_T3,BatchC,3,2828,2996,3204,3487,15660,2373,6557,12971,2971,3074,13580,12297,7080,21855,2919,2607,3467,2830,3280,2854,14455,10811,3271,7185,5319,17015,3044,14897,3441,8407,3269,2994,3056,4723,2959,3349,2939,7907,3009,2814,3087,2812,2960,2868,3051,2980,20307,2785,30074,17959,3058,3198,2466,2893,3131,2899,18402,6276,10043,2967,2768,2875,3232,20421,3122,3227,2784,12759,3552,2533,2612,6925,2820,2907,2871,3149,2744,16926,3029,20904,2918,2767,2704,9092,2812,3294,3128,2866,23867,3101,3284,3324,2864,2748,10377,17868,9314,2762,2993,2715,2731,3050,2923,4524,2936,2847,2520,2801,2995,3083,3185,3033,2809,4831,2815,3021,3348,3373,7161,13958,2817,2831,3198,3086,3138,3112,3277,3047,11786,3118,2874,2815,19939,2961,2966,8591,2758,3050,3277,14776,2938,2642,2905,2977,2801,2935,10218,3080,3120,2866,3165,11701,2643,2596,3892,3244,3032,33517,2964,17994,3063,7662,17300,10764,3281,2616,23749,19016,3144,27440,2972,3225,2842,2834,8206,12831,3011,3343,2932,3158,15591,9399,2833,3307,3212,3167,16353,2875,15667,3476,12103,2881,3196,10008,2501,4362,3305,23897,3169,2683,190,617,155,159,102,172,399,111,100,155,201,110,361,156,145,664,171,177,142,125,162,119,425,1251,161,175,1148,176,135,1374,116,114,197,194,134,122,97,459,105,590,145,1044,110,312,871,111,107,963,248,128,138,138,242,107,145,156,175,156,138,103,266,154,516,732,658,739,144,549,164,142,337,178,168,1658,838,156,143,156,180,154,178,98,177,163,130,115,185,168,572,149,156,134,206,93,163,168,731,651,98,877,184,97,187,106,135,116,144,285,161,176,208,513,1450,140,188,165,175,590,169,114,185,764,205,185,238,132,125,843,146,169,212,157,141,100,131,305,723,152,202,566,100,1872,163,199,178,730,133,148,640,187,175,154,136,493,172,143,147,857,157,471,126,569,170,1507,130,223,119,936,166,220,153,973,536,206,140,1199,1006,93,445,137,360,198,803,218,114,606,161,902,137,384,379,143,147,129,490,174,185,131,458,131,128,163,181,179,161,526,674,151,98,108,96,95,398,594,134,156,201,205,157,218,751,137,127,114,113,120,515,216,1606,216,106,161,187,118,164,1085,117,446,116,153,159,151,148,207,162,105,176,142,200,159,141,181,1444,251,157,165,181,255,235,122,166,112,619,358,141,573,154,194,200,130,152,150,154,140,195,137,203,109,155,889,604,187,140,423,469,137,133,122,301,161,1262,605,148,500,131,188,276,335,107,112,36,10,29,12,3,7,10,52,15,9,6,7,8,33,10,9,40,6,11,10,15,5,12,29,10,27,7,12,14,11,7,24,8,9,18,9,7,9,9,24,17,24,32,6,40,46,9,6,8,10,6,7,7,66,8,6,7,49,30,13,25,7,34,10,9,6,7,18,33,6,29,48,9,7,7,5,11,11,7,38,4,17,5,5,8,35,8,28,156,11,5,6,13,5,12,7,6,8,8,5,8,7,22,6,20,16,8,9,5,8,6,10,5,10,6,5,9,8,6,12,21,9,15,6,6,8,27,11,5,4,10,41,6,5,8,22,7,16,8,15,13,7,12,10,7,18,69,16,8,6,34,6,12,5,19,10,7,8,54,7,11,7,6,7,9,65,6,9,6,3,33,7,6,5,8,30,13,8,9,7,7,14,13,25,13,8,9,59,6,7,22,17,11,25,5,6,14,5,36,6,46,48,41,45,49,38,40,47,43,45,350651,387769,316126,318973,338102,279861,276144,381677,323099,305039,0,0,0,0,0,0,0,0,0,0,0,0,0,0,0,0,0,0,0,0,23,24,19,20,20,24,22,20,18,18
BURKE_T0,BatchA,0,3136,2944,3046,3262,2946,3101,3011,2857,3019,2721,3068,2910,2940,3043,2898,2496,3153,3024,3345,3242,2741,2944,3390,3144,2963,2966,2680,3243,3202,3063,3258,2872,2935,2886,3200,3345,3109,2883,2873,3160,3094,3230,2735,2902,2909,3074,2961,3136,2873,2697,2985,2866,2653,3103,2786,3181,3065,3281,2609,2956,3061,2746,3258,3189,3120,3006,2804,2853,3010,3030,2887,3208,3167,2876,3174,3391,2948,3206,3116,3011,2901,3101,3011,2507,2662,3042,2815,3043,2816,2712,2930,2885,2705,2852,2815,2858,2999,2852,3066,2617,2919,3122,3121,2876,2652,2791,2775,2813,3154,2817,2944,3332,2897,2758,2666,2988,3040,3143,3518,2959,2764,2894,3058,3173,3101,2987,2932,3142,3133,2874,3040,2746,3366,3070,2659,2894,3095,3244,3261,3479,3535,2629,2765,3198,2790,2576,2798,3125,3147,2940,2969,2605,2646,3058,2971,3079,3225,3074,2915,2636,3002,2909,3327,2997,2953,2868,3358,2941,2662,3099,2933,3262,2983,2801,2726,2815,3352,3121,2701,2940,3486,2859,2739,2981,3053,3116,3374,2851,2724,3050,3260,2897,3382,3107,2843,2932,3101,3025,3086,3137,154,198,126,162,112,163,123,127,125,135,213,105,164,129,160,166,163,193,133,148,144,173,178,102,158,161,271,178,122,145,108,125,135,175,115,134,100,173,124,138,120,153,112,121,252,114,117,233,286,114,130,160,238,131,152,169,193,175,157,137,154,122,198,127,196,190,124,152,174,140,108,144,154,222,214,164,126,118,234,157,163,110,175,172,129,126,156,157,126,173,128,157,196,99,157,151,178,153,94,158,208,116,207,145,141,112,147,201,136,207,182,167,180,151,186,141,172,115,160,127,194,122,185,150,227,139,133,157,104,124,179,167,121,116,156,117,131,164,175,131,107,161,174,165,226,120,134,161,97,201,142,204,139,178,216,161,163,160,107,140,157,141,151,118,160,207,143,117,168,160,119,207,194,196,166,235,148,110,165,130,143,188,98,106,123,121,164,176,130,106,85,147,142,140,188,131,182,151,165,129,155,142,159,139,153,143,146,174,98,125,85,89,131,172,147,136,168,191,165,238,131,119,134,112,119,149,207,195,103,136,124,153,143,97,182,129,120,117,131,140,142,140,162,166,148,116,174,126,221,151,132,156,186,230,152,150,184,175,132,175,141,101,109,126,115,149,134,213,195,110,186,124,148,170,151,136,186,122,127,231,166,234,168,167,186,129,147,157,151,154,153,156,162,162,150,206,114,164,98,109,11,11,5,5,3,6,15,9,7,8,4,7,8,7,10,10,10,6,9,9,7,6,11,7,7,7,10,9,7,10,7,6,7,10,6,9,6,12,4,6,5,5,7,7,7,8,8,6,9,11,8,10,8,12,7,7,7,7,4,7,7,8,8,7,10,7,7,6,8,7,5,7,8,6,7,6,10,11,8,8,4,6,7,6,10,11,4,5,8,11,6,8,12,5,5,6,8,11,9,4,7,7,9,6,6,10,9,9,5,10,6,7,5,8,5,5,9,7,6,12,6,7,7,6,8,7,7,11,6,3,13,16,7,5,7,7,7,6,11,7,5,11,13,9,7,7,11,4,6,7,12,7,11,5,7,6,6,9,11,7,5,6,6,8,7,5,6,7,7,4,10,9,6,5,8,9,14,7,8,7,9,9,10,5,6,6,10,10,7,5,9,8,9,4,5,5,4,5,6,7,1,1,1,1,1,1,1,1,1,1,0,0,0,0,0,0,0,0,0,0,78,91,61,67,67,88,80,75,69,69,81,81,77,68,86,71,83,78,61,70,22,22,19,17,18,21,24,22,21,18
BURKE_T1,BatchA,1,2722,2843,2998,3148,2865,3008,2801,3023,3003,2692,3165,3360,3480,3127,3208,2997,3079,2888,2911,2933,2963,2852,3402,2873,2893,3098,3023,3297,3014,3016,3439,3035,2948,2572,3163,3271,2917,2633,2631,3099,3361,3108,2965,3306,2785,3138,3102,2707,3366,2898,3199,3018,2729,2999,2651,2805,2688,3225,2885,2823,2564,3035,3083,2984,3144,2982,2856,3014,3413,3163,2741,2813,3061,2784,3273,3241,3195,3175,3173,2657,2820,3030,3061,2770,3047,2999,2848,2843,3232,3244,3214,3096,2906,3091,2910,2474,2764,2854,3316,2907,2893,2918,3133,3218,2941,3232,3110,2681,3323,2719,2898,2679,2979,2792,2975,2689,2848,2950,3230,2940,2930,2945,2811,2859,3035,2789,3221,2929,2762,2694,2593,2797,3073,2904,2925,2923,3026,3202,3439,3248,3069,3034,2753,2987,2678,3190,2896,2931,2978,3322,2774,2834,2808,2857,3105,3016,2822,3229,2992,2915,3114,2979,3202,2918,3238,2844,3610,2970,2882,2837,3214,3005,3261,3033,3010,2990,3372,3506,3081,2868,3132,3012,2781,3225,2994,3251,3285,2787,2656,3177,3822,3020,2759,3177,3021,3082,3020,2865,3074,2881,167,176,155,205,85,143,120,112,128,149,193,125,148,125,140,193,161,167,144,165,160,186,141,114,146,140,294,250,108,132,99,139,159,197,116,140,93,141,132,148,120,149,94,123,199,128,109,187,259,133,127,177,222,122,123,178,183,126,148,131,135,159,140,151,155,181,151,180,171,154,165,149,120,260,201,141,115,95,180,153,151,106,185,176,131,124,131,142,150,146,137,128,175,100,131,176,180,129,105,121,212,128,201,102,154,122,156,197,151,206,159,141,179,158,148,130,193,132,190,139,177,128,197,158,214,160,114,115,101,126,213,176,133,134,127,104,138,154,172,169,92,166,130,141,219,79,147,152,91,231,157,148,120,182,169,167,190,160,106,141,161,150,169,121,141,192,121,135,169,202,163,185,177,181,178,237,129,106,203,146,164,173,97,122,120,115,158,162,133,95,111,169,156,172,186,134,194,166,171,135,157,169,175,137,175,141,148,179,100,119,105,92,119,166,143,137,220,219,156,177,177,133,132,124,137,141,161,188,125,185,115,177,135,98,168,127,118,115,121,148,124,174,162,218,137,101,171,165,179,169,136,138,257,252,145,188,184,129,166,150,173,129,109,109,128,131,134,207,173,134,180,137,146,149,146,128,195,131,170,228,158,221,137,190,128,147,129,172,124,172,166,147,131,200,140,199,113,131,82,115,9,11,7,5,3,9,15,9,7,7,6,5,7,7,8,9,8,6,12,9,6,5,11,7,9,7,10,8,10,12,5,5,7,8,4,8,8,12,5,6,5,6,8,6,7,6,8,7,8,10,9,8,8,12,5,7,7,7,5,6,7,10,6,6,10,11,6,7,8,9,6,7,8,6,8,6,11,12,8,10,4,6,8,7,8,14,5,5,7,11,7,8,11,4,4,7,7,8,8,5,8,7,9,7,7,8,10,9,6,9,5,7,7,6,5,5,8,10,6,11,6,7,9,6,7,7,7,9,6,5,10,14,7,5,8,7,8,6,7,9,5,9,14,10,6,7,8,4,9,8,11,7,10,6,10,8,7,7,11,7,6,9,6,8,7,4,6,7,6,4,9,6,6,5,11,6,18,7,7,9,9,7,10,6,7,6,9,9,6,7,8,7,9,4,6,5,4,7,6,7,256,220,197,217,238,192,201,225,220,252,65,60,52,57,59,52,52,67,60,56,76,84,62,65,72,87,80,79,71,67,77,75,82,77,74,79,82,82,63,63,20,21,18,16,20,22,21,21,20,20
BURKE_T2,BatchC,2,2932,2920,3325,3160,16220,2850,7035,12625,3019,2780,14167,12728,6563,20497,2926,2707,2923,3098,3010,3477,12963,10941,3134,7505,5022,15043,3096,15327,2650,9076,3643,3106,2936,4996,3451,3032,3081,7440,2811,3100,3199,3186,3112,2962,2937,2859,20755,3128,29452,16811,2870,3103,2826,2979,2650,3001,17860,6662,9668,3318,2723,2920,2951,20446,2694,3497,3150,12755,3128,2942,2594,6042,2821,3186,3036,3362,2847,16809,3166,20950,2750,2945,2972,7979,2644,3283,3071,3083,24027,3151,3051,2937,2874,2874,11140,15626,8051,2928,3283,2509,3025,3272,3009,4622,2859,2848,3089,3238,3006,2719,3165,2917,2967,5661,2929,2959,2962,2877,7059,13960,2484,3200,2892,3368,3216,3020,3221,2641,12368,2875,3081,2707,19377,2936,2840,7673,2932,3331,3481,14135,2885,2884,2693,2849,2827,2632,11724,2919,3026,2859,2892,10822,2832,2900,3981,3227,3180,36477,2596,18314,2985,8433,16384,10508,3135,3037,24108,18462,2763,24124,2928,3206,2907,2660,7390,12136,3035,2785,2741,3130,14693,9700,2984,3026,2996,3188,16038,2817,13770,3247,11582,2993,2787,11091,2645,4326,3231,24472,3030,3088,161,601,168,173,90,145,389,113,127,134,191,110,477,127,155,598,153,175,151,130,145,162,492,1356,164,145,1262,186,128,1185,113,124,183,200,140,143,91,439,126,580,124,955,109,310,709,116,133,956,316,127,129,191,256,126,155,171,137,139,158,119,343,140,476,660,846,726,157,589,127,153,357,172,130,2095,878,162,146,184,143,163,146,114,165,175,107,141,156,142,471,145,166,135,196,94,134,132,657,659,100,865,213,107,158,161,134,105,153,283,148,193,152,549,1353,145,188,124,154,578,179,125,175,770,194,168,218,193,113,775,170,148,201,180,147,122,143,302,796,149,185,518,103,1888,166,171,211,831,115,150,716,252,159,194,150,589,169,140,146,636,118,363,159,550,189,1423,146,175,126,967,166,179,157,787,525,200,165,1292,801,114,527,130,345,216,783,210,93,621,165,780,145,420,484,127,132,179,678,158,177,183,489,124,127,166,167,192,159,502,1017,193,95,112,99,93,340,671,137,142,205,167,165,191,619,119,131,116,128,146,551,214,1686,162,116,166,129,110,210,941,129,411,140,166,169,155,189,190,124,86,162,159,191,161,147,173,1031,220,142,183,159,279,264,135,164,109,665,319,120,459,143,204,180,110,173,133,99,184,169,160,188,117,155,900,540,237,144,564,439,160,123,150,285,154,1068,612,140,459,136,182,256,393,97,111,29,10,22,14,3,6,12,55,16,9,5,7,6,31,10,8,37,5,8,10,13,8,9,35,11,39,9,12,13,12,6,25,6,8,22,8,7,12,8,23,14,23,29,8,36,47,10,6,9,9,7,7,8,57,7,8,5,46,51,14,23,9,41,10,9,8,7,14,34,8,31,36,8,6,8,5,10,10,7,41,4,12,6,5,8,45,8,22,134,10,5,8,16,5,14,6,6,11,7,3,8,5,24,6,23,17,8,9,5,8,5,8,6,6,6,5,11,7,6,9,20,7,22,6,8,7,29,10,6,5,13,51,6,4,7,19,7,14,8,12,11,9,12,8,7,21,65,15,9,6,49,6,12,5,17,7,6,9,56,8,15,8,7,7,8,55,4,7,6,4,35,9,5,5,7,30,17,7,9,6,9,15,10,26,15,7,10,51,7,7,18,18,8,22,6,6,12,5,38,8,1103,1035,902,1055,1247,927,879,1027,969,969,6854,7721,7034,6723,6145,6028,6219,7563,6382,6827,3,3,3,3,3,3,3,3,3,3,3,3,3,3,3,3,3,3,3,2,20,23,18,18,20,22,22,22,19,19
BURKE_T3,BatchC,3,3144,2826,3230,2936,15936,2759,7275,13884,2709,2947,14178,13620,6866,18813,2890,2774,2893,2833,3008,3237,13653,12246,3313,6668,5980,14316,2788,14320,3201,7944,3266,3049,3270,4681,2858,3092,2978,8652,2788,3157,3184,2815,3003,3041,3168,3200,19962,3056,31103,16741,2998,2895,2411,3181,3257,2903,17841,6884,10414,2939,2944,2544,2884,20523,3240,3031,2938,12969,3363,2837,3068,6960,3093,3098,2924,3410,3005,16237,3402,20191,2868,2627,3149,8726,3047,3165,3031,2766,25614,2875,3307,3133,2801,3005,9974,15928,8843,2734,3328,2853,2989,3094,3253,4466,3168,3101,3177,3173,3499,2893,3049,2855,3054,5518,3268,2829,3257,3305,7205,14119,2698,2770,2857,3526,3029,2827,3353,3331,13769,3023,2873,3029,21970,2970,2836,7747,3052,3189,3160,13722,2890,2702,2528,3050,2881,3058,10060,3118,3035,3297,3043,11241,2860,3032,4277,3377,3321,37027,2844,19180,2724,6938,15710,10275,2850,2521,23949,18821,3177,24874,2801,3089,2795,2338,7274,11148,2726,3191,3190,3142,14574,9515,2840,2785,2745,3102,15422,2937,13174,3671,11034,2986,3011,9321,3024,3980,2720,22894,3315,3024,157,671,141,150,106,164,398,108,129,159,203,107,412,158,127,532,155,198,137,113,143,153,529,1410,160,171,1318,206,120,1291,110,119,155,194,144,126,88,334,106,566,134,957,97,335,688,123,123,1014,266,128,138,179,223,128,151,151,134,121,138,116,293,146,417,798,753,893,176,670,155,160,269,165,145,2501,1046,167,113,190,188,160,176,99,153,165,119,123,157,178,430,152,147,160,162,81,164,152,714,557,90,811,228,96,161,151,178,117,152,296,148,237,198,558,1596,174,181,157,158,587,157,128,181,759,170,189,242,168,109,799,180,127,188,156,128,123,177,358,747,178,196,444,98,1614,174,141,214,807,153,172,609,190,119,163,140,517,193,150,154,673,138,380,138,534,178,1675,175,224,117,827,175,152,172,861,451,180,147,979,1070,98,540,107,430,172,721,192,105,642,143,863,180,457,399,121,129,174,696,147,190,161,433,135,191,167,158,206,165,443,984,172,90,110,128,116,343,686,166,142,214,174,153,176,741,97,147,109,147,160,579,211,1672,162,134,159,124,103,183,840,153,451,127,185,142,157,142,217,143,120,157,140,178,179,148,147,1234,231,151,160,187,291,236,140,143,125,806,359,106,576,144,237,199,121,167,136,139,179,157,154,199,112,134,950,570,179,166,483,513,145,116,164,240,193,1187,547,139,491,162,191,286,411,108,102,34,9,18,14,4,5,13,47,18,10,6,8,8,36,9,8,30,6,8,12,13,7,10,40,11,28,10,12,14,10,7,22,8,9,20,9,8,9,10,26,12,27,30,7,40,60,7,6,9,10,9,10,8,54,7,8,7,34,35,15,22,9,36,12,9,9,7,14,38,6,29,41,10,5,7,5,11,12,8,36,4,15,8,7,9,39,7,20,146,10,5,6,9,6,12,7,6,7,9,5,10,6,22,6,21,18,9,8,5,9,5,10,4,8,7,6,8,9,6,10,21,7,13,5,8,7,31,9,6,4,14,52,6,5,6,16,6,17,9,15,14,10,14,10,7,18,62,15,10,7,42,7,13,5,19,8,6,7,58,6,11,7,6,6,8,60,5,10,6,5,32,9,6,5,10,36,16,10,8,6,9,16,11,30,15,6,9,66,8,7,27,18,7,23,6,6,11,6,33,8,13,10,10,10,12,10,9,11,11,11,44741,46982,40563,44521,44596,39403,36776,46294,41387,42470,0,0,0,0,0,0,0,0,0,0,0,0,0,0,0,0,0,0,0,0,21,23,17,18,22,23,25,20,19,19
DISTEPHANO_T0,BatchA,0,3170,2755,2779,3016,2710,2885,2896,2915,2788,2721,3071,3304,2964,3080,3005,2856,3305,3008,2975,3040,2921,3015,3287,2911,3109,2767,2958,3147,3146,2941,3344,2751,3079,2902,3497,3007,2908,2764,2856,3269,2915,3060,2800,2819,2871,3127,2990,3296,3130,3137,3075,2916,2723,2898,2817,3393,2808,3400,2732,3438,2705,3143,3104,3486,3075,3090,2826,3199,2874,3129,2688,2946,2840,2864,2707,3383,2913,3210,2978,2803,3109,2628,2939,3035,2567,2988,2799,3338,3299,3072,2898,2746,3206,3060,2648,3001,2938,2949,3392,3113,3182,3103,3374,3332,2673,3107,2670,3153,2940,2541,3049,3107,2968,2723,3551,2799,2905,2885,3275,2740,2553,3186,2943,3002,2836,3400,3313,2659,2728,2763,2967,2717,3019,3098,2796,2820,3323,3208,3171,3321,3030,3020,2657,3062,3060,3065,3269,3115,2928,3328,3051,2862,2890,3004,2830,3202,2925,3274,2710,2650,2682,3262,3281,2725,3143,2688,3151,3128,2980,3162,2943,2965,2844,2608,2870,3057,3714,3037,3078,2845,2974,3423,2562,3286,3293,3228,3123,2669,2885,3047,3619,2824,2975,3483,2675,2663,2895,3040,3048,2910,163,228,144,167,114,171,119,93,125,141,195,128,163,129,140,206,186,234,133,132,154,138,187,114,143,172,266,230,125,157,98,130,139,196,116,127,102,131,113,129,117,161,105,108,234,99,107,207,239,115,109,165,221,122,125,158,201,183,160,144,136,121,158,117,150,153,157,170,137,130,110,153,157,212,198,146,120,102,182,194,142,95,182,165,122,132,197,143,148,101,137,147,195,84,153,174,168,158,107,175,214,108,187,151,162,113,143,212,198,183,203,146,206,136,197,154,189,132,179,133,187,146,214,173,215,173,108,153,110,126,185,156,124,126,148,128,139,165,217,154,111,166,183,171,203,92,115,165,122,205,156,168,127,160,174,155,147,160,122,146,157,152,181,127,173,211,104,138,152,185,166,200,207,189,147,244,138,89,215,139,153,184,117,108,110,125,139,153,161,126,93,136,124,153,169,166,178,153,162,145,122,172,166,146,179,181,181,186,85,98,91,90,120,186,143,179,168,212,147,210,173,120,114,104,123,107,163,199,138,157,111,159,134,107,171,115,142,129,151,161,134,153,188,160,128,98,180,143,192,175,138,167,200,233,159,127,183,115,146,152,162,117,110,88,105,152,151,223,223,129,167,105,136,150,175,144,185,129,167,275,170,200,139,158,134,147,119,135,119,155,227,145,156,193,125,186,98,144,105,117,11,9,7,5,4,6,15,8,6,8,4,6,9,8,8,9,8,6,10,13,6,5,12,7,12,6,10,8,9,11,6,6,6,8,5,10,8,8,4,6,4,7,9,8,5,7,8,5,9,9,8,10,7,11,8,7,6,6,6,5,8,9,6,6,8,8,8,6,8,8,5,6,9,5,8,5,10,11,7,8,4,5,6,6,9,10,7,6,7,11,6,9,14,5,4,7,4,9,7,6,9,7,9,7,7,8,11,8,4,9,6,6,5,9,6,5,11,8,7,11,6,7,7,5,9,7,6,10,7,5,12,16,6,6,7,6,7,5,8,9,5,10,16,8,5,9,9,5,8,8,11,7,10,5,8,7,7,8,10,7,5,8,7,7,7,5,4,7,6,4,11,10,5,6,9,9,15,9,7,6,8,9,9,7,6,7,9,13,8,6,8,7,9,4,6,7,3,5,5,9,1,1,1,1,1,1,1,1,1,1,0,0,0,0,0,0,0,0,0,0,454,523,408,458,447,500,462,526,439,458,520,479,477,464,489,503,518,516,398,410,22,22,19,17,20,22,22,21,18,19
DISTEPHANO_T1,BatchA,1,2830,2984,2900,3136,2963,3109,3263,3153,3036,2813,3188,2753,3053,2948,3152,2883,2747,3173,3375,3233,3150,2762,3016,3159,2634,2950,3001,2987,3418,2891,3102,3216,2727,2681,2954,3393,3243,2606,2981,3086,3164,3261,2696,3029,2933,2648,3083,2636,3305,3123,3230,3027,2896,2747,2694,2658,2722,3463,2850,3243,2773,3070,2984,3110,2928,3142,2911,2738,2831,3209,2728,2605,2521,3220,2599,3071,2952,3016,3187,3101,3128,3067,2735,3121,2802,3107,2802,3230,2883,2992,3134,2796,3173,2984,2837,2822,2846,2474,2924,2936,2955,3120,3051,3138,3039,2872,2873,3007,2971,2737,3005,3233,2909,2869,3008,2738,2922,3110,2969,2921,2967,2841,3138,3262,3241,3197,3175,2801,2932,2861,3115,2686,3508,2874,3082,2883,2743,2818,2963,3336,3237,2787,2545,3081,3092,2530,2656,2812,3266,3093,2845,2972,2833,2954,2836,3342,3407,2598,2979,2771,2733,2652,2983,2924,2931,2748,3126,3134,2680,2819,2879,3057,2862,3045,2967,3110,3469,3244,3097,2892,3359,3097,2980,3121,3412,3328,3207,2930,2786,3208,3217,2661,2812,3350,3286,2670,2894,2522,3054,3215,147,235,116,187,97,181,146,138,134,147,197,104,173,147,120,207,149,179,152,128,157,172,142,115,133,158,231,213,105,139,84,124,134,196,117,149,88,167,129,146,152,153,102,107,209,121,124,215,325,121,124,163,157,134,148,172,159,143,143,111,140,140,125,140,162,166,124,164,136,144,130,142,151,205,211,138,135,120,172,186,152,97,192,177,132,139,158,155,198,144,120,136,187,85,129,175,131,125,96,160,199,116,160,121,155,150,129,229,137,202,221,169,200,173,170,129,134,155,188,106,173,135,162,167,210,170,115,149,124,137,218,148,102,130,152,121,132,137,232,129,90,157,143,171,218,88,136,170,107,246,227,181,119,165,196,159,155,166,133,154,132,161,207,139,130,174,131,149,154,142,136,202,167,177,182,248,130,98,182,115,156,218,107,140,97,113,152,140,159,104,104,145,133,148,180,156,206,147,156,119,139,158,204,134,162,115,165,167,98,120,99,88,110,163,129,164,208,168,124,227,144,119,119,123,115,123,195,230,115,153,116,171,144,108,202,144,113,129,126,140,116,177,186,195,142,108,219,131,189,151,141,147,229,241,179,128,176,114,146,146,164,137,108,78,106,135,138,222,237,156,153,147,134,158,161,121,197,127,139,255,133,198,144,140,157,146,141,158,111,191,181,176,121,156,152,153,101,140,107,128,10,11,7,5,4,7,15,9,7,8,5,6,8,8,9,9,10,6,9,10,5,5,11,6,10,6,11,8,8,10,6,5,6,8,6,10,7,12,4,6,5,8,8,5,7,8,6,5,8,11,8,9,9,11,6,7,6,6,7,6,7,9,7,6,9,9,8,5,8,7,5,7,8,6,9,6,10,12,7,6,4,5,8,4,10,14,6,6,10,11,6,9,11,5,7,7,7,8,8,5,10,7,9,6,9,8,10,9,5,9,5,8,5,7,7,5,7,8,7,10,6,7,8,6,7,6,6,10,6,4,12,13,6,5,7,7,9,5,9,9,5,8,12,6,7,7,10,5,6,7,12,7,11,6,7,8,6,7,9,7,5,7,6,6,9,4,7,8,6,4,9,9,6,6,10,8,16,6,7,8,9,8,11,6,6,8,9,12,7,8,8,9,10,3,6,6,4,6,6,8,15819,14524,12197,14248,15013,13762,12009,15002,14010,13724,8648,9254,8709,7547,9267,7260,7044,8612,8022,8006,36,38,30,30,31,35,36,36,31,31,35,33,38,34,30,32,37,36,33,28,21,23,19,17,21,21,24,21,20,17
DISTEPHANO_T2,BatchC,2,2957,2837,3022,3145,16179,2821,7096,12670,2769,3004,13827,12075,6842,19865,3080,2900,3192,2799,2877,2698,12208,10936,3374,6976,5324,17683,2892,15447,2869,9410,3536,2732,3143,4744,2980,3128,2982,7644,2918,2933,2989,3158,2919,3410,3073,3099,21159,3104,37533,17959,3031,2623,2671,2965,2700,2718,19098,6378,8666,3271,2667,3059,3250,23246,3245,3210,2966,13862,2922,2955,2465,6824,2851,2746,2876,3085,3119,15617,3187,20003,3008,2950,3162,9216,2723,3410,2792,2923,25124,3140,2957,2968,2751,3189,10963,18146,8875,2720,2951,2881,3014,3080,2842,4275,2598,3254,2840,3087,3280,2798,3166,3098,2927,5055,3193,2925,3005,2932,6977,15479,2947,3319,2967,3243,3292,2902,3333,2849,12679,2805,3137,2703,22451,3223,2614,8503,2766,3287,3249,13189,3040,2849,2315,3013,2931,2688,10442,3082,3038,2976,3042,11621,2940,2668,4147,3359,3293,34387,2650,18563,2808,8980,16634,9795,3184,2731,23362,19162,2798,27235,3058,3309,2852,2584,6969,11923,3168,3034,2730,3335,15932,9629,2760,3160,3109,3125,13486,2953,13562,3432,10313,2741,3015,10308,2688,4240,3224,21093,3073,3193,171,607,184,139,101,139,412,108,141,162,225,119,422,142,143,595,169,165,150,154,136,176,448,1666,148,160,1110,224,129,1236,113,150,162,181,120,143,99,456,109,540,131,1002,119,367,961,115,105,827,283,123,126,123,199,102,161,164,185,137,141,126,316,133,474,910,715,770,165,621,139,162,337,130,154,1975,796,146,136,174,200,155,182,123,203,193,115,133,138,142,488,177,157,141,191,94,116,178,666,731,112,818,201,98,167,164,145,134,116,354,153,221,189,643,1377,126,144,139,145,595,201,97,162,719,222,200,216,178,125,773,191,148,176,191,131,127,154,311,883,156,149,498,115,1684,133,125,218,686,145,161,658,200,161,180,109,453,203,154,135,729,119,390,127,572,170,1610,138,192,133,916,143,143,166,827,483,162,191,1116,1021,83,492,133,384,220,708,197,105,620,154,794,151,511,457,134,124,149,518,146,210,161,486,147,162,139,194,238,140,575,895,198,96,114,116,99,376,795,131,154,169,160,175,176,702,123,156,112,109,164,631,212,1649,175,129,140,153,110,193,750,129,364,122,136,164,160,161,182,170,122,187,144,180,149,129,135,1205,228,164,126,170,232,269,162,171,123,704,345,116,530,130,213,200,163,151,120,130,166,173,129,193,121,125,841,492,190,164,437,511,133,129,171,326,175,1412,620,131,419,142,185,222,418,93,100,36,9,23,16,3,6,15,44,17,9,5,6,7,32,10,6,30,6,8,11,15,5,8,24,10,26,11,11,10,14,5,27,6,8,25,8,6,8,10,21,13,24,34,7,41,44,6,7,10,10,7,10,8,60,8,7,6,36,36,14,21,8,42,12,10,8,7,21,34,8,33,47,7,6,9,5,12,9,6,47,4,14,7,6,8,39,7,26,144,11,6,9,12,4,12,7,7,9,7,4,9,5,25,6,22,19,10,9,4,9,8,7,5,9,4,5,9,9,6,9,18,8,12,7,10,7,27,8,6,4,11,47,7,4,6,18,7,18,7,14,12,8,11,7,6,17,60,15,8,6,33,8,12,5,21,9,6,7,54,6,10,7,6,6,8,54,5,7,7,4,25,8,6,5,7,30,14,7,7,7,8,16,11,22,14,6,9,51,7,6,22,22,7,24,6,8,12,5,25,7,975,860,859,927,857,812,843,937,886,937,6645,6856,5379,6814,6388,5719,5500,6133,5556,5495,3,3,3,2,3,3,3,3,2,3,2,3,3,3,3,3,3,3,3,2,21,23,18,17,20,23,26,22,18,19
DISTEPHANO_T3,BatchC,3,2769,3014,2994,3169,15827,2792,6806,13111,3132,2760,11782,10462,6882,20989,3122,2853,3148,2702,2905,2690,14129,11526,3308,7818,5406,16384,3081,14663,2840,9632,3168,2678,3143,5341,3056,3133,3072,8157,2924,3099,3298,2738,2776,2992,2827,2952,17240,2819,27431,18939,3145,3018,3051,3224,3046,3150,15634,6553,9034,2999,2495,2663,2732,20189,3064,3007,3259,11425,3306,2719,3021,5952,2652,3162,2997,3183,2738,15510,2937,21216,3051,2908,2814,9869,3004,3079,2826,2740,24739,2971,3163,2901,2947,3051,9940,17369,8765,3001,3228,2724,2863,3178,3007,4790,3145,2885,2717,3091,3087,2693,3046,2815,3029,4997,2912,2810,3008,2781,7044,14220,3165,3051,3209,3058,3211,3251,3532,2829,12941,2728,2969,2967,22389,2857,2759,8039,2891,3106,3057,14605,3022,2736,2774,3149,2753,2926,11113,2820,2854,2962,3165,11502,2604,2765,4240,3413,3075,39044,3532,17752,3119,7416,15589,9687,3156,2758,28366,16973,3167,25508,2722,3126,2959,2737,6776,12328,3294,3103,2694,3077,15315,9005,2876,3131,2913,3227,14240,2492,15455,3153,11858,3071,2928,9906,2913,4326,3003,21567,3015,2839,154,684,179,145,104,159,336,99,116,128,199,121,338,108,162,593,220,240,146,143,138,168,512,1314,151,168,1498,227,138,1142,115,126,182,207,155,118,112,446,142,640,139,1065,108,310,870,121,106,764,265,137,129,159,214,104,132,173,182,132,171,119,344,130,493,617,858,641,160,644,142,161,310,128,161,2159,1032,147,152,134,168,144,177,104,196,139,147,135,124,168,418,144,110,182,235,83,157,144,655,595,122,1052,216,124,183,143,153,132,137,282,160,229,194,542,1447,172,199,144,159,595,178,115,193,704,208,167,211,181,93,783,216,126,201,176,118,123,153,341,732,164,192,410,91,1883,135,187,206,920,134,204,719,213,139,147,140,593,207,166,153,833,134,351,151,541,161,1501,142,159,135,1105,151,203,145,912,544,155,178,1053,1088,86,474,121,371,215,725,215,93,523,175,852,133,496,438,150,122,156,493,152,142,131,449,127,129,121,183,175,167,559,841,160,88,127,104,104,379,687,132,139,199,238,125,204,669,113,146,102,147,143,554,192,1912,158,121,163,135,89,173,864,150,430,156,155,146,157,143,224,145,115,174,153,231,172,173,170,1128,232,159,157,176,244,224,138,140,130,596,331,110,571,142,191,204,126,143,155,172,185,151,123,172,122,142,785,592,200,132,556,492,120,125,170,241,205,1242,561,127,458,127,178,247,395,94,103,36,11,23,14,3,5,13,58,17,8,5,6,8,38,10,9,26,4,10,10,17,5,11,33,9,26,10,13,14,11,6,23,6,9,25,8,6,9,8,19,13,21,38,7,36,49,9,6,9,9,8,9,9,58,8,6,5,37,40,13,21,7,40,10,9,9,7,14,31,9,27,49,8,6,8,5,9,8,6,49,4,14,6,5,9,43,7,20,152,11,6,9,11,4,12,7,7,9,9,5,8,7,24,6,18,19,10,7,5,8,6,9,6,8,6,5,9,9,7,9,20,8,15,8,9,7,22,9,6,4,12,41,8,5,6,17,7,16,12,14,12,9,14,7,7,21,81,14,9,5,46,8,12,5,20,7,6,10,52,7,13,8,6,6,10,56,6,8,6,3,30,8,6,5,9,33,14,8,10,6,8,16,9,21,18,6,8,47,7,7,20,19,10,24,5,6,11,6,28,7,189,164,159,163,184,155,181,188,171,173,1000000,1000000,1000000,1000000,1000000,1000000,1000000,1000000,1000000,1000000,0,0,0,0,0,0,0,0,0,0,0,0,0,0,0,0,0,0,0,0,21,22,19,17,19,21,22,21,20,17
HICKS_T0,BatchA,0,3223,2779,3498,3054,2716,2665,3022,2910,2785,2859,3180,3327,2930,3095,2907,2640,3225,2888,3159,3093,3196,2730,3384,2878,2986,2823,2851,3225,2749,3239,3429,3065,2601,2749,2915,3300,3112,2890,3042,2832,3427,3216,3041,2889,2816,3301,3081,3059,3170,2974,2902,3064,2728,2833,2812,3173,2752,3177,2989,3312,3155,2983,3205,2818,2842,2897,3081,2882,3259,2980,2629,2874,2709,2924,2815,3614,2811,3020,3022,2616,3042,2803,2751,3060,2516,3103,2951,2940,3099,3240,2905,2950,3042,2972,2386,2816,3009,3035,2859,2658,2871,3622,3050,2922,3182,3045,2711,2998,3060,2731,2976,2985,2876,2782,3165,2927,2701,3156,3497,3005,3223,2756,3279,3380,2834,2962,3230,3095,2568,2645,2859,2870,3063,3222,2878,2792,3095,2982,3307,3670,3025,2994,2624,3079,2951,2754,2849,3059,3020,2872,2948,2840,2794,2975,2957,3094,2767,3288,2819,2776,3171,3083,2856,2557,3340,2835,2885,3289,2755,3016,2605,3053,2736,2615,3140,2705,3323,3129,2893,3280,3302,3087,2971,2966,2876,3202,3058,2719,2750,3446,3427,2973,2773,3063,2693,2826,3068,2997,2895,3125,168,212,156,171,98,141,121,132,118,149,190,139,125,146,137,165,151,168,172,145,125,112,160,113,166,139,252,202,146,138,87,135,155,183,128,141,106,153,141,172,116,134,92,92,202,111,123,240,296,127,171,169,229,151,131,169,202,124,169,112,142,138,138,141,169,178,181,158,153,168,132,163,163,219,212,140,150,124,210,146,186,88,207,152,116,122,162,149,131,143,158,141,263,98,149,166,146,135,98,130,202,106,179,139,142,120,124,214,161,236,207,142,251,168,188,143,150,123,164,108,190,176,189,164,242,179,111,159,115,150,194,167,113,135,138,119,125,176,195,172,92,168,151,155,216,95,139,146,109,174,146,221,154,176,205,154,176,144,137,169,159,183,178,121,147,224,124,147,159,179,141,200,176,202,158,268,146,85,228,142,158,245,109,119,139,143,193,146,149,102,99,155,140,171,153,156,189,142,169,133,135,164,171,148,169,148,138,152,96,119,119,96,112,178,139,147,160,168,163,180,157,126,126,103,132,163,154,231,104,149,109,158,131,88,177,130,132,119,131,166,175,143,153,235,129,109,206,122,179,177,149,140,197,239,132,126,166,122,192,154,174,116,108,83,105,111,133,239,197,126,123,115,163,161,243,130,169,116,161,267,183,183,136,147,162,157,138,169,137,143,181,163,133,161,144,198,97,149,112,116,12,10,7,4,4,6,14,8,6,8,5,8,8,6,8,7,8,6,14,12,6,6,11,7,10,5,9,7,8,10,9,5,7,7,5,8,5,11,4,7,5,6,9,8,8,7,9,5,7,8,9,8,7,13,8,7,6,5,6,7,6,8,7,7,8,8,8,5,9,8,5,7,9,7,9,4,9,9,7,8,4,6,8,5,8,12,6,6,7,10,6,9,11,6,6,6,7,12,9,5,9,7,8,7,5,7,10,7,6,8,6,8,6,10,7,7,7,8,7,10,6,6,9,7,10,6,9,9,5,4,10,15,8,5,7,7,6,5,9,8,6,10,15,7,6,5,8,4,9,7,12,6,13,5,10,8,7,8,11,7,4,7,6,6,8,5,6,7,7,5,11,9,6,6,10,8,15,9,10,8,8,10,11,6,6,7,9,11,6,8,8,7,11,4,5,7,3,5,8,6,17,16,15,16,17,15,14,16,16,17,1,1,1,1,1,1,1,1,1,1,322,391,254,292,264,355,316,330,280,277,328,291,336,301,290,304,322,325,260,254,19,23,18,18,21,25,23,22,20,19
HICKS_T1,BatchA,1,3207,2774,3211,3386,2420,2951,3380,3073,2741,2835,2818,2888,2940,3295,3001,2960,2909,2911,3225,2981,2887,2878,3091,2789,3049,2862,2933,2794,3161,2908,2869,2684,2975,2683,3398,3336,2810,3001,3083,3283,2967,3052,2948,2984,3169,2625,2908,3079,2912,3072,3280,2907,2544,2817,2890,2926,2981,3289,3033,2907,2601,2994,3522,3082,2998,3113,2785,2875,3322,3151,2896,2714,3080,3242,2981,3163,3221,3402,3215,2728,3072,2957,2852,3140,2906,2800,2982,2742,2972,3243,3132,3024,2675,2848,2679,2528,2634,3165,3225,2897,3003,3192,3103,2967,2889,2487,3077,3099,3192,2760,2849,3114,3047,2797,3129,2809,3258,2929,3058,2890,2907,2886,3270,3581,2764,3556,3075,2951,3054,2634,2992,3067,3048,2962,2704,2766,2937,3326,3316,3639,3040,2963,2560,3110,2855,3147,3045,2943,3266,3059,3173,2720,2581,2976,2986,3161,2806,3290,3014,2764,2919,2726,3319,2772,3197,2832,3010,3197,3005,3096,3190,3256,2980,2906,2739,2982,3424,3122,2787,3275,2940,3224,2955,3081,3162,2959,2766,2796,2624,3498,3399,3263,3020,3515,2815,2807,3024,3020,3237,3222,168,175,152,161,100,174,132,115,116,157,166,118,156,115,134,180,171,178,130,138,157,156,139,116,160,165,232,232,134,165,121,110,141,198,104,119,100,161,96,151,119,154,99,109,248,122,132,238,242,124,155,141,183,122,139,167,154,148,149,122,103,117,159,144,153,171,174,145,146,182,132,134,129,242,207,202,155,130,216,136,202,87,166,146,113,135,154,157,127,137,125,159,207,85,149,148,170,149,114,133,193,110,188,140,165,110,146,186,158,201,167,158,194,147,160,135,150,122,174,106,167,131,195,156,213,145,93,135,118,138,191,184,125,125,141,114,131,175,199,180,110,152,157,168,187,114,121,204,114,237,149,205,144,167,207,164,145,141,121,144,133,165,178,128,143,195,138,123,157,177,130,226,217,184,176,245,144,112,175,137,170,197,118,136,96,109,152,154,165,91,96,141,125,171,146,169,185,170,163,137,136,169,197,133,168,146,134,200,99,119,114,89,138,211,141,134,186,180,135,196,148,116,146,110,145,162,200,189,112,175,114,165,139,86,172,120,129,109,114,144,148,181,154,210,155,107,184,134,219,145,121,147,217,215,133,168,196,124,132,142,198,126,122,92,124,121,165,218,196,124,147,171,171,148,142,137,164,120,157,264,148,194,156,160,170,165,127,168,125,173,170,149,108,158,123,204,89,129,83,96,14,10,5,6,4,6,10,7,6,8,6,7,11,7,9,7,9,7,8,12,6,7,11,7,10,6,12,8,10,9,7,6,5,10,5,7,6,12,4,5,5,6,10,7,7,7,10,7,8,9,8,7,8,13,8,7,6,6,6,7,6,8,6,6,8,8,8,7,9,8,5,8,8,6,8,4,10,12,8,9,4,6,6,6,9,13,5,6,7,11,6,8,11,5,5,7,7,10,9,4,8,7,8,6,6,10,7,8,6,9,4,7,5,9,7,6,9,8,7,11,7,9,8,7,8,7,7,10,5,4,9,17,7,4,7,6,8,6,9,9,5,8,10,8,7,8,10,4,6,5,11,6,10,6,7,8,6,8,11,8,6,6,7,7,7,5,5,9,7,4,8,6,6,5,8,8,14,9,8,6,9,8,9,8,6,6,8,9,6,6,7,8,13,4,6,6,5,5,5,6,1100,922,852,916,1038,913,897,1027,966,1001,750,865,834,848,824,862,712,833,786,711,25,25,20,23,22,23,25,25,22,22,23,24,26,22,24,25,25,25,20,19,20,20,19,17,21,22,24,21,20,18
HICKS_T2,BatchC,2,2931,2936,2941,3120,17295,2720,6850,13481,2491,2824,12244,12327,7519,18511,3273,2953,2820,2984,3082,2993,13689,11260,3010,8219,4882,15443,3070,14346,2773,8030,2832,2928,2965,5701,3366,3139,2856,9173,3035,3335,2891,2930,2892,3086,2967,2752,19156,3000,31295,16256,3112,3218,2937,3009,2736,2889,19225,6676,9385,2955,2664,3031,3582,22420,3103,3274,2921,13133,3050,2918,2525,6762,3029,3161,3059,2966,3006,16383,3087,22339,3320,3176,2746,9342,2620,3100,2526,3060,23466,3053,3103,2862,2821,2987,9603,15321,8529,2646,3072,2725,3293,3114,2974,4571,2728,2795,2878,3434,3421,2630,2924,3091,2988,4828,3101,2888,3006,3253,6200,13088,2784,3436,3019,3587,3197,3315,3086,3173,13158,2754,2839,2600,23278,2880,2723,8005,3212,3218,3284,14664,3334,2579,2863,2796,2916,3039,10178,3163,3258,2805,2816,11212,2983,2555,3987,3196,2936,37707,2887,16978,2708,7645,17447,11007,3754,2955,24643,18032,3062,25429,2779,2956,2593,2679,6906,12190,3405,2621,3050,2690,15915,9444,2963,3128,3354,3439,15795,2691,15184,3230,11489,3073,2736,9642,2925,4033,3249,22904,2782,3194,194,625,136,154,92,182,399,122,118,139,178,103,400,119,127,617,156,253,149,118,153,160,491,1291,171,183,1186,229,151,1175,124,143,152,198,93,142,94,468,117,565,114,956,104,331,909,93,121,986,248,108,124,189,207,100,138,150,182,145,159,121,354,147,480,819,846,811,162,615,141,154,359,177,130,2177,971,168,136,154,194,149,174,96,190,142,108,124,157,157,459,159,139,155,220,88,172,149,566,680,85,847,199,99,156,148,130,114,129,372,165,218,186,488,1582,158,172,138,144,543,153,128,170,829,194,180,198,162,122,671,175,138,176,180,117,123,167,369,828,178,169,643,115,1618,165,141,199,853,122,193,772,190,148,161,156,534,186,169,142,654,121,373,146,591,180,1488,121,198,125,918,189,192,150,938,437,203,132,975,875,96,441,130,470,216,790,222,107,623,154,869,195,398,462,143,139,139,544,192,207,165,402,116,130,168,136,189,194,498,854,170,97,102,108,116,459,788,161,146,172,199,128,206,678,126,131,112,112,133,505,223,1847,138,119,133,143,102,186,882,146,325,118,167,166,148,132,193,144,107,186,146,204,183,132,160,1299,233,153,173,165,295,237,175,150,127,700,312,121,528,138,232,180,118,160,133,121,156,190,155,158,114,142,916,552,225,152,505,505,155,135,138,281,201,1099,616,163,523,132,156,276,436,106,108,34,10,23,15,3,7,13,49,14,9,4,7,9,32,10,10,30,5,9,9,16,6,12,26,11,32,11,11,12,12,6,28,7,8,25,7,6,10,7,27,16,26,41,7,35,46,8,6,11,8,9,9,8,53,8,6,6,45,45,18,20,9,37,11,8,9,7,13,35,8,33,60,7,7,7,5,11,10,8,33,4,12,6,6,9,44,9,24,151,11,5,8,12,6,13,7,6,9,9,5,11,7,24,6,22,17,7,8,4,8,6,9,6,8,7,5,8,7,6,11,21,7,16,7,8,8,35,12,7,5,11,55,8,4,7,17,6,24,7,12,14,8,12,7,7,20,81,17,8,7,40,7,14,6,18,9,6,8,54,7,14,6,6,6,8,55,5,8,8,3,29,9,6,6,10,30,16,10,7,6,10,14,10,24,13,7,8,39,6,7,18,14,9,25,6,5,12,6,34,6,20960,18723,17962,16953,20198,17357,16229,18545,17164,20407,99352,100846,85622,94044,91462,79572,82159,96860,89495,84646,4,4,3,3,4,5,4,4,4,4,4,4,4,4,4,4,4,4,3,3,21,22,20,18,21,21,23,19,19,17
HICKS_T3,BatchB,3,3090,5951,2831,2933,2594,2956,5320,2870,5643,5617,3125,5886,4809,3061,6826,2739,3097,2736,3179,2966,2913,3021,2979,7981,3528,2743,6038,3089,2819,2901,3128,2808,3090,2832,3287,3096,3121,7837,3004,3500,6570,3177,2869,2654,3022,6115,2926,3052,3238,3123,4274,5956,2670,2941,7748,2779,3078,3293,5798,8834,2816,3062,2852,6624,3032,3269,2683,2748,3206,2933,2848,4094,2947,2684,3218,3074,4676,6084,3141,6323,3201,2744,3119,6151,2687,3031,2730,4077,3264,6333,6431,3119,2806,4763,2741,5858,6963,2872,3355,7935,3133,5196,2607,3201,2980,2861,3265,2804,6931,2771,3214,3261,3621,2604,2804,5223,2868,3054,3049,2859,3202,6309,2972,7129,3317,2633,3312,4435,3237,2869,7630,6213,2879,3001,2792,6601,3309,2850,2902,3198,11006,2705,4448,2973,2703,2717,2538,2840,2949,3173,3348,6164,8391,3044,2746,3399,6159,3107,2759,2760,2615,2778,3005,3042,5592,2787,3444,2639,9799,6066,4242,2863,2890,2769,2785,2796,3004,3195,2869,7977,3161,7168,2589,3368,2793,3131,2930,2572,6322,6175,3260,8006,3629,4777,4096,2839,9622,3015,3452,8381,158,214,230,190,101,145,125,124,126,139,209,197,133,122,118,176,174,223,265,128,269,180,150,123,143,162,245,215,116,294,186,120,127,199,137,140,219,145,117,469,128,153,127,126,715,114,126,244,251,269,138,145,232,183,249,178,141,277,201,349,263,268,146,139,358,186,429,157,139,159,167,162,144,371,253,161,124,109,197,151,221,97,159,488,244,140,136,424,282,299,145,428,509,108,137,354,160,132,120,291,207,100,176,135,128,133,118,183,196,212,190,230,208,168,199,174,288,111,166,113,198,129,176,154,200,261,241,162,103,216,293,178,126,329,296,147,117,451,179,390,189,127,146,201,493,94,137,401,212,193,151,498,128,156,571,143,135,172,150,150,150,149,490,101,146,153,238,318,142,198,154,182,165,163,441,371,115,111,259,121,143,185,258,132,215,115,336,164,257,108,99,180,556,175,136,134,191,158,295,136,130,156,167,113,570,146,161,189,108,122,134,205,136,308,217,355,190,180,154,207,146,114,455,103,103,485,187,197,156,160,108,259,146,327,470,282,133,111,336,188,139,161,146,431,151,238,454,167,187,166,251,161,458,188,144,158,187,426,345,163,152,110,200,217,258,127,129,448,396,129,140,133,144,139,346,137,215,127,161,570,148,362,172,155,141,150,159,141,146,299,416,191,134,253,128,415,115,341,228,115,8,24,14,13,4,5,20,8,6,9,10,7,6,9,7,11,19,13,11,26,10,17,11,14,16,7,11,12,8,11,6,5,7,26,4,17,6,9,4,7,4,6,11,7,20,7,8,6,10,7,8,14,8,28,7,13,20,5,7,11,6,8,14,6,15,8,10,5,8,7,5,13,8,5,9,5,14,9,7,7,4,6,7,6,10,13,10,11,7,10,6,8,14,5,9,7,6,10,16,4,20,6,16,19,6,8,8,9,5,8,5,10,5,6,7,12,28,7,13,10,7,7,8,15,9,17,6,19,6,4,12,15,6,14,11,15,19,6,20,7,5,8,13,7,8,6,12,4,9,7,25,9,11,12,8,7,6,8,31,18,11,6,8,11,17,4,6,8,6,4,9,8,17,5,9,9,15,26,7,21,15,9,12,7,5,5,9,12,10,21,8,11,10,4,6,6,3,5,7,7,54,50,50,51,54,41,47,50,48,52,1000000,1000000,1000000,1000000,1000000,1000000,1000000,1000000,1000000,1000000,0,0,0,0,0,0,0,0,0,0,0,0,0,0,0,0,0,0,0,0,21,21,19,19,19,21,22,20,19,18
HUDSON_T0,BatchB,0,2852,6065,3237,3133,2753,2896,5126,2838,5276,6419,3381,5994,5727,3044,6627,2692,2949,2675,3297,2745,3157,2786,3024,7736,2886,2815,5916,2682,3103,2813,3406,3254,3003,3055,3572,3231,3181,7557,2926,3286,6321,3090,2794,3357,3230,6007,3055,2744,3238,2782,4858,6724,2904,2786,8003,2839,2850,3076,5855,9161,2867,2643,3188,6570,3255,3402,2926,2918,3365,2717,2614,4405,3173,3318,2824,2925,5086,5900,3146,7225,2920,2844,2803,6685,2341,2978,3116,4136,2886,5563,6612,2829,2951,4181,2654,7028,6376,3036,3527,8310,2992,5538,2671,3153,3133,2636,2853,2972,7502,2819,3067,3364,3502,2751,2844,5407,3192,2877,2895,2628,2727,6001,2870,6053,2858,3114,3639,4800,3150,2864,8235,5542,3319,2904,2973,6159,3166,3522,3594,3281,10071,2722,4451,2790,3152,2816,2672,2587,3198,3277,2671,6117,7845,2671,3047,3570,5917,3271,2731,2737,2615,2990,3602,2738,5053,3113,3004,3078,9389,6982,4088,2936,2949,2490,2879,2959,3276,3273,3150,7625,3404,7155,2800,3295,3366,3226,3161,2786,6719,5854,3107,7744,3439,5264,4015,2811,8842,2496,3312,8233,141,181,201,159,91,127,116,94,115,126,175,213,162,134,152,172,152,172,209,157,306,176,160,106,143,159,281,256,105,301,183,134,169,177,115,158,200,161,132,389,110,156,104,107,761,106,117,218,253,310,133,155,151,175,244,176,179,272,183,281,345,311,208,147,277,193,339,152,141,177,189,136,154,311,249,156,121,104,221,160,225,120,196,497,204,137,144,301,266,291,132,445,567,102,134,320,150,133,94,306,188,113,200,156,155,123,168,184,224,181,251,245,220,150,151,120,262,136,181,117,183,140,203,210,188,322,233,153,100,211,292,154,132,346,317,142,119,479,177,367,174,167,147,158,542,80,142,418,199,190,140,433,150,164,429,145,143,192,106,162,156,148,517,99,154,189,228,409,156,190,145,190,183,193,399,288,164,123,200,132,134,183,283,157,216,121,368,166,272,119,87,141,461,161,151,149,158,150,374,143,135,142,181,141,515,130,176,163,88,113,121,233,121,287,225,311,189,169,163,198,137,158,499,112,115,553,158,228,150,141,117,315,140,322,463,312,135,128,374,168,155,149,167,340,129,233,443,148,162,202,234,177,627,228,132,155,173,505,393,131,156,142,287,161,249,123,129,519,464,147,150,143,154,163,469,151,180,113,157,494,149,301,153,162,173,163,134,169,132,309,422,205,138,270,160,357,94,308,214,110,12,25,13,15,4,6,19,8,6,10,14,6,9,7,10,11,20,12,9,33,8,13,10,12,14,8,13,13,6,12,6,6,9,21,5,16,6,11,4,7,4,7,15,8,21,6,7,6,8,10,8,15,8,26,7,12,17,5,6,11,7,8,19,6,14,9,13,6,7,8,5,18,9,5,7,7,17,10,7,7,5,6,8,6,8,12,8,10,7,13,6,7,12,4,7,8,5,9,17,5,24,6,23,23,7,7,10,10,5,8,6,8,5,7,6,10,19,7,12,12,7,7,8,14,9,13,6,21,6,4,11,12,7,10,12,12,20,6,22,7,5,9,14,8,6,6,9,4,7,7,26,6,12,8,11,8,6,7,35,21,11,8,7,11,14,5,6,8,6,4,10,8,16,5,9,9,15,20,7,16,17,10,11,6,7,7,10,10,10,21,9,11,11,5,5,7,4,7,6,6,34,30,27,29,37,31,29,33,31,31,1,1,1,1,1,1,1,1,1,1,591,631,473,506,521,689,593,613,506,543,615,551,609,555,584,589,627,582,507,492,21,25,19,18,21,22,25,20,21,19
HUDSON_T1,BatchB,1,3078,5720,3298,3303,2632,2641,5212,2736,4580,5781,3140,6182,5208,3147,6737,3071,2996,2967,3093,2642,3029,2993,3147,8406,2917,3023,6113,3177,2837,2929,2106,2997,2467,2600,3074,3546,3171,7314,2895,3148,6826,3076,3282,1722,2855,5792,3602,2654,3169,3075,4397,6511,2915,3060,8169,1149,2967,3431,5629,8348,2644,4881,2917,6306,3038,2860,2755,3087,3133,2723,1264,4521,2773,2907,2910,3370,5360,6541,3057,5724,3083,2974,2775,6379,2581,2934,2783,4306,3126,6399,5656,3096,1446,4177,2689,5729,6482,2705,3183,7013,2833,4985,2567,7156,2576,3311,2937,1977,7687,2958,3104,2887,2317,2625,3029,12910,3130,3032,3200,2645,2144,6228,2942,6540,3005,2764,3243,4480,3148,2982,15271,5505,2830,2781,2999,6292,2846,3144,3675,3507,11254,2672,3889,2833,2809,2884,2861,3433,3356,2883,2650,7078,9255,2971,2925,3272,5727,3151,2772,2667,3043,2858,10082,2714,4895,3015,3115,2836,9544,6967,4181,3142,3054,2675,3121,2996,9272,3414,2942,8424,3247,6876,2826,3023,3030,3014,3087,3597,6283,6069,3154,7618,3557,4738,4853,2867,8247,2843,3037,7879,173,232,226,161,112,145,123,127,121,158,187,219,157,155,138,203,186,169,244,130,327,156,161,99,151,151,167,233,119,199,209,139,141,169,124,148,277,151,145,471,110,52,107,115,812,127,109,195,244,214,158,178,182,210,224,154,156,280,253,273,237,126,139,136,313,198,357,281,135,143,155,182,153,380,197,154,128,106,391,142,223,117,192,378,206,133,155,300,208,225,126,405,473,106,140,367,161,125,117,370,237,115,181,148,138,100,139,208,223,195,177,209,197,158,140,142,243,70,186,137,185,150,290,198,204,283,321,140,116,153,327,182,230,356,324,118,284,382,201,1056,179,95,138,155,393,101,120,450,189,217,156,568,135,172,476,140,144,217,129,157,148,135,519,102,152,187,245,372,148,135,133,181,412,176,504,406,132,126,184,220,167,207,255,115,254,114,342,165,285,100,104,132,462,180,156,154,156,149,349,136,135,163,193,154,425,146,166,156,114,121,95,167,149,286,230,334,178,189,136,260,154,127,487,103,108,466,196,240,105,159,120,281,117,358,421,306,142,101,391,151,152,146,174,391,126,257,485,136,165,141,124,131,512,233,162,373,212,503,378,135,174,116,227,182,224,131,117,498,495,124,153,145,127,154,374,126,134,107,111,595,401,356,173,161,155,140,160,152,101,220,443,178,135,240,136,566,50,311,216,116,10,23,15,12,4,7,16,8,7,7,12,7,8,8,5,7,21,9,7,30,8,13,10,9,16,7,11,10,8,10,6,6,6,21,5,28,6,12,4,5,4,6,13,7,17,8,8,6,10,9,8,15,6,29,6,11,14,6,5,6,6,8,21,5,9,10,16,7,9,7,5,16,8,7,8,5,14,11,6,4,4,4,7,7,7,24,10,12,7,11,6,8,15,6,10,6,6,4,17,4,17,11,20,22,6,4,10,11,6,9,5,8,9,8,7,70,25,7,14,9,8,6,10,19,7,19,8,19,6,4,13,14,7,12,15,16,19,5,14,8,5,8,11,6,2,8,9,5,8,7,27,7,10,11,11,7,6,10,12,18,10,8,7,7,13,5,5,4,7,4,11,9,16,6,10,7,17,20,6,37,14,9,9,8,8,6,9,11,9,18,8,11,10,4,6,6,4,6,6,6,139393,130640,108557,129724,141362,109813,119064,135958,118364,122710,224096,116447,105524,106934,112369,100716,106474,107946,105028,98359,24,25,19,19,22,26,23,27,20,23,22,23,22,22,23,22,25,25,9,18,21,25,19,17,22,25,23,19,21,43
HUDSON_T2,BatchB,2,2991,6550,3030,3093,2840,3159,5429,3225,5431,6465,3268,6294,4880,2931,7021,2746,3018,2789,3312,2706,3186,2760,3130,7479,3107,2916,6114,3253,3266,3023,3207,2757,2899,3176,2646,3286,2949,7638,2919,2841,7115,2786,2694,3043,2965,5909,3435,2869,3001,3171,4475,6181,2673,2716,7538,2871,2752,3223,5863,9034,2750,2955,2900,6537,3345,3063,2923,2982,2882,2909,2434,4367,2819,3238,2947,3074,5181,6367,2995,6611,2772,2808,2756,6717,2832,3070,3010,4032,2928,7021,6170,2955,2920,4178,2589,5737,5862,3034,2963,7396,3099,4863,2954,2829,3060,2902,2712,2897,7063,2529,3136,2758,3375,2995,2932,5445,3142,2909,2908,3201,3485,7087,3200,6381,3400,3097,2907,4370,2814,2804,7329,5792,3189,3060,3177,5696,2826,2948,3365,3861,10952,2811,4976,3035,2876,3032,2796,3004,3088,3086,3117,6314,6796,2834,3109,3063,6106,3081,3127,2726,2920,3002,3988,2680,5719,2817,3145,2827,9347,7127,3918,2970,2409,3049,2590,3104,3207,3082,2905,7024,3259,7500,2915,3136,2896,3405,3164,2724,6658,6701,3127,8010,3760,4802,4227,2878,8861,2979,3035,7110,201,172,215,188,109,142,103,139,119,126,175,221,169,158,159,176,181,198,234,123,241,154,139,113,157,152,223,241,105,353,231,119,163,218,146,126,220,137,128,380,104,122,114,106,827,108,136,196,252,268,145,166,190,199,232,186,138,203,219,262,238,275,160,151,277,192,331,165,140,187,184,133,157,452,197,157,102,126,156,151,261,108,170,411,210,123,169,306,364,245,128,334,490,111,173,365,164,135,101,415,210,120,147,158,121,128,122,168,223,260,175,197,237,162,160,134,327,140,181,128,178,152,170,176,205,296,256,118,114,196,305,197,160,361,269,116,131,404,169,364,174,176,148,185,518,83,169,436,189,220,158,448,120,220,490,129,164,181,128,126,137,188,425,103,146,248,238,337,129,187,166,170,160,208,474,347,147,141,215,121,169,211,262,102,263,130,343,143,276,98,86,173,433,163,199,142,178,125,372,129,110,163,218,140,578,130,151,143,109,105,112,222,162,334,228,377,192,173,140,185,175,122,446,119,117,564,211,217,151,155,137,310,153,295,403,282,139,114,330,177,133,132,166,411,141,214,453,145,198,169,230,167,503,222,148,159,191,449,314,145,130,122,195,189,222,148,160,508,396,113,174,149,133,138,409,128,190,119,134,604,167,323,132,171,154,138,155,144,128,273,537,159,155,297,133,271,109,324,258,108,10,27,12,14,4,7,25,9,9,7,11,7,7,8,9,7,20,12,9,36,8,15,11,15,14,5,13,14,8,13,7,6,6,19,7,14,6,12,4,5,4,6,12,6,15,9,7,5,11,9,8,17,10,33,6,12,20,7,6,10,6,6,16,7,16,9,13,6,6,8,5,15,9,6,7,5,17,11,7,7,4,6,8,4,7,13,9,10,7,11,5,7,12,5,9,7,6,7,16,5,26,8,24,19,6,9,8,10,6,8,5,8,5,8,8,11,26,6,15,11,6,7,9,14,8,20,6,22,6,4,10,10,7,10,14,16,20,6,24,9,5,8,11,9,6,7,9,5,8,7,25,6,11,9,9,8,6,7,30,21,10,8,7,12,18,6,5,8,5,3,8,8,18,6,8,8,15,23,6,23,13,8,9,7,6,6,8,13,12,20,11,10,8,4,5,6,6,5,5,7,8009,6685,6180,7070,7409,6372,6185,6686,6606,6822,17351,18113,15020,16825,16599,13998,14518,16689,15998,14797,8,8,6,6,7,9,7,8,7,7,8,8,8,7,8,8,8,8,8,7,22,21,16,16,19,22,24,21,20,18
HUDSON_T3,BatchB,3,3050,6051,3159,2811,2684,2691,5823,2954,5175,5767,3115,5756,5443,3003,6464,2905,3196,2907,2857,3012,2991,2810,3035,7107,3031,2915,6923,3007,3004,3430,3277,2512,2515,3006,3247,3308,3219,7228,2818,3028,6562,2967,2716,2841,2785,5881,3122,3018,3124,3077,4157,6540,2663,2878,8292,3068,2744,3234,5867,8751,2795,3101,2441,6305,3054,3248,3215,2837,2995,2958,2886,4489,2874,3001,2815,3094,5052,5629,3106,6082,3149,2739,2939,6298,2586,3078,3116,4287,3217,5809,5855,3170,2953,4481,2425,5695,6499,2648,3093,6723,3017,5373,3236,3142,2644,2939,2901,2842,6465,2752,3018,2980,3379,2627,2845,5164,2954,2818,3511,2828,2967,6640,2916,6196,3303,2916,3042,4219,3084,2628,7733,5494,3291,3098,3001,6171,3031,3029,3400,3617,10815,3108,4483,2848,2848,3036,3192,2799,3302,2934,2969,7035,7901,2848,2745,3256,6132,2648,3097,2696,2975,2773,3091,2958,4749,3314,2904,3008,10041,6981,4323,2886,2649,2840,2960,2922,3522,2848,2959,7226,3181,7275,2954,3213,3179,3169,3057,2847,6640,6166,3674,7671,4048,5027,3976,2978,8924,2862,2898,8794,176,221,202,152,102,139,129,104,113,136,201,209,155,147,140,194,150,213,268,127,295,146,178,120,150,149,211,251,145,316,208,144,142,210,131,135,185,162,104,414,170,169,112,107,763,106,121,197,295,265,120,157,189,188,220,183,164,267,237,303,233,276,179,134,248,161,388,180,119,148,186,135,136,334,214,165,121,150,227,182,252,92,178,551,208,138,159,382,332,303,140,409,512,101,121,290,171,132,95,359,191,100,166,146,163,118,135,204,249,253,202,217,245,182,182,126,244,116,190,148,192,142,191,156,193,331,297,169,115,194,385,184,143,378,329,105,123,419,175,375,192,169,150,184,593,102,143,440,163,179,155,499,154,186,533,158,142,176,124,147,150,141,492,126,119,171,259,345,143,159,172,219,158,171,451,417,127,119,220,134,137,202,215,119,273,110,390,210,234,125,103,128,425,171,155,162,207,157,348,124,128,148,206,148,590,176,133,179,94,114,94,187,134,298,216,322,198,191,162,189,144,131,433,92,129,540,176,230,175,171,129,289,149,280,354,251,122,119,364,146,146,152,147,465,135,198,475,140,143,175,243,157,568,209,166,169,186,394,343,153,169,128,248,160,287,134,134,357,357,120,136,122,134,157,385,127,193,151,153,691,164,312,149,146,137,154,142,191,121,294,505,180,183,288,136,325,96,303,185,131,12,25,16,15,3,6,21,9,5,11,15,7,8,8,9,9,17,13,9,41,9,13,9,13,14,6,11,14,8,12,7,6,7,16,6,18,7,12,5,6,4,6,11,7,18,7,7,6,8,8,7,16,8,21,6,13,22,7,9,11,8,9,17,7,15,9,14,6,9,9,5,15,9,6,7,5,19,11,7,10,4,6,9,6,10,16,11,11,9,12,7,8,11,5,9,7,7,10,18,4,25,6,20,18,7,9,10,11,6,10,7,7,6,7,5,11,21,7,15,11,7,8,8,14,10,16,8,21,6,4,10,13,7,10,13,16,16,6,26,7,5,11,13,8,7,7,11,5,8,6,22,8,11,11,8,8,6,8,24,18,11,8,8,11,15,5,4,8,7,5,7,7,20,8,9,9,14,20,8,20,15,7,8,6,7,7,8,9,10,24,7,10,9,4,6,7,5,5,6,6,1890,1565,1483,1745,1893,1605,1660,1783,1654,1883,1000000,1000000,1000000,1000000,1000000,1000000,1000000,1000000,1000000,1000000,0,0,0,0,0,0,0,0,0,0,0,0,0,0,0,0,0,0,0,0,23,23,20,17,19,24,23,20,20,18
TULLY_T0,BatchB,0,2912,6883,3336,2982,2844,2941,5145,2894,4986,5420,2900,5760,5332,2723,6588,2989,3208,3180,3064,2897,2931,2978,3012,8316,2552,3147,6470,3051,2888,3070,3141,2945,2685,2667,3355,3312,2955,7196,2868,2792,6495,2935,2734,2907,3245,6221,3355,2950,3084,3089,4480,6814,3059,3050,8391,3087,2732,3219,5272,9002,2601,3060,2894,6465,3090,3326,3232,2750,3196,2901,3066,4266,2740,3078,3116,3077,4860,6255,3032,6419,2969,2938,3030,5915,3015,2921,2901,4766,3136,6367,6714,3064,2766,4069,2866,6390,5899,2815,2914,7574,2821,4737,2672,2969,2851,2453,2580,2943,7101,2926,3074,3032,3568,3007,3080,5411,3090,2872,3240,2644,3082,6525,3093,6503,3216,3375,3259,4584,2981,2794,7148,6023,3223,3282,2643,6832,3459,3151,3434,3445,10940,2752,4343,2904,2948,2920,2837,2947,2997,2846,3094,6641,8340,2939,2905,3400,5412,3396,2810,2404,2952,2753,3406,2508,4974,2727,3155,3170,8997,6398,3889,3233,2858,2820,2651,3290,3167,2937,2996,7028,3274,7353,2921,2794,3202,3022,3085,2757,6689,6189,3181,7757,3534,4605,4735,2873,8815,2719,2906,7686,146,194,206,153,108,192,119,119,128,125,169,193,151,157,140,222,164,210,232,133,240,136,152,115,146,131,264,212,135,305,203,141,141,166,145,120,207,135,115,393,115,152,101,103,817,125,118,206,273,248,150,159,204,179,237,200,180,240,215,294,245,267,142,149,289,178,347,161,138,174,232,137,120,387,233,178,120,103,187,155,222,90,184,462,231,137,168,341,267,254,178,439,382,129,171,308,152,143,117,377,247,115,183,120,140,116,144,227,249,200,181,214,225,173,180,170,266,126,171,114,184,148,212,195,187,260,245,169,144,222,336,151,150,331,304,118,151,420,185,353,162,165,153,163,573,108,145,395,179,212,209,455,134,148,463,146,169,202,128,184,141,178,462,101,178,197,252,368,148,183,129,190,180,193,413,341,129,132,218,154,162,179,224,114,215,136,358,203,303,92,90,159,480,179,177,138,171,170,452,128,151,142,186,145,496,133,146,172,104,101,129,202,125,299,300,284,190,198,122,204,143,119,461,97,126,497,167,187,173,184,128,249,123,281,445,233,137,132,347,155,136,158,170,355,167,218,479,124,166,182,222,155,505,227,156,144,173,494,312,131,174,121,266,160,233,135,154,472,435,108,157,135,139,131,387,128,166,116,149,625,132,331,171,167,153,164,145,171,129,263,412,161,138,291,131,288,99,296,225,109,10,33,16,12,4,5,22,8,5,8,9,8,7,7,10,9,22,10,9,32,9,15,12,11,14,6,14,14,8,13,8,5,7,20,5,19,7,9,4,6,5,5,10,7,22,7,9,6,9,11,8,16,9,31,7,12,21,6,7,12,7,9,17,5,15,10,13,7,10,7,5,16,7,5,8,6,16,9,7,7,5,5,7,6,8,15,11,13,9,10,5,8,12,4,8,6,6,8,17,5,24,7,23,17,7,8,10,12,4,8,7,7,5,10,6,14,25,8,12,11,6,9,7,13,11,18,6,24,5,5,12,13,7,11,11,14,18,6,22,8,4,8,13,9,7,6,8,6,7,8,24,8,12,11,10,10,5,9,27,22,10,7,6,11,17,4,4,8,7,4,6,8,17,5,8,11,15,21,8,20,14,7,10,6,7,7,10,9,9,26,8,10,9,4,6,6,3,6,7,7,2,2,2,2,2,2,1,2,2,2,0,0,0,0,0,0,0,0,0,0,104,109,81,77,78,116,101,104,83,88,102,101,92,91,96,94,102,108,82,76,22,22,18,18,20,22,23,21,19,19
TULLY_T1,BatchB,1,3037,6476,2751,3288,2983,2488,5068,2609,4543,6208,2916,6331,5240,3085,6963,2730,2813,2568,3156,2921,2928,2999,3065,8370,2457,2872,6568,3100,3096,3039,3354,3112,2850,3141,3204,3149,2845,8038,2922,2879,6842,3226,2995,2894,3266,5888,3298,2938,3224,2905,4361,6682,2668,2696,8184,2676,3284,3202,5817,9076,2687,3165,2954,6254,3221,2828,2965,3375,3131,2875,2828,4128,2892,2959,3322,2975,5319,6009,3028,5975,2750,3144,2940,6092,2954,3198,2785,4422,2883,6089,6089,3000,2763,4049,3107,5893,6002,2942,2757,6590,3115,4965,3158,3181,2748,3227,3082,2805,7591,2546,2811,2805,3718,2606,2757,5039,2941,2940,3109,2676,2792,6277,2750,6519,3491,3021,2911,4973,2919,2914,7573,5567,3217,2943,3074,5930,2937,2989,3313,3950,10250,2820,3968,3171,2883,2988,2803,3116,3431,3246,3125,6370,8248,2929,2987,3346,6388,3113,2704,3071,2684,2908,3303,2713,5168,2825,3478,2998,9520,7793,3841,3088,2896,2839,2896,2886,3244,2821,2770,7166,3324,7183,2783,3127,2968,3070,3008,2551,7130,6483,3186,7950,3756,4364,3697,2961,8140,3054,3090,8062,170,212,203,172,99,143,121,125,118,139,177,180,149,139,140,189,189,209,244,110,305,135,176,112,185,165,217,226,113,286,196,142,172,158,143,158,210,165,100,385,118,131,102,113,780,114,132,164,293,273,131,177,217,192,277,188,133,246,199,344,254,278,158,140,301,174,373,169,156,161,207,159,163,377,253,160,115,124,201,135,233,115,190,435,236,151,192,360,313,270,149,444,455,116,148,308,146,118,107,331,191,120,173,135,149,117,125,194,234,225,173,251,230,143,155,142,246,149,172,129,161,155,203,162,231,302,244,166,107,200,396,182,125,369,314,137,126,392,198,370,161,145,137,170,584,94,140,431,175,181,194,490,133,189,380,137,175,207,141,157,162,151,472,108,155,198,213,390,170,204,114,175,200,182,460,351,124,110,240,141,143,205,274,100,264,125,367,153,232,113,78,159,522,158,164,122,169,161,345,139,157,145,165,139,545,146,142,184,102,103,109,193,120,287,242,312,191,200,132,190,168,117,522,113,108,446,192,238,182,153,121,280,131,297,450,306,132,133,359,172,132,142,165,426,139,237,493,142,187,168,232,148,666,278,152,146,172,546,333,127,169,124,233,149,239,133,148,484,369,124,158,147,133,164,434,161,166,133,158,572,190,342,130,163,131,151,140,182,132,309,421,150,128,308,136,330,91,310,252,119,11,18,15,12,4,6,22,7,7,8,15,7,8,7,10,7,19,14,11,30,9,16,12,14,15,5,11,13,9,12,6,6,9,23,5,18,6,10,4,7,6,6,14,7,14,8,10,5,8,9,8,16,6,30,8,10,19,6,8,12,6,8,16,6,13,10,13,6,9,7,6,15,12,6,8,5,18,11,7,7,4,5,6,5,10,11,9,11,7,12,6,9,12,6,8,7,8,9,16,6,24,7,23,18,7,11,10,12,5,9,7,9,5,9,6,11,24,6,13,9,6,7,9,15,8,15,6,20,6,4,14,13,7,10,12,16,18,6,24,9,6,8,13,8,7,7,9,5,6,8,23,7,13,8,7,8,8,9,31,17,11,7,6,12,17,5,4,9,7,3,9,8,20,5,9,6,13,19,10,17,16,9,9,6,6,8,9,13,9,19,6,9,11,4,5,7,3,5,6,6,695,663,578,689,696,606,609,737,631,705,249,247,198,222,216,218,226,249,218,229,60,58,51,56,52,61,60,62,52,55,66,55,54,52,59,54,59,66,49,46,22,24,19,16,22,23,23,22,19,19
TULLY_T2,BatchB,2,3096,6074,2862,3300,2512,2835,5661,2865,5282,5506,2884,6017,5154,3157,6046,2882,2832,2934,3196,2807,3031,2957,2850,7390,3111,3018,6019,3028,3175,3363,3431,2942,2812,3028,3201,3244,3146,7177,2753,2893,6903,3233,3058,2864,3038,5981,2950,2951,3084,2710,4821,6817,2823,2927,7712,3238,3488,3028,5529,9498,2490,2939,3282,6418,2986,3055,3078,2812,3183,2940,3161,4092,2797,2892,2835,3322,5026,6708,3225,7016,3152,2674,2899,6809,2846,2823,3023,4574,3126,5909,5909,2762,2917,4719,2784,5813,6651,2867,3277,7405,2642,4939,2894,3048,2851,2771,2636,2881,6714,2769,2691,3176,3829,2457,2759,5565,3243,3342,3394,2914,2747,5869,3263,7167,3475,3244,3283,4774,2912,3022,8190,6008,3100,2973,2738,6749,3189,3595,3438,3428,10287,2784,4415,2628,2763,2642,2766,2983,3412,3000,3084,6027,8573,2665,3451,3749,5949,3243,2663,3218,2735,3123,3008,3066,4973,2999,3336,2830,8973,6694,3874,3317,2976,2658,2701,2904,3311,2721,2999,7190,3297,6251,3034,3415,3272,3581,2838,2780,6673,5956,3370,7061,3444,5229,4223,2713,7320,2693,2848,9129,136,178,207,150,95,158,117,123,105,144,206,205,174,132,147,206,167,162,217,148,265,177,146,128,163,162,208,233,101,257,207,150,187,186,135,109,214,130,164,462,108,153,107,128,736,100,107,233,228,254,133,167,204,194,225,189,174,193,209,274,216,274,166,154,343,178,417,149,172,140,161,143,161,370,204,167,132,131,193,169,264,131,190,470,255,134,175,252,314,280,144,385,543,118,149,361,174,136,102,333,235,87,169,140,155,110,150,196,238,203,170,241,173,171,169,124,295,149,213,120,140,154,154,163,220,291,268,151,101,183,344,225,132,362,338,121,121,470,175,345,154,151,149,169,562,99,129,391,193,177,132,526,139,175,436,159,145,211,112,145,129,152,460,128,145,173,219,391,156,182,162,193,166,200,470,402,134,143,206,131,117,157,284,97,336,134,305,155,327,106,88,165,492,152,160,175,206,153,296,135,130,141,212,148,533,151,124,180,112,118,116,190,137,272,204,397,183,188,154,177,150,130,496,109,136,429,149,189,157,158,113,269,170,284,453,235,146,137,380,139,138,165,172,340,134,252,599,141,209,150,226,160,557,232,147,164,178,463,379,142,153,115,239,187,262,115,156,468,434,110,162,142,129,198,444,123,175,123,147,514,159,359,151,162,143,137,161,159,138,324,428,168,130,277,131,315,112,322,186,96,8,22,14,17,4,6,18,9,7,9,13,9,8,8,10,7,23,10,11,26,9,15,10,13,15,6,10,13,8,10,8,5,7,19,5,15,7,13,3,6,4,5,15,7,19,7,8,6,9,8,9,14,8,29,9,11,18,6,7,13,7,9,16,6,16,9,12,5,11,8,6,14,7,6,7,5,16,10,7,8,4,5,7,7,10,9,11,9,7,11,5,9,13,5,7,6,6,9,16,5,21,6,20,19,6,8,9,15,5,9,6,8,5,7,6,14,25,8,15,10,8,7,7,14,7,15,5,21,6,3,12,14,7,11,12,12,19,5,27,9,6,9,14,8,8,7,9,6,7,6,27,6,13,12,9,8,5,9,29,19,11,7,7,11,16,4,6,9,8,4,11,8,21,5,10,8,16,22,9,20,12,8,9,5,6,6,8,12,9,20,8,13,10,4,6,6,3,6,6,6,266,271,263,256,295,243,224,265,241,276,43101,49029,37768,47378,41346,41889,40273,43360,44323,41174,0,0,0,0,0,0,0,0,0,0,0,0,0,0,0,0,0,0,0,0,22,23,19,17,20,23,23,20,17,20
TULLY_T3,BatchB,3,2741,6150,3050,3017,2634,3016,4903,2861,5446,6285,2831,5574,4839,2999,6763,2780,3102,2897,3175,3276,3153,2762,3197,8001,2969,2867,5759,2999,3016,3204,3288,2799,2982,3679,3290,3226,3422,8002,2986,3090,6434,3238,2773,3136,3063,5405,3273,3165,2986,3141,4673,6628,2623,3095,8041,3200,2741,3351,5709,9158,2810,2876,3089,6722,3143,2987,3202,3377,3127,2801,3015,4254,2793,3259,3115,3058,5619,7516,3295,6055,3089,2718,2857,5979,2639,3123,2939,4102,3249,6692,6793,2598,3071,3941,2718,5659,6836,2856,2908,6718,2931,4946,3068,2940,2902,2984,2573,3054,7032,2882,2956,2907,3782,2730,3253,5461,3164,3015,3351,2979,2840,6907,3707,6390,3226,3144,3086,4458,2683,3057,7133,6375,3125,3169,2833,5862,3118,3181,3572,2964,10037,2993,4141,3349,3403,2730,2736,2703,3087,2973,2887,6215,8561,3064,3170,3661,5722,3571,2780,2637,3016,2937,3537,2755,4640,2876,3032,3124,9905,5682,4238,2762,3019,2870,2778,3218,3393,3039,2888,7924,3270,7459,2567,3195,3111,3884,3022,2696,6633,6415,3261,8103,3040,5683,4114,2838,8608,3090,2894,7937,167,194,219,149,89,143,125,102,132,143,198,248,149,142,155,209,142,171,277,138,273,157,161,119,143,170,197,250,106,309,184,142,136,171,140,123,265,145,106,352,117,155,91,99,832,126,112,212,254,274,137,127,229,211,231,149,175,269,243,308,229,292,161,137,293,161,354,175,126,133,204,147,131,436,235,155,115,117,218,179,247,103,175,540,228,116,151,318,277,288,137,431,491,130,126,319,135,141,115,312,212,104,196,122,138,122,147,165,263,217,171,219,191,165,150,142,281,149,153,116,159,148,191,168,248,324,310,172,120,247,317,193,121,327,277,135,109,544,172,331,164,129,135,167,640,105,130,407,197,209,163,515,124,159,524,136,183,199,145,164,135,178,492,120,144,178,231,516,134,211,148,192,157,195,462,310,141,128,178,109,159,187,278,96,245,126,365,168,266,110,80,140,466,168,142,157,174,154,357,109,179,124,189,132,508,148,146,178,102,129,105,194,118,308,203,340,189,204,127,201,126,145,435,102,135,549,213,253,165,146,119,356,125,303,464,277,143,126,416,152,121,153,156,415,163,311,501,146,193,163,252,124,490,202,166,122,229,406,326,134,169,145,267,208,256,151,158,384,454,127,140,127,148,143,407,140,159,105,150,597,124,290,143,186,128,152,164,163,118,286,440,150,156,249,152,291,108,309,188,103,11,26,15,12,3,7,21,8,7,10,10,6,8,8,12,8,18,12,11,27,8,13,9,13,14,6,10,11,10,13,5,7,7,22,5,17,7,11,4,6,5,6,11,7,21,6,8,5,7,7,7,16,9,35,8,10,18,6,6,12,6,7,18,5,18,8,13,7,7,8,5,12,7,5,8,5,14,10,7,10,4,6,6,6,7,12,11,12,10,11,6,9,11,4,9,6,7,11,19,5,20,7,23,18,5,9,10,10,5,9,6,8,5,8,6,12,25,6,15,11,8,7,6,14,8,19,7,25,7,5,9,13,6,11,13,15,21,5,19,8,6,9,11,8,7,7,7,5,7,7,20,6,13,8,9,10,7,8,21,18,8,8,7,9,14,5,5,8,6,4,9,7,17,4,8,8,12,18,9,21,18,9,10,6,6,5,9,12,8,18,8,11,10,5,6,6,4,5,7,8,45,40,38,39,48,42,43,44,45,47,1000000,1000000,1000000,1000000,1000000,1000000,1000000,1000000,1000000,1000000,0,0,0,0,0,0,0,0,0,0,0,0,0,0,0,0,0,0,0,0,22,22,19,18,22,21,22,18,21,18
BOGGS_T0,BatchA,0,3003,2871,3120,3039,2591,2764,2859,3260,3203,2814,3262,2995,3259,2804,3073,2804,2874,2698,3309,2718,2909,2717,3256,2809,2864,2878,2976,3366,3000,3066,3585,2536,2683,2945,2735,3328,2704,2910,2702,3344,3109,3116,2871,3027,2959,3421,3491,3094,3375,2899,3032,3007,2952,3007,3246,2934,2749,3137,2593,3239,2689,2673,3328,3110,2939,3021,2828,2935,3605,3028,2968,2847,2826,2959,3015,2931,2725,3170,2896,2606,3086,2937,2843,3140,2724,3182,2734,2962,3315,3303,3118,3033,2717,3144,3010,2418,2848,3196,2876,2693,2907,3152,2878,3073,2772,3035,2898,2901,2987,2708,2955,3090,3101,2774,2624,2458,3491,2842,3294,3036,2930,2867,2896,3257,3001,3091,3365,2936,2923,3014,2885,2667,2872,2656,2884,2873,3232,2933,3443,3514,2930,3125,2957,3071,2899,2975,2838,2821,2808,3496,2775,2740,3067,3045,3079,3167,2722,3185,2796,2676,2758,3122,3612,2832,3133,2857,2991,3089,3208,3086,2521,3454,3021,2707,2738,3201,3753,3126,2603,2916,3199,3395,2858,3307,2723,3371,2862,3096,2820,3468,3154,3067,2784,2985,2815,2957,3044,3151,3358,2834,160,193,164,146,94,147,130,123,131,124,166,122,136,126,154,143,177,217,147,107,131,164,149,126,137,171,259,227,127,153,118,125,172,205,116,110,104,141,120,144,109,159,106,95,213,128,133,231,248,127,135,146,217,126,129,162,157,127,118,133,152,159,155,153,132,182,167,211,145,146,139,169,144,228,202,180,143,113,192,168,155,89,156,152,106,123,155,148,143,175,137,139,191,89,132,180,156,153,115,154,203,105,195,151,160,110,153,245,169,233,173,140,226,159,194,127,174,133,223,128,156,136,201,200,198,164,108,145,114,139,181,161,126,105,145,135,123,136,182,161,94,157,151,131,212,99,128,144,114,177,174,180,135,204,194,129,177,141,119,143,141,164,181,120,133,194,125,136,142,177,151,184,159,165,142,202,123,104,179,151,152,169,108,124,135,113,153,152,141,120,99,169,149,178,157,129,189,144,163,123,152,140,140,133,170,138,134,167,103,109,103,121,119,179,142,155,180,164,127,171,143,110,126,114,97,145,168,209,114,180,117,153,146,110,173,125,140,121,146,153,133,147,181,230,125,98,202,117,194,169,145,153,219,213,148,153,178,134,149,145,141,107,92,91,104,109,157,214,180,127,145,115,124,133,176,119,185,111,136,227,155,178,161,149,147,116,117,151,137,150,206,139,140,198,158,165,101,133,104,103,10,10,9,5,3,5,10,8,7,7,5,7,7,7,9,7,7,6,10,12,7,5,12,7,12,8,10,10,8,11,6,5,6,8,5,11,7,10,4,5,5,6,8,9,6,6,9,5,10,8,8,10,9,14,7,7,5,7,6,5,8,7,10,6,9,8,6,6,9,9,4,6,9,5,9,5,10,9,6,8,4,5,6,5,9,12,5,6,8,14,5,9,12,5,5,6,6,9,9,6,8,7,10,5,6,8,9,8,5,10,6,8,5,7,7,5,8,8,7,10,7,7,7,7,7,7,7,11,5,3,12,16,7,4,6,7,8,4,9,8,4,8,11,8,8,6,10,5,7,8,13,7,11,6,7,7,6,7,11,6,5,7,5,6,7,5,5,8,6,4,9,7,6,6,9,7,12,8,8,8,9,8,9,7,8,5,9,9,7,7,8,8,9,4,6,6,4,5,7,7,70,70,62,71,72,72,62,75,66,73,7,7,7,6,7,7,6,7,7,7,210,259,172,189,207,264,211,240,188,204,206,217,224,218,202,219,224,218,178,187,20,22,17,18,20,22,21,22,21,20
BOGGS_T1,BatchA,1,2957,3177,3298,3055,2833,2998,3061,2763,2861,2795,2944,3336,3138,3168,2806,3173,3154,2788,3142,2883,2990,2758,3380,2813,2843,2712,3097,2677,2844,2988,3188,2750,2854,2909,3069,3141,3033,2947,2533,3027,3183,2992,2957,3182,3035,3068,2950,2852,3180,3137,3039,2923,2698,2998,2843,2956,2997,3158,2808,2816,2399,2921,3114,3011,3310,3028,3134,2942,3326,2750,2691,2867,3295,3026,3019,3519,2769,3053,2943,3104,3101,3164,2965,2898,2423,3360,2926,2729,3052,2847,3569,2730,2756,2819,2704,2490,2780,2944,2734,2817,2737,3159,2891,2885,2892,2860,3055,3091,3191,2626,3094,2936,3046,2723,3081,2773,3067,2648,3185,3306,2750,3217,3180,2922,3013,3202,2962,2945,2892,2958,3319,2745,2940,2993,2679,2796,3033,3123,2940,3260,2895,2801,2704,3478,2703,2896,2989,3144,3274,2845,3371,2730,2716,2776,3208,3459,3018,3415,3204,2872,2884,2707,3312,2753,3246,2597,3263,3215,2868,2838,2993,3312,2965,2735,2990,2939,3376,3207,2939,3326,3401,3089,3067,3229,3258,3345,2759,2677,2607,3066,3466,3091,2983,3040,2911,2842,3305,3349,3163,3089,166,181,145,170,97,140,137,115,104,140,173,115,143,140,154,205,156,151,141,157,135,163,144,113,146,140,235,218,130,125,98,134,150,199,138,132,109,158,128,145,124,135,117,131,235,127,108,185,324,132,148,165,175,140,142,181,186,128,154,110,149,154,148,125,166,184,138,152,135,150,143,153,142,209,186,169,149,114,198,146,168,117,200,147,109,123,166,180,135,145,124,161,220,105,146,154,151,169,110,157,254,108,180,142,144,114,121,265,172,157,166,223,203,138,168,127,132,138,137,102,178,135,183,159,255,204,105,147,126,155,177,166,153,128,116,124,124,153,202,168,94,141,145,191,180,105,115,189,113,232,155,159,136,161,224,165,152,140,123,119,153,152,159,127,142,178,120,137,157,187,158,209,182,160,183,269,132,88,216,126,148,175,108,117,103,125,157,179,148,113,94,132,117,174,133,171,176,139,195,112,130,195,183,132,146,137,126,164,88,113,119,85,134,187,127,179,153,219,148,191,140,119,111,104,118,144,186,220,114,169,124,151,135,115,164,129,152,122,119,148,157,151,150,173,159,112,205,123,173,155,138,181,233,214,156,161,162,123,149,190,154,135,96,93,129,137,172,219,208,135,139,143,128,147,159,131,211,110,133,276,174,197,169,178,150,152,113,159,114,174,198,161,147,160,136,180,95,124,107,115,10,9,7,5,4,7,11,8,6,8,5,7,8,8,8,8,10,6,10,10,6,6,11,6,10,6,11,8,9,11,6,6,6,9,5,8,7,12,4,7,5,6,7,8,7,7,8,5,7,9,7,10,9,11,6,6,6,7,5,6,7,7,7,6,10,9,9,6,8,7,5,8,6,6,8,5,12,10,6,7,3,6,6,5,9,12,6,5,9,11,7,6,13,6,5,6,8,10,9,4,8,6,9,7,7,9,11,9,6,9,5,8,5,8,5,5,11,7,6,8,8,7,9,7,8,8,8,13,6,4,9,16,6,5,7,7,8,5,9,9,5,7,11,8,7,7,9,5,9,7,14,7,11,6,9,9,7,9,9,8,4,8,7,7,7,7,5,10,7,4,8,8,5,5,9,7,12,8,8,8,9,7,8,7,6,7,10,11,6,5,8,6,10,4,6,6,4,6,6,7,74170,62785,62153,59231,66959,62081,60398,63564,66041,67507,5363,5931,4903,5152,5619,4919,4734,6003,4954,5317,222,243,197,215,215,247,219,236,214,211,240,241,251,211,229,249,246,242,188,209,22,24,18,19,20,22,22,21,21,19
BOGGS_T2,BatchC,2,2857,2818,3620,3440,16828,2634,6501,12174,2905,2776,12370,11306,6685,18242,3080,2786,2909,2643,2927,2834,12170,11023,3155,7541,5162,14760,3224,14247,3114,9376,3420,2852,2931,4936,2877,3055,2788,8200,3034,2840,2887,3023,2704,3123,3225,3284,22900,3026,29982,16571,2973,3001,2957,2837,2760,3106,18154,6520,10306,2993,2776,2840,3020,21830,3055,3146,3228,13200,3371,3170,2802,7587,2884,3034,3061,3107,2750,15707,3237,22178,2833,2756,3108,8385,2988,2922,3029,2985,22860,3059,2858,2960,3113,3125,11164,15449,9045,2809,3129,2469,2933,3124,2934,4493,2674,3070,2623,2969,3027,2892,3144,3020,3015,4916,2844,2930,3257,3149,6876,14555,2776,3141,2980,3534,2911,2931,3182,2971,13038,2695,3345,2479,22544,3088,2545,7555,3236,3200,3607,13542,3015,2895,2412,3219,2876,3038,10860,2893,3104,3097,3088,10647,2769,2823,4077,3220,2740,33851,2702,18767,2804,7741,15251,10126,3198,2866,22255,20136,2824,25470,2556,3077,3173,2891,7381,12862,3421,3129,3045,2945,15348,9448,3070,3309,3215,3247,14341,2835,13970,3304,12597,2893,2983,9993,2939,4330,3177,24769,2992,3095,174,775,183,171,104,179,385,89,103,138,192,113,466,161,158,531,153,225,141,131,131,143,459,1343,133,145,1240,218,139,1118,97,111,171,179,144,133,93,464,129,570,130,923,121,360,745,121,124,822,240,99,157,190,247,123,145,187,142,123,142,113,285,129,498,762,813,807,125,565,146,150,345,161,141,1952,1063,157,119,166,206,148,148,106,156,193,112,108,151,133,445,134,147,127,188,93,155,137,588,604,105,998,190,105,149,160,121,111,127,315,185,176,195,562,1224,154,179,158,160,526,225,118,170,727,186,173,230,198,119,799,199,136,199,188,126,110,127,377,786,176,170,635,123,1859,158,144,213,880,115,202,754,200,203,172,137,521,169,159,182,692,113,433,151,501,183,1667,147,217,120,1102,170,185,169,868,511,174,183,1052,915,99,491,143,369,190,677,209,111,517,174,735,172,420,421,177,134,182,643,137,164,136,502,128,142,147,203,221,175,397,839,188,111,114,124,117,434,709,143,148,206,202,131,195,621,113,131,123,126,170,549,239,1356,173,110,152,141,112,190,996,127,448,160,131,127,141,163,181,144,93,184,155,204,136,162,152,1342,233,143,167,172,250,248,137,172,120,707,293,135,514,151,219,191,126,166,146,129,144,163,131,151,122,147,893,486,167,163,624,618,139,121,169,300,175,1150,666,159,440,125,188,242,505,93,96,35,9,31,13,5,5,13,45,19,9,5,8,8,31,8,10,25,6,10,12,15,5,10,34,12,26,11,10,15,12,6,20,7,9,24,8,6,10,9,28,15,23,38,7,33,32,8,7,12,9,7,8,7,65,7,9,7,32,27,14,18,8,40,10,8,8,7,19,35,7,24,51,8,5,9,5,11,10,7,44,4,10,7,8,7,43,11,28,129,13,5,7,12,4,10,6,6,8,7,4,10,7,26,6,17,19,9,7,4,7,6,8,6,9,6,4,7,7,6,10,20,8,13,7,9,7,28,11,6,5,8,39,7,4,6,20,7,16,10,14,10,8,14,10,8,18,73,16,8,7,44,7,10,6,15,9,7,7,66,8,12,7,7,7,9,69,6,9,6,4,40,9,7,6,9,34,14,9,8,8,10,16,8,26,18,7,8,58,6,7,21,17,9,32,6,7,14,6,35,7,177,164,145,170,168,150,148,187,157,177,234,254,224,260,228,212,221,251,231,243,14,15,11,13,13,16,15,15,12,12,13,14,14,14,14,14,14,15,14,11,22,24,19,18,20,22,23,21,19,18
BOGGS_T3,BatchC,3,3144,2821,3257,3545,14635,2744,6815,13504,2980,2940,13137,13338,7592,18973,3219,3036,2966,2762,3506,3247,13334,12213,3010,7797,4898,15248,3062,13516,2885,10169,3047,3254,2856,4633,3054,3129,2846,7524,2649,2993,3221,2985,2985,3138,3054,3109,20540,2970,25954,17772,3013,3227,2893,3034,2913,2564,16409,6733,10170,2848,2475,3147,2988,20411,3371,2970,2975,12641,2878,3072,2987,6621,2791,2764,3230,3262,3020,16129,3378,19429,3007,2906,2863,9551,3028,2937,2977,2975,22668,3102,3057,3062,2887,2716,10514,17454,8660,2973,2762,2390,2529,3103,2816,4582,2748,3056,2865,2734,3330,3098,2813,2994,2828,5005,2986,2777,3035,2771,7063,14558,2737,3084,2751,3028,3027,3066,3221,2628,12893,2681,3227,2766,21221,2964,2631,7745,3000,3156,3045,13393,3105,3047,2865,2692,2912,2734,11304,3095,2721,3099,2804,10889,2934,2753,3868,3329,3422,37866,3048,18907,2847,7731,16322,10351,2855,2366,24599,18672,2994,22093,2836,2589,3095,2705,6864,11800,3378,3044,3030,2880,14823,9061,3286,3252,2922,2790,17393,3067,14084,3295,11565,2964,2735,9269,3129,4128,2884,24350,3111,3041,167,667,168,192,84,156,368,114,142,112,164,132,410,144,135,834,171,181,139,145,145,194,608,1505,164,133,1471,232,120,1162,107,144,170,193,106,110,112,361,116,541,125,1051,104,279,732,137,130,794,270,133,119,171,208,112,179,194,160,143,181,118,313,161,459,634,855,778,122,562,146,153,307,163,139,2393,866,174,126,165,224,167,155,106,167,184,124,141,161,145,500,175,148,144,190,75,149,165,691,736,96,941,179,109,200,153,148,117,133,285,162,229,196,483,1340,169,156,145,155,541,200,110,153,666,206,161,235,157,122,617,207,140,229,135,132,101,128,311,812,152,202,540,80,1916,123,168,197,791,127,189,755,183,174,159,160,546,164,142,135,794,113,336,127,531,186,1353,156,220,118,827,124,146,149,945,493,187,180,1015,972,103,540,129,377,198,888,216,118,533,153,844,123,534,430,160,141,165,560,156,184,134,405,124,143,167,151,216,162,559,877,174,83,138,139,111,393,706,135,148,202,182,151,178,699,128,136,108,137,129,564,187,1668,161,117,166,155,99,238,927,123,458,122,144,176,183,169,216,118,130,170,132,212,141,138,174,1206,256,152,156,204,257,270,145,182,129,687,358,120,520,139,226,165,115,156,137,126,159,163,152,166,114,160,854,571,217,182,425,496,149,133,162,262,160,1144,550,163,472,127,151,233,371,112,98,27,8,18,14,3,6,13,43,16,10,4,7,9,33,7,8,26,5,10,13,12,6,11,34,10,31,10,11,11,12,7,23,6,9,28,8,7,11,8,23,16,19,36,7,32,56,6,6,7,8,9,7,7,61,6,7,6,38,37,12,22,10,38,11,10,10,7,16,38,6,30,53,10,6,8,4,10,9,8,37,4,13,6,5,8,41,8,24,148,10,6,8,13,5,12,6,6,9,8,6,8,7,26,7,21,19,10,10,4,9,5,8,4,8,6,5,9,8,5,12,25,6,18,6,9,6,26,9,6,4,9,48,6,4,6,16,8,20,11,13,10,8,12,8,6,19,66,15,7,6,33,8,9,6,23,10,5,9,55,8,11,7,6,7,7,55,6,8,7,4,30,9,6,6,7,34,17,9,7,7,8,13,9,25,15,7,9,49,7,8,22,22,9,22,5,6,15,6,36,7,57994,54097,47184,50017,53889,46766,46737,54951,48557,50716,1000000,1000000,1000000,1000000,1000000,1000000,1000000,1000000,1000000,1000000,0,0,0,0,0,0,0,0,0,0,0,0,0,0,0,0,0,0,0,0,21,20,19,19,19,21,23,22,18,19
CLEMENS_T0,BatchB,0,2801,6350,2999,3094,2720,2635,4787,2882,4698,5613,3202,5876,4951,3183,6836,2863,2961,2706,3307,3204,2978,2913,3214,7226,2948,3001,5941,3134,2966,2788,3612,3034,3026,2847,3475,3477,2874,7529,2953,3125,6566,3073,3140,2823,2767,5722,3049,3023,3298,3446,4309,7156,2541,2753,8057,3035,3005,3047,6008,9007,2886,3315,3147,6399,2770,3413,2685,2894,3137,2914,2793,4554,2543,3153,3044,3302,5829,6071,3050,6674,3290,2940,2898,6280,2836,2765,2911,4174,3156,5571,6013,2952,3042,4410,2646,5413,6883,2644,2999,8286,3237,5188,3003,3104,2900,2922,3015,3219,7513,2561,2934,2585,3557,2662,2864,5254,2850,2783,3170,2872,3073,5828,3308,6437,3408,3186,3442,4703,2767,2890,7484,6848,3102,3054,2724,6059,2830,3238,3466,3544,11744,2946,4150,2901,2894,2792,2936,2658,3465,2828,2687,5951,8112,2938,2670,3721,5586,3608,3145,2807,2719,2909,3690,2876,5725,2731,3125,2742,9591,7119,3475,3231,3087,2704,2618,2640,3208,2903,2770,6809,3040,7358,2798,3260,3138,3345,3003,2765,6454,6050,3412,8256,3656,5102,3996,2819,9057,3122,2691,8301,166,186,230,188,84,164,133,111,110,144,188,242,158,117,127,185,165,212,247,129,327,138,160,123,164,137,226,206,120,293,232,139,163,188,147,157,184,129,144,341,123,149,93,115,824,115,110,232,229,277,130,139,207,200,238,178,170,254,220,291,276,315,170,148,307,185,367,157,162,143,159,185,146,361,205,151,134,126,194,164,226,107,191,465,245,155,159,286,282,281,134,379,459,120,148,328,150,155,97,278,218,122,176,145,140,140,155,167,196,185,165,233,203,176,172,150,210,123,171,129,193,148,228,174,235,365,265,133,124,212,339,156,120,323,323,134,117,502,166,359,170,152,142,135,646,102,124,372,194,194,156,470,147,180,428,168,141,202,150,152,162,156,457,128,134,192,230,357,141,165,163,204,207,180,454,367,171,148,167,151,164,199,243,129,248,104,315,150,288,100,87,165,517,154,185,136,160,167,329,129,141,155,185,135,735,142,144,170,89,120,94,153,119,299,233,316,164,204,168,179,148,142,484,108,124,519,174,182,156,157,134,270,151,305,444,290,134,116,364,164,130,180,137,351,127,215,470,141,183,167,250,167,464,217,146,145,154,531,390,139,161,124,245,191,279,168,137,543,400,128,154,144,120,172,342,114,207,110,157,510,150,325,149,184,169,141,150,165,123,328,439,171,132,321,147,321,91,296,159,100,11,23,16,12,3,7,20,8,7,8,12,8,8,8,7,7,20,10,8,29,9,16,9,13,13,5,11,15,8,10,7,6,7,21,5,19,7,11,5,6,5,7,12,9,17,8,8,4,7,11,8,16,7,26,9,14,18,5,7,12,6,8,20,8,15,10,14,5,9,7,5,17,8,6,6,7,16,9,6,9,5,5,7,6,10,13,9,10,8,11,5,8,13,5,10,6,7,9,18,5,26,8,20,17,7,9,9,11,4,9,6,8,5,7,6,10,22,7,15,12,8,8,8,16,7,18,8,22,5,4,14,12,7,10,15,16,21,5,21,8,6,8,13,7,6,8,7,5,8,6,21,7,12,12,8,7,6,8,28,20,9,9,7,12,14,6,6,8,6,4,9,8,17,5,8,8,13,22,9,21,16,8,7,6,6,6,10,10,13,21,9,10,9,4,6,6,6,6,5,6,121,111,108,106,145,105,102,121,112,131,18,19,17,18,17,16,14,18,17,16,129,147,110,125,121,151,127,140,118,119,131,137,135,139,140,123,139,144,115,105,23,22,17,15,21,23,24,20,17,20
CLEMENS_T1,BatchB,1,2932,6378,3108,3495,2703,2761,5684,2975,4875,6271,3251,6629,4897,3011,6153,2697,3380,2934,3202,2994,2758,2786,3129,8209,2913,2877,6145,3182,2933,2870,3260,3120,2721,2723,3116,3020,2894,7635,2929,3096,6962,2733,2800,2780,2836,5694,3204,3219,3098,2829,4666,6393,3032,3073,7891,2849,2938,3520,5517,9334,2823,2840,2896,6604,2942,2915,2802,2810,3120,2998,2901,4316,2753,3374,2938,3039,5078,7161,3332,5980,3103,3005,2899,5620,2931,2938,3187,4569,3238,6273,5932,2727,2855,4033,2745,5948,6033,3243,3099,8234,2898,5028,3245,2987,2837,2997,3017,2828,7847,2790,3053,3031,3965,2656,3066,5963,2911,2876,3431,2953,2749,6290,2877,6374,3174,2865,3095,4833,2791,2861,8244,5886,3437,3152,2538,5269,2711,3123,3563,3331,11016,3032,4528,2831,2836,3290,2860,3194,3069,2933,3023,6103,7920,2944,2753,3376,6500,2745,2867,2873,2950,2970,3366,3076,6135,2982,3061,3094,9853,6708,4471,3241,2732,2844,2819,3002,3156,3151,2809,6852,3254,6781,2671,3471,2719,3139,3036,2755,5815,6090,3520,8145,3757,4356,4424,3066,8141,3248,3048,7680,154,194,236,139,100,138,115,121,143,145,163,207,141,123,154,150,156,187,248,133,331,137,176,118,147,186,243,244,132,275,199,118,189,202,142,107,216,148,134,447,133,168,95,113,709,98,108,209,292,231,149,160,219,157,248,192,149,212,204,286,191,265,171,163,309,200,407,173,137,164,180,173,152,383,167,180,135,152,189,195,216,108,203,484,177,129,175,351,282,244,141,468,439,93,166,323,152,180,111,372,185,131,183,146,166,122,138,183,197,213,177,233,184,163,172,119,276,120,189,118,177,154,197,180,221,273,246,159,133,183,346,173,139,294,298,127,151,503,170,291,183,141,144,169,532,103,140,341,196,228,142,499,175,150,538,143,168,178,136,130,127,172,372,128,159,200,241,367,143,147,148,205,200,179,498,392,147,112,210,129,157,183,260,109,281,147,447,172,257,118,89,173,457,142,153,173,166,170,406,131,151,162,221,152,570,136,165,161,102,129,117,184,152,279,205,352,191,180,151,215,159,128,502,92,124,496,157,182,174,163,125,314,152,237,414,262,125,128,321,144,133,190,177,366,145,287,482,150,190,179,232,167,490,235,131,191,156,457,399,149,163,123,286,182,262,146,164,450,440,138,165,140,131,150,481,167,203,117,147,568,160,309,160,180,126,130,150,155,122,263,484,117,146,250,135,292,103,307,218,114,11,30,16,13,4,7,23,8,7,7,13,7,6,8,10,9,16,12,10,32,10,11,10,15,14,6,12,14,7,10,7,5,6,21,5,17,7,8,4,6,5,8,15,5,16,7,8,6,9,9,10,13,6,28,9,11,20,6,8,12,6,7,19,6,15,8,12,8,7,7,5,12,9,6,7,6,17,9,8,9,4,6,7,5,8,16,11,13,8,12,5,8,10,4,8,5,10,8,17,4,22,7,19,18,8,8,9,11,5,8,6,8,5,9,6,10,22,7,13,12,7,8,8,11,11,18,8,25,5,4,13,14,7,12,14,15,20,6,20,6,5,9,12,8,7,7,8,4,7,8,27,7,12,11,8,7,5,8,27,21,10,8,7,12,14,6,6,8,7,4,8,9,13,5,9,9,13,16,7,20,16,10,10,5,8,7,11,11,12,18,7,10,10,4,5,8,4,7,5,7,223939,173071,187034,202303,205646,180061,197667,200563,195795,214720,60136,67397,49155,49992,52866,46811,46947,58265,54216,51205,74,80,56,64,62,83,71,74,68,64,78,72,79,67,74,69,74,74,72,59,21,23,17,18,19,21,23,21,21,18
CLEMENS_T2,BatchB,2,2964,6544,2830,3095,2732,2643,5556,3033,4948,6158,3171,6247,5414,2975,7215,2952,2717,2762,3242,2785,2932,2911,3566,8270,2982,3281,5713,2900,2887,2878,3677,2877,2802,2674,2919,3019,2837,7653,2874,3396,6433,3057,2947,2989,2936,5675,3013,2905,3253,2656,4405,6427,2844,2772,7710,2873,3056,3185,5849,8751,2751,3215,3075,6419,3303,3188,3140,2693,3237,3087,2753,4707,3225,3192,3118,2921,4788,6630,3515,6674,2897,2725,2940,5239,2615,3408,2893,3929,3089,6448,6502,2780,3182,4546,2627,5781,6605,2942,3283,8320,2832,4868,2826,2949,3280,3128,2994,2828,7290,2714,2841,3275,3764,2765,2858,5470,3224,3261,3263,2808,2586,5930,3088,6818,2798,3095,3112,4485,2994,2598,7829,6380,3436,3197,2745,5840,3099,2985,3543,3336,10814,2982,4488,2970,3205,2450,2854,3011,3089,3126,2668,6013,8682,2837,2676,2997,5494,2960,2882,2495,2601,3065,3656,2840,5029,2938,3365,3042,10789,6282,4183,2868,3066,2788,2755,3275,3139,3066,2657,7087,2861,6742,2734,3041,3380,2960,3020,2890,6327,5839,3413,7933,3354,5044,4158,3123,7603,2828,2997,8539,166,161,263,157,97,148,103,110,131,174,175,194,156,128,136,188,166,167,258,130,302,155,169,122,150,153,234,228,118,285,205,109,169,218,146,129,234,139,114,427,123,149,93,111,790,110,101,200,257,248,153,136,262,174,237,184,149,272,246,323,255,278,151,131,322,149,337,164,129,139,213,156,128,376,211,135,149,122,189,155,246,117,182,525,251,134,129,336,318,325,116,404,516,97,158,286,148,152,98,322,182,93,156,133,148,122,124,209,206,243,156,221,193,158,175,166,252,116,200,108,168,154,194,151,270,298,270,157,110,204,288,191,120,307,331,100,120,490,197,350,181,150,141,150,575,95,125,360,188,193,190,536,109,168,580,145,172,184,123,136,137,150,471,132,156,207,260,390,158,149,144,215,176,149,495,363,160,140,189,157,165,193,258,124,250,146,360,182,301,108,102,167,417,189,204,189,207,167,364,113,131,138,219,154,495,150,141,162,100,125,114,193,119,316,195,304,158,188,178,180,144,101,417,113,123,462,168,226,176,165,131,298,137,267,438,271,132,95,400,149,133,153,139,330,148,278,387,166,200,150,238,146,550,247,155,155,191,520,328,142,156,110,250,160,241,155,157,491,435,143,162,130,122,176,420,144,205,107,124,531,150,331,184,138,133,138,128,152,140,267,465,170,135,279,128,410,117,327,236,110,12,23,14,12,3,7,22,8,7,8,11,7,9,7,9,9,18,11,9,30,11,17,9,16,14,7,8,12,8,10,8,6,7,18,6,13,7,8,4,6,5,5,13,7,17,6,7,5,9,8,7,16,8,32,7,10,17,5,7,9,8,8,19,5,16,10,13,6,10,9,5,17,8,7,8,5,17,10,9,8,4,5,7,6,9,10,8,10,10,11,6,7,12,4,10,5,5,9,17,4,23,7,22,20,5,7,9,9,5,7,6,8,5,9,6,12,24,8,11,11,7,7,7,19,11,15,6,24,6,5,13,13,7,10,13,16,19,6,25,9,6,9,12,8,6,7,9,5,8,7,22,6,10,9,8,10,6,8,26,26,9,8,8,11,17,5,5,8,7,5,8,7,17,5,10,9,14,15,9,20,13,9,11,6,6,7,8,11,14,19,8,11,9,5,6,7,5,5,6,8,1000000,947938,920823,1000000,1000000,924857,921055,988784,944116,1000000,1000000,1000000,1000000,1000000,1000000,1000000,1000000,1000000,1000000,1000000,0,0,0,0,0,0,0,0,0,0,0,0,0,0,0,0,0,0,0,0,24,21,19,18,21,22,24,20,19,20
CLEMENS_T3,BatchB,3,2985,6062,3031,3265,2844,2814,4893,2803,4480,6135,2840,6152,4780,2939,6330,3013,2789,2652,3038,2956,2775,2981,3480,8050,3062,3132,6269,2963,2865,3021,2977,3108,2807,2744,3099,3372,2941,7824,2607,3451,7154,2877,2947,3166,2936,6110,2862,3111,3055,3090,4538,6272,2862,2844,7822,2685,2880,3029,5701,9262,2829,3370,3377,6164,3180,3234,2891,3053,3028,2830,2700,3857,2777,2988,2599,3166,5031,6186,3599,6738,3266,2803,3320,6193,2777,2968,2933,4540,3080,5989,6604,2846,2925,3884,2646,5509,5980,2560,3071,7067,2709,4731,2976,3086,2954,2978,2663,2787,7055,2805,2775,3085,3691,2832,3526,5797,2684,2996,3300,2713,2796,6145,2841,6079,3169,3066,3009,4236,3314,2991,7443,5610,2736,3154,2812,5701,3053,3308,3588,3732,10337,3023,4424,2772,2930,2663,2631,2945,3406,2855,2953,5840,8481,3097,3134,3413,5153,3338,2939,2924,2944,2794,3288,3282,5387,2759,3110,3128,10177,6673,3958,3242,2811,2631,2789,3024,3008,2991,3205,8062,3110,7129,2903,3116,3259,3493,2680,2753,5928,5634,3341,8654,3930,4825,4551,3038,8497,2607,2589,8053,135,163,248,184,78,143,123,130,128,152,177,178,153,121,126,183,186,175,233,119,281,174,164,105,142,173,209,222,141,303,211,133,156,198,90,141,209,149,97,409,116,137,116,132,746,132,115,215,269,246,149,164,188,235,218,170,154,180,193,314,263,322,171,131,282,162,310,158,141,160,192,142,178,328,194,157,125,112,182,140,257,92,157,570,203,148,159,378,354,319,141,562,440,102,133,326,151,145,111,344,180,119,175,146,145,124,133,197,249,210,185,243,227,167,197,154,248,130,204,112,135,129,239,145,211,276,296,149,110,204,317,171,120,322,322,109,101,426,185,319,148,141,130,152,519,89,123,337,181,197,164,495,160,189,470,158,141,181,113,164,153,158,482,120,141,198,246,358,143,175,128,174,177,206,493,375,133,124,211,142,134,187,265,114,221,144,364,155,241,114,114,139,517,147,140,155,162,152,347,111,122,129,218,143,521,149,142,162,113,101,109,153,128,280,199,375,188,188,168,222,139,127,465,113,138,540,175,212,175,161,121,220,155,281,519,287,131,119,425,184,160,134,158,443,155,222,570,135,199,185,282,148,475,197,153,160,187,436,422,155,187,138,244,174,240,137,144,474,459,124,164,112,148,152,469,139,183,145,143,594,168,285,149,162,154,140,134,161,127,316,440,160,140,243,150,351,100,367,231,113,12,30,15,13,3,7,23,6,8,9,12,7,6,6,12,7,18,10,10,36,8,11,10,14,16,5,10,14,8,12,6,6,7,20,5,20,6,11,5,7,5,7,10,8,15,7,8,5,11,6,7,16,7,28,6,11,16,6,6,11,8,8,19,5,15,7,15,5,8,8,5,15,6,6,8,4,15,13,8,9,4,5,8,5,8,14,8,10,7,12,6,9,12,6,9,6,8,10,20,4,22,6,23,21,7,7,9,15,4,8,6,8,8,7,5,11,27,8,11,10,7,8,7,15,8,15,7,22,5,4,10,18,6,11,13,17,19,7,26,6,5,8,11,11,7,7,7,4,7,7,26,8,11,11,8,9,7,7,28,20,12,7,9,12,15,6,5,10,6,4,10,8,16,5,7,8,14,12,7,18,15,9,11,6,7,7,11,13,11,17,8,10,9,4,5,7,4,6,6,7,485,443,424,400,461,402,417,481,448,449,426580,395194,358852,408003,421546,371328,340147,443094,420412,362881,0,0,0,0,0,0,0,0,0,0,0,0,0,0,0,0,0,0,0,0,23,23,20,16,22,19,26,20,21,20
DIETRICH_T0,BatchB,0,2855,6513,3361,3324,2730,2803,4960,2731,4964,6428,3112,6049,5246,3240,6496,3115,3076,3084,3232,2722,3028,2845,3166,8127,3002,2822,5756,2884,3164,3235,3437,2839,2820,2955,3142,3061,2759,8673,2924,2909,7037,3005,2674,2896,2918,5480,3148,2986,2840,3049,4353,6389,2732,2818,8219,3034,2888,3546,5328,9687,2647,2615,3142,6041,3008,3202,3041,2827,2916,3326,2711,4366,3099,3177,3197,2841,5439,5543,3285,5847,2901,2943,2964,6559,3130,3160,2854,4617,3093,6051,5924,3008,2817,4066,2594,5871,6364,2741,3185,7717,2730,4632,3202,2903,2985,2857,3156,3214,6298,2803,3054,3035,3548,2949,2937,6007,3125,2999,3204,2728,2477,6362,3044,6680,3082,2692,2772,4740,2914,2709,7381,5358,3040,2956,2903,5830,3183,3213,3258,3409,10872,3044,4626,2926,2759,2629,3055,3033,2816,3250,2886,6138,8751,2661,3500,2829,6405,3070,2836,2903,2683,2639,2855,2906,5224,2876,2657,3317,8933,6301,4424,2701,3036,2887,2641,3389,3321,2824,2961,7835,3178,7488,3054,3331,2894,3373,3051,3088,6453,5480,3272,7216,3540,5050,4424,2688,8966,2957,2765,7813,175,176,238,183,92,156,115,123,110,130,205,203,161,124,171,198,164,195,238,128,325,179,148,120,144,161,236,224,116,314,198,131,149,215,123,124,206,164,140,403,130,147,101,106,652,127,119,196,280,262,145,144,232,161,171,178,184,255,179,290,216,296,148,118,336,141,384,146,199,152,183,187,155,382,231,139,130,122,210,144,241,102,158,394,236,155,159,337,354,266,144,442,461,109,138,334,155,142,87,329,229,119,202,143,130,116,127,190,243,188,165,227,223,150,167,173,276,134,203,89,201,131,239,180,244,274,220,159,116,181,318,164,130,305,283,113,137,458,191,338,189,141,158,180,552,96,141,408,185,179,144,537,126,170,483,172,159,198,134,190,140,149,428,114,137,186,253,346,147,168,152,198,162,155,391,353,140,149,168,138,159,172,272,102,240,121,334,163,260,97,94,150,479,170,153,151,162,176,347,127,144,175,204,151,621,160,127,174,89,112,111,183,124,311,239,344,207,188,149,216,126,119,414,107,97,474,168,193,176,196,124,314,160,256,450,269,127,121,348,187,158,148,133,429,134,191,435,154,184,161,242,154,466,234,157,158,176,428,326,190,181,129,279,168,269,132,173,399,404,120,138,141,165,136,399,172,221,114,148,562,173,321,160,172,138,125,170,147,155,286,460,154,135,271,151,304,100,346,233,119,12,21,14,13,4,6,26,9,5,8,14,7,8,7,8,8,20,10,11,31,10,14,12,13,15,7,10,11,7,11,6,7,6,19,5,20,6,11,5,7,5,5,13,8,18,7,8,6,8,10,7,16,8,31,6,13,17,6,7,10,8,8,17,5,12,9,17,6,11,7,5,15,8,4,8,6,20,9,8,8,4,5,7,6,8,12,11,14,8,12,5,10,13,5,8,6,6,9,19,6,19,7,18,24,5,9,11,12,5,8,7,7,4,9,6,13,24,9,13,10,7,9,7,15,7,16,8,22,5,4,12,15,8,10,11,15,18,6,25,11,5,9,12,7,7,7,10,5,9,8,29,8,11,9,8,8,6,7,37,18,13,6,8,10,16,6,5,9,6,4,9,8,15,7,10,9,14,18,8,18,14,9,9,6,6,5,9,11,11,22,8,11,11,4,6,7,4,7,6,6,24,19,21,22,24,20,21,24,22,26,1,1,1,1,1,1,1,1,1,1,354,389,297,368,353,419,362,407,337,345,370,384,397,382,350,391,390,372,303,358,22,23,17,18,20,25,23,21,18,18
DIETRICH_T1,BatchB,1,3133,5874,3114,3107,2756,2804,5342,2870,4997,6225,3311,6375,5334,3023,6851,2844,3119,3028,3013,3172,2969,2547,3397,9278,2507,3148,6368,2840,3009,2898,3348,2912,3098,3115,3337,3148,3266,7332,2999,3355,7080,3712,2924,2936,3050,5692,3261,3218,3349,3048,4553,7301,2508,2830,7436,2889,2947,3149,5692,10740,2401,2818,2953,6446,2996,3239,2875,2940,3319,3328,2917,4267,2996,3081,2937,3147,5079,6214,2955,5909,2971,2653,2812,6223,2891,3027,2593,4869,3161,6062,6848,2886,2947,4263,2652,5928,6274,3029,3478,7571,2571,4764,2677,3154,2913,2731,2936,3079,6439,2694,2825,3054,3326,2918,2958,5187,3087,3118,3245,3194,2771,6728,3009,6703,3102,3033,2892,4362,3296,2970,7235,5486,3057,2923,2700,6319,3061,3084,3274,3297,9912,2595,4055,2931,2780,2823,2771,2854,2881,3010,2964,6764,8561,3340,2982,3008,6451,3169,2957,2766,3017,2702,3366,2770,5081,2779,3240,2936,9573,6712,3964,3409,3122,2588,2848,2970,3428,2999,3105,7450,2837,7467,2984,2930,3208,3220,2981,3038,7125,6180,3049,7703,3531,5212,4235,3042,8770,2812,3005,8257,161,182,224,155,96,155,124,121,126,154,159,190,145,159,155,177,162,234,264,118,263,151,148,134,168,175,245,211,120,275,229,130,140,197,124,135,209,180,114,337,135,153,105,107,656,139,131,185,306,249,146,173,204,217,273,185,151,210,190,293,273,273,136,134,314,162,371,144,147,132,179,167,156,400,210,156,117,147,195,127,247,96,167,515,205,152,153,283,299,307,140,388,482,111,126,346,121,165,106,283,226,123,172,137,171,128,157,193,232,218,179,211,189,166,183,134,236,125,187,117,166,124,190,185,205,277,310,176,147,154,444,160,125,295,298,115,168,393,200,407,162,168,160,163,517,97,131,389,220,211,179,509,141,175,467,152,134,178,121,116,150,141,489,115,170,216,271,414,153,160,158,199,150,184,424,344,160,113,251,128,148,162,307,117,241,150,316,130,268,115,104,154,474,186,183,144,168,186,406,114,126,146,179,148,657,136,133,171,99,112,129,185,130,320,217,312,234,190,138,183,144,122,378,108,134,560,133,166,154,136,135,301,156,260,476,279,127,101,313,152,145,154,175,436,136,238,491,122,183,165,230,157,510,217,149,147,199,410,321,150,158,124,228,145,261,131,124,502,443,121,131,131,151,161,475,145,200,131,130,594,146,356,163,159,165,153,135,138,155,280,460,178,151,267,129,300,96,337,232,131,9,22,17,12,4,6,23,9,7,9,11,6,7,7,9,6,17,13,9,23,8,12,11,15,12,6,12,11,7,9,7,5,7,19,5,19,5,9,4,7,4,5,12,8,17,7,7,6,10,9,7,15,8,28,8,9,17,6,8,12,6,7,17,6,15,7,14,6,11,7,5,15,8,6,7,6,19,12,8,7,4,6,6,5,10,14,10,10,8,9,6,8,12,4,11,7,7,7,18,4,22,8,17,19,6,8,8,13,5,7,5,9,4,7,6,11,27,8,13,12,6,8,8,12,10,15,7,19,6,4,11,14,7,9,13,17,19,5,21,9,5,9,14,7,7,7,7,5,9,6,21,9,10,9,8,8,5,7,22,20,9,8,8,11,14,5,6,9,6,4,9,6,17,6,8,7,17,21,8,18,15,8,11,6,6,7,8,11,9,21,9,12,13,4,6,6,5,5,5,7,1682,1380,1312,1513,1515,1303,1225,1464,1479,1496,1629,1748,1675,1719,1690,1625,1562,1907,1671,1657,15,18,12,15,15,17,15,17,16,15,18,15,17,16,16,17,16,17,15,13,21,23,19,17,19,23,25,21,21,17
DIETRICH_T2,BatchB,2,2901,5518,3432,3126,1770,3092,5784,3018,5241,6005,3180,3017,5571,3007,6424,783,2920,2827,3072,3047,3087,2657,2979,8671,3175,2957,5136,2933,3054,3183,2760,3211,4646,3032,3117,3157,2688,7237,4238,2935,13456,2765,2706,3469,3213,6558,2253,2861,2970,3142,4747,6855,2763,2789,7344,2856,2962,3016,5623,9582,2720,2796,2758,5828,3330,3074,3159,3098,2023,3090,2942,4512,3958,2579,2781,3004,5270,7367,3040,6241,7061,2741,2944,7563,2695,2968,2670,4225,3122,5822,12482,3213,2601,4326,1935,6802,6880,3044,2928,7325,2680,4943,5393,6685,2707,2874,2817,3318,8213,2765,3213,3208,3613,2569,3224,6001,2867,3030,3953,3434,2653,6717,3496,5945,3040,3569,8107,4508,2934,1591,8198,5391,2636,2930,2645,2786,3017,3413,3525,3221,11165,2682,4194,2979,2931,2682,2600,2885,3177,2828,2840,5648,8347,3083,2500,3224,5821,2860,3062,2700,2653,2707,3319,3145,3641,2811,1696,2937,10591,7088,4348,2274,2632,2858,2805,2626,3553,2614,3042,7015,3298,7422,2750,3277,2972,8032,2684,3026,10028,6688,3210,7683,3479,4900,4624,2754,6744,2944,3231,7925,158,229,229,139,39,156,117,136,110,155,147,235,154,136,109,178,148,176,234,115,315,169,144,149,131,313,245,228,106,279,182,119,138,225,270,120,204,150,122,423,118,141,86,101,709,114,99,184,251,220,174,61,180,169,351,178,177,235,172,304,203,284,151,118,342,195,350,175,155,179,196,102,134,356,195,152,155,109,197,134,108,127,177,1384,241,127,148,319,297,300,51,404,435,108,159,333,148,177,97,316,217,106,156,124,167,96,137,703,271,260,196,225,176,68,170,123,273,127,181,113,144,163,189,163,191,373,262,142,54,190,378,161,145,485,345,132,118,410,174,434,207,150,143,147,553,110,138,469,178,177,180,566,140,159,400,177,103,218,134,127,132,160,477,113,136,207,199,99,134,163,119,194,275,192,440,445,141,210,148,128,131,171,219,109,221,136,307,148,200,122,161,152,482,183,210,145,183,172,322,73,157,152,224,175,586,109,102,89,141,129,109,203,129,232,390,338,199,52,150,196,154,131,529,103,119,553,144,222,181,165,112,312,49,306,475,297,177,139,377,204,159,136,153,376,129,222,567,132,184,163,297,169,534,254,122,153,206,540,373,143,151,119,227,165,273,168,127,442,416,115,163,132,123,160,404,138,181,111,145,550,142,332,188,129,148,133,164,147,127,315,413,144,149,261,164,329,130,316,199,109,9,21,16,12,3,7,26,9,5,9,12,6,7,3,9,9,21,8,13,27,8,16,12,15,12,7,16,12,8,14,5,7,6,17,5,14,7,11,4,6,5,5,13,7,10,6,9,6,11,9,8,17,7,25,8,11,20,6,8,13,7,6,18,6,15,9,14,7,10,7,6,17,8,5,9,4,22,10,6,8,6,5,6,8,11,15,10,10,12,4,6,7,10,5,8,2,8,9,15,5,21,7,17,17,8,8,9,14,5,15,6,8,5,8,8,13,22,6,13,15,6,7,8,18,9,15,6,16,8,4,11,8,8,9,11,14,14,7,22,7,5,9,10,6,7,10,8,5,4,6,21,2,15,9,9,6,8,8,29,19,7,7,7,11,13,7,4,8,6,4,10,7,12,6,9,9,17,16,7,19,16,8,10,6,6,5,8,12,9,23,4,12,13,5,5,9,4,6,7,7,14515,12335,12294,12126,13904,11962,11941,14771,12480,13419,23356,26745,24212,23602,43381,21480,22076,27034,24366,24735,10,12,9,9,10,12,7,12,10,9,10,11,11,11,11,25,11,12,10,9,23,21,19,18,19,22,24,21,19,8
DIETRICH_T3,BatchC,3,3150,2605,3010,3081,15927,2687,6760,13128,2748,3021,11573,11353,6378,19121,3170,3127,2886,2863,3177,3194,14872,9892,2776,6848,5124,16585,3199,14081,2915,9476,2937,2990,3034,5301,3160,2894,3023,8094,2583,2947,2949,3136,2941,2789,2935,2917,19477,2784,30075,18561,3178,3275,2790,3117,2867,2816,17718,6299,10313,3261,2872,2864,3174,19455,2872,3034,2684,12202,3122,2888,2769,6689,2746,3112,3272,2927,2511,14582,3019,21968,3260,2970,2912,8426,2781,2906,2862,3091,23091,2992,3488,3124,2945,3024,11046,15963,8036,3045,2574,2837,2775,3429,2917,4505,2936,2761,2677,2753,3456,2695,2622,2811,2730,5375,2815,2939,3096,2818,6892,15659,2627,2626,2848,3330,3095,2792,3024,2928,13772,2898,2972,2979,22938,3005,2685,9565,3022,3154,3237,13681,2935,2730,2633,2765,2660,2880,10843,2612,3674,3126,3031,11428,2687,2864,4219,3260,3088,36803,2837,18809,3171,7219,15488,11283,2890,2605,26887,18069,3093,26007,2554,3063,2786,2792,7563,12934,3288,3459,3142,3240,15668,8919,3309,2709,3306,3144,15580,2908,15464,3368,10938,2963,2587,10035,2737,3933,3244,22793,3101,2690,188,696,152,165,95,126,436,118,142,122,207,103,410,154,149,654,140,196,125,122,148,167,503,1721,135,139,1110,199,131,1203,107,119,144,163,123,148,86,435,120,613,133,1201,107,354,897,112,110,972,306,102,117,146,219,127,121,162,148,151,167,114,337,114,491,684,756,748,151,520,136,147,328,143,126,2300,839,163,110,181,201,178,149,93,165,142,107,139,159,138,515,137,165,184,233,95,142,148,674,698,114,906,178,100,177,155,127,119,126,344,161,189,165,608,1716,206,202,139,150,581,176,118,201,790,171,170,198,154,130,807,187,110,210,184,146,139,135,302,804,158,175,591,84,1742,148,159,187,870,122,140,785,214,160,189,125,606,162,143,157,808,113,402,151,712,157,1503,161,195,121,863,157,175,134,861,578,186,194,949,1029,84,441,145,385,185,822,214,111,492,180,867,148,394,459,130,139,150,476,153,175,186,389,123,133,176,167,187,155,443,845,171,117,119,111,94,336,785,144,152,174,180,153,184,603,129,125,116,117,125,614,201,1895,150,136,150,138,99,208,948,133,475,127,161,142,169,161,182,149,110,220,147,220,151,143,175,1352,230,182,162,240,307,209,152,146,113,767,328,105,497,162,256,189,124,143,123,108,164,169,149,218,129,163,783,709,203,155,445,472,153,122,156,268,159,1138,465,118,470,162,200,251,366,93,109,30,9,21,13,3,7,12,42,17,9,6,6,10,33,10,7,28,7,8,12,17,6,11,28,13,30,9,11,14,10,8,21,8,7,25,9,6,11,8,22,14,27,32,7,32,54,7,6,10,9,8,9,9,50,9,9,6,41,37,18,16,9,44,11,10,10,8,16,32,7,28,51,10,6,8,5,9,8,7,39,4,13,8,6,9,43,7,24,139,11,6,7,13,6,10,6,7,8,9,4,7,7,28,6,25,15,9,8,4,8,6,9,5,8,7,5,8,8,6,12,21,8,14,7,8,6,34,12,6,4,13,47,8,5,7,19,8,18,9,13,11,7,11,8,7,21,62,15,8,6,33,6,10,6,20,7,6,6,67,6,12,8,5,9,7,44,4,7,7,4,37,7,5,5,8,30,13,8,9,5,9,19,7,26,14,6,7,55,7,6,21,20,10,25,5,5,15,6,33,6,4871,3849,3781,4098,5042,3869,3498,4460,3856,4149,879265,955164,709694,850066,913029,796786,792880,915701,861248,797752,0,0,0,0,0,0,0,0,0,0,0,0,0,0,0,0,0,0,0,0,21,22,17,17,21,21,21,21,19,19
JACOBS_T0,BatchA,0,3071,2895,3276,3260,2645,2896,3038,2763,2653,2958,3365,2983,3059,3047,3075,2797,2964,3223,3000,3274,2770,2707,3268,2969,3087,3210,3180,3328,3046,2956,3574,2917,2647,2775,3341,3141,3111,3048,3182,3617,3026,3327,2930,2995,3340,3260,3006,3233,3121,2994,3265,3224,2889,2896,2622,2680,2863,2971,2855,3180,2657,2589,2789,2907,3204,2898,2938,2753,3392,2876,2782,2724,3130,2783,3188,2963,2777,2911,3466,2809,2629,2883,2824,3155,2763,3283,3011,2856,3440,3307,3328,3353,2978,3086,2675,3036,2735,3040,2996,2973,3166,3439,2829,3174,2867,2847,2952,2988,3144,3056,2825,2971,2726,3268,2940,2860,3021,2892,3177,2921,3118,2947,2954,3356,3107,3098,3217,2658,2935,2829,3246,2878,3168,3318,2705,2943,2985,2863,3304,3844,3008,2543,2711,3096,3078,3176,3059,2924,3008,2606,2973,3076,2919,3058,2835,3120,3068,3069,2519,2952,2631,2965,3404,2857,2873,2598,3168,2756,3022,2924,2853,3240,2630,2836,2452,3112,3368,2938,3002,2778,3284,3178,3066,2906,2796,3333,3234,2623,2583,3431,3494,2847,3053,3215,3000,3034,2835,2689,2919,2581,164,176,157,190,99,166,123,119,139,128,165,139,134,138,155,174,162,156,144,114,121,156,137,137,162,129,256,274,121,144,115,131,140,186,114,117,107,143,102,148,126,152,101,100,227,110,114,229,288,140,161,158,222,105,136,156,144,145,130,115,143,145,152,136,204,165,158,158,133,126,161,169,135,188,199,161,115,104,163,166,188,91,153,144,122,150,185,159,114,128,141,141,193,91,106,172,195,155,111,159,203,124,180,158,189,106,155,192,163,201,205,191,201,202,157,140,181,112,168,124,191,145,192,196,203,168,114,143,112,130,209,149,156,126,144,127,125,168,207,217,103,149,170,168,180,85,131,162,94,185,162,158,125,209,204,146,146,141,135,149,123,186,181,124,161,198,179,113,147,176,126,221,177,181,165,229,136,115,233,127,175,176,108,119,112,116,179,180,150,121,88,135,125,167,203,166,159,147,183,133,157,130,187,149,162,139,141,141,106,111,100,109,138,185,125,159,187,205,129,172,160,134,116,121,143,142,174,195,147,154,115,161,138,94,187,140,150,113,132,159,149,138,166,167,138,93,177,112,170,150,153,206,202,231,154,141,189,116,147,151,151,123,102,119,121,136,121,214,169,112,165,153,118,137,167,168,231,150,157,275,156,196,145,169,153,155,127,159,130,181,168,189,151,180,143,183,92,153,114,125,10,9,7,5,3,6,19,9,7,9,6,9,7,7,9,9,8,6,8,13,6,6,11,6,10,6,10,6,8,12,7,6,6,7,4,7,6,10,4,7,5,5,6,7,7,8,7,6,9,9,8,10,8,12,6,7,6,6,6,7,8,7,5,6,10,11,7,6,8,8,5,7,7,6,9,5,9,10,7,10,3,5,6,7,9,14,6,6,8,10,6,8,12,5,5,7,7,9,8,5,8,7,10,7,7,10,7,7,5,8,6,9,6,9,7,5,8,8,5,12,6,7,7,5,9,5,8,8,6,3,12,15,6,6,6,6,6,5,9,9,6,8,11,8,8,6,10,4,8,8,13,7,13,5,8,8,6,9,9,6,4,7,4,8,7,6,5,10,7,3,11,8,6,5,11,9,11,7,7,10,9,9,10,6,7,7,8,11,5,8,7,5,9,4,6,5,4,6,6,6,10,9,8,8,10,8,8,10,9,10,1,1,1,1,1,1,1,1,1,1,311,339,246,277,315,380,375,329,260,324,321,339,349,319,320,314,340,348,298,271,21,24,17,17,19,22,24,22,21,18
JACOBS_T1,BatchA,1,3397,2792,3068,2843,2918,2477,2864,2821,3014,3152,3179,2913,2928,3021,3000,3013,3038,2916,3216,2797,2759,2935,3017,2945,3018,3082,2888,2940,3019,3021,3306,3176,3110,3076,2938,2832,3211,2727,2884,3373,3096,3396,2585,3138,3492,2844,3139,3221,3078,2846,3369,3234,2558,3274,2766,3042,2914,3579,2774,3304,2494,2872,2790,3404,3115,3267,2743,2874,3001,2847,2709,2952,2751,2953,2983,3259,2852,2729,3303,3041,2980,3123,2949,3142,2628,2798,2916,2693,2787,2972,3256,2754,2979,3081,2629,2905,2929,2698,3124,2701,2889,3484,2652,3091,2587,2885,2770,2417,2795,2861,2918,2533,2832,2914,3545,2968,3087,3192,3236,3103,2607,3043,3208,2823,3140,2868,3584,2916,2726,2876,2903,2763,3270,2839,2871,2948,2998,3346,3576,3573,2849,2448,2808,2922,2917,2900,2816,3063,3251,3044,2758,2704,3102,3007,2963,3118,2970,3459,2736,2936,3039,3203,3200,2927,3843,2581,3292,2819,3060,3106,2823,3175,2906,2585,2716,3045,3373,2689,3150,2809,3198,2664,2861,2940,2777,3259,3080,2575,2865,3359,3358,2992,2668,3325,2576,2664,2966,2863,3269,2667,179,176,143,198,92,137,132,118,120,126,158,110,145,120,158,157,161,223,133,131,131,139,152,100,132,150,232,233,124,167,119,137,145,185,153,137,88,162,103,135,140,126,124,82,223,120,96,221,308,128,122,168,252,126,133,171,155,145,140,125,142,140,147,125,145,178,174,170,141,162,155,133,139,221,207,166,148,126,171,149,143,97,186,175,146,150,169,155,154,159,159,166,216,107,149,156,162,162,106,152,190,99,211,150,161,116,145,189,138,184,188,160,243,143,144,154,172,135,172,135,186,163,166,171,228,222,125,137,97,163,212,173,119,102,154,115,113,162,200,157,87,120,154,140,197,83,147,162,97,215,153,173,148,178,135,166,168,153,119,145,160,160,162,122,137,196,137,115,167,178,129,174,176,175,155,247,144,97,214,137,124,197,79,105,100,142,157,144,172,102,99,163,155,146,150,140,172,154,179,145,136,162,178,126,170,133,154,187,101,131,102,79,114,170,145,156,196,191,155,194,139,114,141,116,126,128,152,241,132,159,111,164,137,91,186,119,150,118,111,159,142,165,163,204,136,120,195,129,187,168,164,129,204,268,188,159,199,119,151,151,163,113,117,101,133,140,135,240,198,135,163,130,146,144,229,128,184,102,120,234,134,210,145,159,136,136,116,167,117,163,198,168,158,146,139,166,124,131,98,128,9,9,6,5,3,7,13,8,7,7,5,8,8,6,9,8,8,7,10,9,6,5,10,7,10,6,10,7,9,13,7,6,8,9,5,7,6,10,4,6,5,5,9,7,8,7,7,5,7,9,10,9,8,15,6,9,6,5,6,6,7,9,9,5,8,8,6,6,8,6,5,8,6,6,7,5,8,10,6,6,3,4,6,5,7,12,6,6,8,12,6,7,12,5,5,7,7,9,7,4,8,6,12,6,6,9,9,6,6,8,6,9,5,8,8,5,8,9,6,10,8,7,9,5,7,6,7,11,5,5,12,13,5,5,5,6,7,7,9,8,5,9,14,8,6,6,9,4,6,5,12,6,10,5,8,10,7,10,12,7,5,8,7,6,8,5,5,7,6,3,9,8,5,6,10,9,14,8,7,7,8,10,11,7,7,6,8,9,6,6,8,9,9,6,6,7,5,6,6,6,1000000,1000000,970611,1000000,1000000,932231,861353,1000000,1000000,1000000,1000000,1000000,1000000,1000000,1000000,1000000,1000000,1000000,1000000,1000000,17,20,16,14,16,19,20,20,16,16,18,19,19,19,18,19,18,19,15,16,21,23,19,18,23,21,24,20,21,19
JACOBS_T2,BatchB,2,3096,6074,2862,3300,2512,2835,5661,2865,5282,5506,2884,6017,5154,3157,6046,2882,2832,2934,3196,2807,3031,2957,2850,7390,3111,3018,6019,3028,3175,3363,3431,2942,2812,3028,3201,3244,3146,7177,2753,2893,6903,3233,3058,2864,3038,5981,2950,2951,3084,2710,4821,6817,2823,2927,7712,3238,3488,3028,5529,9498,2490,2939,3282,6418,2986,3055,3078,2812,3183,2940,3161,4092,2797,2892,2835,3322,5026,6708,3225,7016,3152,2674,2899,6809,2846,2823,3023,4574,3126,5909,5909,2762,2917,4719,2784,5813,6651,2867,3277,7405,2642,4939,2894,3048,2851,2771,2636,2881,6714,2769,2691,3176,3829,2457,2759,5565,3243,3342,3394,2914,2747,5869,3263,7167,3475,3244,3283,4774,2912,3022,8190,6008,3100,2973,2738,6749,3189,3595,3438,3428,10287,2784,4415,2628,2763,2642,2766,2983,3412,3000,3084,6027,8573,2665,3451,3749,5949,3243,2663,3218,2735,3123,3008,3066,4973,2999,3336,2830,8973,6694,3874,3317,2976,2658,2701,2904,3311,2721,2999,7190,3297,6251,3034,3415,3272,3581,2838,2780,6673,5956,3370,7061,3444,5229,4223,2713,7320,2693,2848,9129,136,178,207,150,95,158,117,123,105,144,206,205,174,132,147,206,167,162,217,148,265,177,146,128,163,162,208,233,101,257,207,150,187,186,135,109,214,130,164,462,108,153,107,128,736,100,107,233,228,254,133,167,204,194,225,189,174,193,209,274,216,274,166,154,343,178,417,149,172,140,161,143,161,370,204,167,132,131,193,169,264,131,190,470,255,134,175,252,314,280,144,385,543,118,149,361,174,136,102,333,235,87,169,140,155,110,150,196,238,203,170,241,173,171,169,124,295,149,213,120,140,154,154,163,220,291,268,151,101,183,344,225,132,362,338,121,121,470,175,345,154,151,149,169,562,99,129,391,193,177,132,526,139,175,436,159,145,211,112,145,129,152,460,128,145,173,219,391,156,182,162,193,166,200,470,402,134,143,206,131,117,157,284,97,336,134,305,155,327,106,88,165,492,152,160,175,206,153,296,135,130,141,212,148,533,151,124,180,112,118,116,190,137,272,204,397,183,188,154,177,150,130,496,109,136,429,149,189,157,158,113,269,170,284,453,235,146,137,380,139,138,165,172,340,134,252,599,141,209,150,226,160,557,232,147,164,178,463,379,142,153,115,239,187,262,115,156,468,434,110,162,142,129,198,444,123,175,123,147,514,159,359,151,162,143,137,161,159,138,324,428,168,130,277,131,315,112,322,186,96,8,22,14,17,4,6,18,9,7,9,13,9,8,8,10,7,23,10,11,26,9,15,10,13,15,6,10,13,8,10,8,5,7,19,5,15,7,13,3,6,4,5,15,7,19,7,8,6,9,8,9,14,8,29,9,11,18,6,7,13,7,9,16,6,16,9,12,5,11,8,6,14,7,6,7,5,16,10,7,8,4,5,7,7,10,9,11,9,7,11,5,9,13,5,7,6,6,9,16,5,21,6,20,19,6,8,9,15,5,9,6,8,5,7,6,14,25,8,15,10,8,7,7,14,7,15,5,21,6,3,12,14,7,11,12,12,19,5,27,9,6,9,14,8,8,7,9,6,7,6,27,6,13,12,9,8,5,9,29,19,11,7,7,11,16,4,6,9,8,4,11,8,21,5,10,8,16,22,9,20,12,8,9,5,6,6,8,12,9,20,8,13,10,4,6,6,3,6,6,6,266,271,263,256,295,243,224,265,241,276,43101,49029,37768,47378,41346,41889,40273,43360,44323,41174,0,0,0,0,0,0,0,0,0,0,0,0,0,0,0,0,0,0,0,0,22,23,19,17,20,23,23,20,17,20
JACOBS_T3,BatchC,3,3200,3200,3040,3022,17387,2946,7528,13080,2955,2962,11089,12135,6203,20207,2877,3003,3179,2794,3108,2993,15910,11058,2933,7923,5351,17468,3021,14997,2787,8911,3114,2949,2989,5181,3408,2934,2831,7696,3092,3025,2906,3266,2581,3039,3010,2659,20546,2906,31643,17456,3169,3218,2709,3071,3005,2918,18760,6376,9777,3332,2927,2720,3017,19030,3436,3288,2724,12800,3442,3119,2822,6472,2615,2822,2844,3342,3333,15987,3217,19384,3179,2732,3040,9487,2821,2889,2879,2910,26317,3237,3620,2779,2885,2930,11138,15781,9084,2916,3260,2806,2903,3032,2641,4003,2809,2767,2940,3125,3344,2727,3246,3090,2902,5266,2777,2915,2931,2885,6942,14441,2666,3260,2560,2959,3545,2650,3192,2781,13648,3157,2837,2897,22437,3276,3085,7263,2522,3446,3100,13356,2869,2717,2737,2933,2756,2879,10872,3098,3161,3070,3012,11009,2575,2784,4325,3157,2992,41472,3094,18593,3058,7986,16211,10781,2853,2702,24826,18987,3421,23824,2757,2980,2816,2925,6577,11734,3338,2902,2706,3112,15046,8243,3188,3076,3145,2932,14831,2472,13461,3011,11907,2807,2844,10667,2928,4186,3038,22116,2739,2961,163,613,144,173,86,157,438,128,106,120,168,130,381,113,141,546,173,192,138,143,159,150,536,1664,150,163,1273,212,116,1050,116,122,148,218,116,116,103,437,110,617,131,1069,117,301,772,117,115,920,256,133,165,148,236,117,130,180,180,138,135,116,257,148,459,992,755,730,138,558,160,155,352,171,160,2122,916,172,128,175,183,154,172,101,171,186,159,139,158,143,396,138,105,171,205,90,146,154,655,660,119,1006,178,121,191,125,142,131,139,324,175,221,196,662,2011,149,205,143,146,485,219,128,155,947,203,193,218,158,117,703,171,150,205,177,137,105,180,384,934,171,204,646,88,1901,154,160,207,852,143,178,659,200,168,189,128,532,188,162,171,690,118,345,149,587,168,1596,131,235,132,919,144,204,156,756,651,182,167,1064,1016,101,374,140,416,219,800,244,122,540,148,823,147,469,489,147,105,149,518,164,198,164,417,143,165,161,161,180,153,571,791,196,99,119,108,113,432,674,152,177,178,194,170,190,749,119,122,103,132,139,655,225,1839,185,115,159,131,105,198,991,146,486,136,180,110,161,151,222,145,118,171,156,171,157,127,155,1326,196,141,148,189,235,209,167,149,146,710,319,112,564,137,191,188,124,149,141,132,146,149,149,173,114,133,1037,531,244,134,561,479,134,153,148,292,158,1105,578,120,411,116,197,191,338,88,109,33,7,27,14,4,8,14,42,18,7,6,7,8,27,10,9,26,7,10,10,15,6,10,40,10,37,13,12,12,11,7,24,7,8,22,11,8,11,9,23,14,27,34,6,44,53,9,6,9,9,7,9,8,71,7,5,5,37,39,17,19,7,43,11,10,8,7,14,40,6,29,51,8,5,9,5,10,10,6,41,4,19,7,5,11,46,9,21,149,13,7,8,11,5,11,8,6,9,9,5,7,7,21,6,24,18,10,8,6,8,4,6,4,8,5,5,8,9,6,11,24,8,12,7,8,6,36,10,6,4,12,40,6,4,7,21,6,19,9,12,12,9,14,9,7,20,70,13,6,8,44,6,10,4,17,8,5,8,74,7,14,6,6,6,8,71,5,9,7,4,34,8,7,5,9,28,12,8,8,8,9,17,9,19,15,7,9,50,8,8,20,19,9,23,6,5,13,6,31,7,266054,214345,208803,242274,268475,215165,213724,260129,236315,238187,1000000,1000000,1000000,1000000,1000000,1000000,1000000,1000000,1000000,1000000,1,1,0,1,1,1,1,1,0,0,1,1,1,1,1,1,1,1,0,0,22,21,18,18,20,22,23,21,19,19
RAINS_T0,BatchB,0,2975,6333,2684,3137,2488,2999,4720,3178,5026,5764,3062,5874,5003,3453,6289,2540,2787,2804,2770,3184,3102,3060,3085,8245,3028,3052,6005,2862,3099,3053,3263,2815,2847,2758,3009,3030,2940,7710,2981,3043,7254,3003,3063,2938,3115,5544,3004,3008,3351,3484,4742,6673,2698,3011,7538,2907,3408,3134,5214,9039,2541,2885,3118,6027,3005,3002,2667,2747,3025,2860,2795,4456,2471,3020,2940,3081,5161,6298,3092,6205,3095,2929,2987,6049,2807,2921,2787,4325,2993,6116,6405,3066,2693,4037,2561,5479,5707,2873,2910,7801,3068,5367,2949,2957,2905,2912,3138,2900,6680,2645,3057,3230,3701,2948,3027,5628,2515,3108,3443,2816,2673,7284,2724,7388,3074,3354,2864,4762,2903,2752,8354,6141,3052,2940,2718,6200,3018,3130,3464,3375,9979,2920,4508,2819,2931,3120,3117,2966,3198,3026,2601,6278,7967,2824,2966,3273,5638,2953,3100,2913,2867,2727,3331,2793,4874,2951,3089,2770,10330,6484,4132,2999,2699,2694,2655,2778,3622,2880,3270,7007,3255,7702,2897,3423,3080,3468,2866,2782,6193,5525,3147,7740,3288,4697,4335,2881,8331,2920,2904,7576,154,194,228,151,114,153,134,135,98,125,168,192,165,160,149,181,181,198,250,129,312,177,132,119,128,174,277,224,109,313,179,119,145,193,138,132,231,137,103,439,112,146,114,110,806,110,122,231,277,234,176,169,216,157,237,192,180,225,235,279,261,259,139,130,286,193,369,162,169,151,215,171,140,356,214,158,126,115,226,147,250,105,185,451,215,137,165,307,278,278,144,343,401,97,132,347,135,130,95,353,230,104,205,140,151,147,145,238,264,179,197,205,199,169,205,133,199,131,164,147,165,112,168,169,194,295,292,139,124,196,345,185,127,361,323,99,150,454,163,265,164,139,161,149,579,102,145,377,182,193,155,425,121,156,582,163,150,210,132,138,172,167,541,109,130,193,199,382,181,147,145,197,159,163,475,384,164,129,187,146,139,185,234,130,258,116,391,173,256,118,86,151,504,191,170,156,172,147,430,124,129,171,203,135,552,143,149,163,105,107,115,177,162,317,256,341,183,210,143,182,164,133,465,98,124,551,181,186,180,176,118,344,137,289,438,304,146,118,304,173,137,162,192,371,180,299,514,136,183,150,246,204,549,225,172,148,187,444,356,156,182,126,238,200,251,128,143,481,419,97,161,112,145,175,407,132,230,118,141,530,145,291,144,164,173,158,189,160,113,308,406,146,137,242,126,317,98,341,181,105,11,25,13,14,3,7,22,8,7,8,10,6,9,6,8,7,21,13,10,27,8,14,8,12,13,6,11,12,9,10,7,6,7,17,5,17,7,9,5,7,5,6,14,7,18,7,7,6,8,9,8,13,9,28,6,13,19,6,7,11,8,9,18,6,18,10,12,6,9,8,6,13,7,6,9,4,15,10,6,8,4,6,7,6,8,12,8,12,8,12,5,10,9,4,9,4,7,8,20,5,20,6,18,22,6,9,8,9,6,9,6,6,4,10,6,13,25,7,13,9,9,9,9,13,9,15,6,22,6,4,10,15,7,11,13,14,18,5,25,11,6,9,15,8,9,9,8,5,7,5,20,8,10,10,8,9,6,9,28,20,11,7,9,14,16,5,5,8,6,4,9,8,18,5,10,7,13,22,9,17,14,9,12,7,6,7,9,10,13,20,10,12,8,4,6,7,5,5,6,7,48,40,40,42,48,40,40,44,45,49,21,22,20,22,20,21,18,23,22,19,37,48,36,36,38,47,41,42,34,34,44,41,45,42,41,39,40,44,35,32,23,23,19,16,20,21,21,20,20,17
RAINS_T1,BatchB,1,3000,5844,3206,3256,2648,2811,5422,3023,5566,6551,3046,6065,5453,3161,6583,2962,3151,2660,3089,2879,2854,3046,2951,8655,2892,2892,6032,3062,2930,3130,3207,2863,3123,2650,2819,3051,2991,7233,2842,2913,6409,2958,2984,3160,2769,6192,3350,3406,3201,2901,4755,7166,2759,2947,8254,3195,2824,3114,6008,9796,3012,2777,2940,6385,3193,3162,2905,2933,3160,3063,2803,4024,3065,2993,2856,3183,5189,6084,3115,5360,3054,2918,2922,6287,2530,3076,2959,4155,3066,6879,6633,2565,2963,4401,2571,5760,5798,2551,3124,7678,3338,4403,2913,2882,2945,2882,3011,2998,6694,2495,3096,2921,3521,2633,2965,5324,3027,2959,3372,2802,2900,6314,3097,6487,3063,2973,3177,4800,2991,2666,7789,5597,3103,2787,2501,6417,2835,3027,3173,3593,9795,2456,4656,2778,2943,3126,2786,2889,2999,3063,2852,5777,8629,2708,2738,3309,5781,3099,2860,2871,3250,2950,3399,2936,5455,2610,3124,3528,9460,6385,4306,2812,3087,2837,2909,2929,2837,3189,2982,7187,3191,7132,2864,3412,3019,2960,3222,2724,6457,5822,3174,8030,3637,4803,4544,2783,9698,2931,2804,8429,159,193,222,151,91,149,116,115,123,133,170,218,143,130,145,163,189,163,217,139,335,151,169,112,159,183,233,184,131,316,195,136,163,188,120,118,213,128,107,393,138,150,100,131,739,111,120,217,263,236,146,150,238,246,229,196,180,234,236,387,258,247,159,151,328,164,305,182,181,139,192,154,148,357,203,134,131,143,182,148,234,102,189,419,217,132,158,353,304,308,143,446,491,101,152,302,164,144,97,315,243,119,164,126,185,111,150,196,252,256,202,196,280,149,183,155,256,134,182,125,176,159,181,161,210,340,261,154,119,205,375,160,125,302,291,119,125,437,205,367,158,163,166,196,541,78,162,434,169,185,162,636,136,203,421,141,193,189,128,168,134,130,422,111,151,164,266,331,165,200,135,190,160,170,382,371,127,128,226,131,154,192,257,100,260,142,383,173,273,117,78,138,484,155,163,171,180,161,384,133,150,138,192,144,575,149,141,181,125,116,97,185,147,361,210,305,164,166,128,200,141,118,464,114,146,514,186,183,158,141,108,290,162,344,440,258,120,121,357,139,146,205,156,390,149,270,389,126,175,179,240,147,582,239,147,146,203,440,427,132,165,116,212,171,200,106,168,498,355,116,174,124,136,136,437,149,169,108,147,552,154,343,143,130,148,126,154,141,124,248,446,190,135,242,131,283,110,266,206,116,12,27,18,12,4,7,27,8,8,7,9,7,8,9,7,9,22,13,10,28,8,14,10,18,14,6,10,12,6,9,8,7,6,19,5,15,5,11,5,8,5,7,13,6,16,7,8,5,9,9,9,15,7,23,6,12,19,6,7,12,7,9,16,5,13,9,14,6,7,8,5,14,7,5,8,5,16,10,9,8,3,6,8,5,9,12,10,10,9,10,5,8,10,6,9,8,8,9,16,5,19,6,17,23,6,8,9,12,4,8,5,7,5,7,5,12,28,8,12,11,7,8,9,16,8,17,7,25,5,3,12,14,7,12,14,14,20,5,22,12,5,8,12,9,8,7,10,4,8,5,21,7,12,9,10,9,5,7,30,18,10,8,7,13,13,5,5,8,6,4,8,7,20,5,10,7,15,20,8,15,14,8,8,7,6,6,10,11,8,22,8,12,8,4,6,6,4,6,6,7,0,0,0,0,0,0,0,0,0,0,0,0,0,0,0,0,0,0,0,0,40,48,36,39,41,45,45,45,40,40,42,43,45,44,47,44,48,44,38,34,22,21,18,20,20,22,24,20,20,19
RAINS_T2,BatchB,2,2991,6550,3030,3093,2840,3159,5429,3225,5431,6465,3268,6294,4880,2931,7021,2746,3018,2789,3312,2706,3186,2760,3130,7479,3107,2916,6114,3253,3266,3023,3207,2757,2899,3176,2646,3286,2949,7638,2919,2841,7115,2786,2694,3043,2965,5909,3435,2869,3001,3171,4475,6181,2673,2716,7538,2871,2752,3223,5863,9034,2750,2955,2900,6537,3345,3063,2923,2982,2882,2909,2434,4367,2819,3238,2947,3074,5181,6367,2995,6611,2772,2808,2756,6717,2832,3070,3010,4032,2928,7021,6170,2955,2920,4178,2589,5737,5862,3034,2963,7396,3099,4863,2954,2829,3060,2902,2712,2897,7063,2529,3136,2758,3375,2995,2932,5445,3142,2909,2908,3201,3485,7087,3200,6381,3400,3097,2907,4370,2814,2804,7329,5792,3189,3060,3177,5696,2826,2948,3365,3861,10952,2811,4976,3035,2876,3032,2796,3004,3088,3086,3117,6314,6796,2834,3109,3063,6106,3081,3127,2726,2920,3002,3988,2680,5719,2817,3145,2827,9347,7127,3918,2970,2409,3049,2590,3104,3207,3082,2905,7024,3259,7500,2915,3136,2896,3405,3164,2724,6658,6701,3127,8010,3760,4802,4227,2878,8861,2979,3035,7110,201,172,215,188,109,142,103,139,119,126,175,221,169,158,159,176,181,198,234,123,241,154,139,113,157,152,223,241,105,353,231,119,163,218,146,126,220,137,128,380,104,122,114,106,827,108,136,196,252,268,145,166,190,199,232,186,138,203,219,262,238,275,160,151,277,192,331,165,140,187,184,133,157,452,197,157,102,126,156,151,261,108,170,411,210,123,169,306,364,245,128,334,490,111,173,365,164,135,101,415,210,120,147,158,121,128,122,168,223,260,175,197,237,162,160,134,327,140,181,128,178,152,170,176,205,296,256,118,114,196,305,197,160,361,269,116,131,404,169,364,174,176,148,185,518,83,169,436,189,220,158,448,120,220,490,129,164,181,128,126,137,188,425,103,146,248,238,337,129,187,166,170,160,208,474,347,147,141,215,121,169,211,262,102,263,130,343,143,276,98,86,173,433,163,199,142,178,125,372,129,110,163,218,140,578,130,151,143,109,105,112,222,162,334,228,377,192,173,140,185,175,122,446,119,117,564,211,217,151,155,137,310,153,295,403,282,139,114,330,177,133,132,166,411,141,214,453,145,198,169,230,167,503,222,148,159,191,449,314,145,130,122,195,189,222,148,160,508,396,113,174,149,133,138,409,128,190,119,134,604,167,323,132,171,154,138,155,144,128,273,537,159,155,297,133,271,109,324,258,108,10,27,12,14,4,7,25,9,9,7,11,7,7,8,9,7,20,12,9,36,8,15,11,15,14,5,13,14,8,13,7,6,6,19,7,14,6,12,4,5,4,6,12,6,15,9,7,5,11,9,8,17,10,33,6,12,20,7,6,10,6,6,16,7,16,9,13,6,6,8,5,15,9,6,7,5,17,11,7,7,4,6,8,4,7,13,9,10,7,11,5,7,12,5,9,7,6,7,16,5,26,8,24,19,6,9,8,10,6,8,5,8,5,8,8,11,26,6,15,11,6,7,9,14,8,20,6,22,6,4,10,10,7,10,14,16,20,6,24,9,5,8,11,9,6,7,9,5,8,7,25,6,11,9,9,8,6,7,30,21,10,8,7,12,18,6,5,8,5,3,8,8,18,6,8,8,15,23,6,23,13,8,9,7,6,6,8,13,12,20,11,10,8,4,5,6,6,5,5,7,8009,6685,6180,7070,7409,6372,6185,6686,6606,6822,17351,18113,15020,16825,16599,13998,14518,16689,15998,14797,8,8,6,6,7,9,7,8,7,7,8,8,8,7,8,8,8,8,8,7,22,21,16,16,19,22,24,21,20,18
RAINS_T3,BatchB,3,3121,5992,3106,3010,2501,2838,5010,2963,4626,6606,3426,6784,5112,3205,6466,3091,2933,2960,3264,3192,2825,2866,3317,8004,2989,2916,6006,3020,2879,2803,3104,3076,3031,3114,2942,3289,2654,7192,2901,2850,6091,3200,2637,3124,3204,5986,3491,3366,2987,3051,5144,6432,3070,2983,8129,3090,2840,3252,5414,9859,2934,2891,2953,6767,3040,3064,2827,3120,2877,2954,2725,4144,2634,2958,2953,3025,5857,6138,2761,6763,3214,2724,2865,5683,3002,2956,3041,4261,3070,6513,6246,3006,2429,3936,2730,6274,6579,2830,3197,7819,3046,5252,2638,3002,2811,3034,2783,2844,6804,2964,3321,2882,3666,2641,2782,6072,2839,3060,3664,3029,2665,6573,3217,6150,3496,2975,3571,4841,2787,2809,7471,5322,2855,2942,2453,6439,3003,2893,3341,3361,9911,2987,4594,2990,2941,2863,2987,3288,3567,2907,2923,6415,8433,2773,2814,3144,6627,3386,2826,2488,2972,2745,3337,3101,4598,2875,3000,3235,10012,7266,4050,3129,2802,2658,2856,2720,2944,3387,3155,6694,3102,6700,2649,3270,3053,3281,3174,3262,6467,5905,3606,8399,3474,5145,4283,2850,8326,3010,3064,8411,186,185,223,161,104,130,119,123,128,127,177,186,149,151,136,166,181,203,253,124,287,187,166,131,142,127,258,218,109,381,202,151,163,180,130,119,205,129,92,380,119,140,100,104,717,103,131,212,285,235,151,128,202,184,232,172,159,263,218,277,222,260,182,128,318,204,372,178,145,123,189,174,162,308,188,145,122,147,191,167,227,83,147,460,246,120,153,365,344,294,165,400,487,106,141,366,167,134,112,382,202,103,218,143,162,123,145,170,265,189,149,199,197,181,205,138,226,131,144,108,175,161,169,197,230,312,253,175,110,197,295,161,143,355,285,117,117,355,205,351,190,169,151,185,558,108,116,439,188,198,164,495,138,182,448,165,143,202,119,155,152,174,515,118,124,193,211,401,132,187,142,209,175,190,476,392,150,140,204,118,147,175,219,107,250,147,398,156,268,99,106,157,416,169,165,156,161,178,397,123,140,153,214,135,564,142,141,213,96,116,91,177,142,315,188,346,209,165,142,206,155,125,502,135,119,471,171,196,180,145,107,293,143,276,469,253,141,116,337,178,142,157,152,385,160,279,469,165,197,171,236,149,500,226,168,163,186,460,377,143,151,146,215,171,252,136,120,436,388,98,166,154,141,134,455,145,183,135,160,557,154,330,176,159,136,128,141,163,124,272,477,175,138,272,139,308,91,309,179,116,10,25,14,11,3,7,22,8,6,8,9,5,8,7,9,10,16,12,9,28,10,14,10,15,17,7,10,16,9,11,7,5,8,23,5,16,6,11,4,5,5,6,11,7,18,8,9,6,9,8,9,13,10,30,7,10,22,7,8,10,7,8,18,8,15,9,14,7,7,7,4,14,9,6,7,6,16,11,9,9,5,6,6,5,8,11,13,13,7,10,6,7,14,4,8,6,7,13,14,4,25,7,20,19,6,8,8,12,4,9,5,8,6,7,5,11,24,7,11,13,6,7,10,16,8,19,8,29,6,5,12,12,8,12,12,13,26,5,27,9,5,10,10,8,7,6,9,5,7,8,20,8,10,8,8,9,5,8,26,21,9,6,8,13,14,5,5,8,5,4,9,7,16,6,10,7,12,19,10,15,12,8,9,7,6,6,14,11,11,26,8,11,9,4,4,6,4,6,6,7,598331,504039,481225,580370,591625,499622,498689,604780,511216,599885,1000000,1000000,1000000,1000000,1000000,1000000,1000000,1000000,1000000,1000000,0,0,0,0,0,0,0,0,0,0,0,0,0,0,0,0,0,0,0,0,21,23,20,17,21,20,23,22,21,19
WREN_T0,BatchB,0,3187,5897,3052,3467,2741,3305,5357,3052,4662,5443,3128,6892,5458,3269,6630,2732,2983,2725,3406,3423,3003,2737,3585,8288,3089,2947,6549,3043,3268,3488,3154,2867,2976,2881,3057,3095,3069,7628,3014,3235,6326,3200,2973,3027,3142,5955,2989,2993,3031,3242,4702,6308,2772,3064,7291,3008,2955,3105,5032,9187,2580,3310,2911,6760,3010,3073,2827,2816,3208,2862,2565,4004,2827,2995,2939,3046,5417,5984,3088,6677,3255,2926,2825,5922,2801,2733,2717,4411,2840,6351,6043,2939,2936,4226,2540,6238,6227,2943,2748,7952,2911,4858,3303,3067,2859,2783,3125,3052,7229,2918,3134,2791,3167,3129,2737,5264,2823,3072,3617,2840,2835,6355,2999,6379,2930,2930,3406,4616,2724,2766,8222,5392,2915,2625,2748,6363,2532,3253,3493,3389,10245,2915,4637,3003,3006,3136,3127,3384,3247,2876,3186,6428,8506,3249,3236,3265,5878,3057,2786,2716,2741,2953,3459,2629,5027,2945,2787,3263,9561,6407,3518,3098,2889,2686,2819,3051,3210,3088,2952,7607,3374,7671,2933,3469,3191,3354,2811,2648,6498,5847,3342,8895,3377,5279,4408,2794,8859,2613,3043,7403,133,205,209,166,82,156,121,106,136,121,189,179,163,124,144,200,130,217,212,114,298,158,153,121,152,164,211,242,121,321,209,143,160,199,128,125,201,160,123,414,102,134,126,100,743,116,131,232,239,223,138,145,192,228,235,175,178,183,203,351,268,253,154,147,291,165,379,125,143,150,208,147,167,365,185,175,130,88,171,200,202,112,158,479,222,130,167,329,275,267,149,330,478,113,135,295,164,137,111,336,215,124,154,140,148,108,158,207,223,195,165,224,238,160,176,128,255,128,148,112,185,119,193,160,194,332,246,160,131,200,339,162,119,303,285,103,124,473,179,339,198,165,142,159,499,98,141,334,191,191,179,451,142,163,448,192,139,211,110,134,139,176,438,129,129,210,250,393,145,164,133,198,164,178,417,417,142,151,216,131,150,164,264,106,269,121,385,152,263,103,84,160,595,133,205,144,176,148,454,119,151,145,183,128,668,146,135,166,107,117,119,191,97,222,236,334,181,180,167,209,162,116,449,95,132,582,163,217,161,177,115,249,144,255,414,296,115,111,382,143,148,149,173,336,150,275,516,121,179,170,244,168,554,211,183,166,168,411,404,162,158,128,254,217,265,166,134,473,432,142,134,136,149,158,374,146,179,126,141,592,161,400,171,174,145,171,158,144,136,323,458,153,154,238,147,313,113,266,216,110,13,24,14,11,3,6,22,7,7,7,11,7,6,6,9,9,21,12,8,35,8,12,10,11,17,7,11,15,7,9,8,7,7,22,6,16,7,9,4,5,4,7,11,6,20,8,7,6,8,8,8,16,7,33,7,11,21,4,7,12,7,10,22,7,14,7,15,7,9,9,5,16,8,5,8,6,19,12,7,9,4,6,6,4,10,12,9,11,8,9,5,9,10,5,9,6,6,8,20,5,24,8,26,18,7,8,7,12,5,9,6,7,6,8,6,10,22,8,13,11,7,7,9,14,8,15,6,21,5,4,13,15,8,12,15,19,20,6,22,8,5,9,12,7,8,7,10,4,8,7,24,7,12,8,9,10,7,8,31,19,11,5,9,13,17,5,6,9,5,4,9,9,18,7,8,8,13,22,9,20,15,7,8,7,6,8,10,12,10,23,7,14,8,4,6,7,4,6,6,7,4,4,4,4,4,3,4,4,4,4,0,0,0,0,0,0,0,0,0,0,1446,1658,1256,1315,1249,1900,1400,1648,1366,1338,1729,1472,1655,1484,1623,1508,1644,1546,1270,1306,21,23,19,17,22,21,24,21,19,18
WREN_T1,BatchB,1,3151,6042,3274,3159,2767,2792,5791,2729,4637,5644,3148,5557,5520,3623,6728,2775,3012,2735,2925,3104,3073,2798,3208,8979,3022,3149,6048,2910,2926,3017,3107,3025,2866,3040,3138,3023,2715,7654,2846,2938,7074,3008,2835,2830,2615,6284,3480,3004,2892,2678,4438,6974,2500,3126,8037,2869,3090,2916,6291,9153,2644,2820,3003,5888,3023,3101,3017,2777,3214,3090,2996,4532,3030,2783,2895,2786,5549,5821,3193,5657,2939,2822,3114,6562,2612,3036,2811,4684,3103,6473,6618,2897,2983,3995,2526,5787,6170,3021,2866,8319,3199,4938,2671,3369,2868,2857,2885,2711,6948,2576,2916,2768,3735,2845,3094,5341,3488,3056,3207,2854,2912,6708,3127,7041,3154,3023,3137,4440,2635,2598,7546,6029,2983,3006,2935,5845,2669,3317,3354,3729,11497,2854,4627,3198,2666,2738,3038,3089,3213,2860,3045,5724,8247,2920,2918,3374,5930,2991,2964,2720,3040,2692,3412,2981,5355,2940,2925,2874,9738,6433,4062,3052,2616,2786,2602,3025,3102,3117,2825,7393,3297,6762,2929,3498,2911,3449,2995,2654,5878,6297,3656,8120,3516,5345,4143,2696,8765,2849,3114,7682,217,206,217,179,108,146,124,124,114,140,180,263,125,141,139,173,177,178,232,136,347,155,145,120,148,160,235,220,129,282,189,123,167,223,126,149,207,133,117,435,113,138,102,102,799,103,121,214,278,270,125,167,206,175,222,191,132,231,218,325,258,271,172,154,337,180,399,149,132,161,200,156,157,400,226,135,157,116,191,134,222,99,185,367,227,157,163,308,264,290,127,455,458,93,164,285,141,150,89,296,234,105,180,153,169,128,129,201,240,231,181,212,239,173,160,144,310,134,191,95,159,146,150,148,231,333,286,141,123,225,318,183,124,316,368,106,136,388,211,401,197,157,150,147,631,105,127,358,181,183,129,474,126,181,412,152,157,209,122,145,144,169,483,110,162,215,226,321,131,179,128,185,166,185,460,361,147,141,209,123,139,178,259,104,247,122,375,156,295,112,99,126,478,202,156,148,161,152,364,121,156,118,189,148,480,145,146,158,96,107,111,198,143,386,249,358,188,212,159,184,164,150,509,122,117,554,151,202,161,160,98,318,140,259,475,326,118,113,310,166,155,167,138,370,148,233,497,142,168,180,238,157,445,229,170,140,225,510,432,154,191,130,240,160,236,122,147,576,388,120,169,163,172,134,437,143,212,111,171,585,150,334,149,140,166,137,158,183,126,316,457,151,132,283,126,307,96,252,230,117,8,25,13,13,4,7,21,8,6,8,11,7,9,9,9,8,19,12,11,24,8,17,10,15,14,6,10,12,6,12,8,7,6,25,4,16,7,10,4,7,6,8,11,8,20,6,8,6,7,9,8,18,7,26,6,13,14,7,7,9,7,9,15,7,16,8,15,7,11,6,5,14,9,7,8,5,17,10,7,8,5,5,6,5,7,12,9,11,7,11,6,8,10,5,9,6,7,11,22,4,18,6,19,22,7,7,8,10,5,8,6,8,6,9,6,11,21,7,13,11,8,7,8,16,9,13,5,23,6,3,10,15,7,11,13,17,19,5,27,8,5,8,11,7,6,7,8,4,9,7,26,7,12,10,10,8,5,7,34,20,11,8,7,10,12,4,5,9,7,4,10,9,14,5,8,8,14,21,10,19,15,8,9,6,6,6,9,10,10,22,8,13,9,3,6,6,3,5,6,8,3,3,2,3,3,2,2,3,3,3,1,1,1,1,1,0,1,1,1,1,94,94,79,82,84,102,98,98,89,84,94,99,89,95,93,92,100,93,75,74,22,21,19,16,20,22,24,21,19,18
WREN_T2,BatchB,2,3058,6403,3370,3350,2897,2827,5455,2915,4964,5656,2899,6488,5009,3244,6976,2793,3037,2629,2894,2921,2980,3062,3117,7929,3190,3198,6012,2935,2984,3242,3262,2958,2763,2816,2932,3213,3426,8247,2709,3320,7594,3193,3130,3215,3102,6365,3098,2955,2984,2988,4278,6693,2803,3018,7935,2886,3167,3407,5387,9208,2883,2852,2863,6323,3021,3008,2754,2644,2997,2906,2541,3995,2746,3025,2930,2951,4739,5858,3073,6102,2718,3010,3014,5805,2733,2820,2720,4459,2742,5809,6125,3160,2863,4453,2573,5980,5823,2991,2916,6873,2868,5296,2973,3130,3054,2970,2938,3163,6570,2454,2907,3089,3678,2780,2859,5348,2866,3386,3479,2690,2876,6663,3191,7221,3229,3163,3451,4314,2770,3188,7344,5985,3239,2961,2896,6389,2739,3097,3430,3462,10878,2625,4235,2940,2926,3115,2856,2666,3336,3059,3146,6559,7998,2632,3055,3247,5598,3481,2996,2538,2839,3099,3201,2771,5129,2739,3140,2965,8601,6103,4073,3258,2755,2832,2582,3007,3549,3050,2941,6500,3434,6847,2616,3269,2921,3074,3210,2609,6787,5398,3268,8294,3765,4674,3843,3112,7885,2964,2909,8297,157,201,213,190,88,148,132,105,115,158,194,198,173,140,114,196,178,166,257,120,296,147,125,111,150,173,295,219,130,223,192,145,197,186,146,120,195,152,123,392,139,158,99,103,694,124,115,211,294,221,147,173,226,190,271,182,140,230,220,259,262,218,175,136,309,174,455,156,127,138,191,160,148,409,197,166,119,106,170,150,226,101,189,431,245,115,157,313,299,264,153,539,512,112,146,333,151,141,104,376,210,109,160,145,124,116,131,199,228,228,206,220,206,142,172,134,241,130,202,101,188,146,196,163,210,314,271,145,116,195,322,186,134,289,357,126,142,398,191,344,165,130,148,135,539,101,106,301,174,188,122,466,126,143,469,141,137,191,131,137,148,145,484,167,153,186,228,363,166,219,159,214,166,167,552,323,130,115,172,105,141,181,261,95,218,108,321,146,281,130,89,151,438,201,158,155,191,160,425,107,121,149,167,158,569,146,151,172,101,125,130,224,128,358,267,342,188,242,145,178,134,118,378,120,110,395,189,202,199,152,122,273,139,304,441,296,142,138,416,153,148,153,195,344,133,252,521,147,187,139,262,159,556,223,144,169,160,535,363,160,157,128,216,185,213,119,121,542,359,121,152,159,134,158,372,170,162,116,140,571,152,409,138,167,134,143,239,165,128,354,428,178,132,250,125,359,98,325,221,122,8,22,12,12,3,7,23,9,5,8,12,8,8,7,9,7,25,12,8,32,9,16,11,13,14,8,11,12,7,11,9,6,7,21,5,13,7,11,4,7,5,7,13,8,21,7,7,6,8,6,6,18,7,22,8,10,20,6,6,12,6,6,16,7,12,9,14,7,8,7,5,12,7,7,8,4,19,10,7,10,4,6,7,6,9,12,10,12,8,11,5,7,13,5,9,7,6,7,19,5,18,6,27,17,7,11,8,9,4,9,6,6,6,7,6,13,24,8,11,12,6,7,7,15,10,16,6,24,6,3,11,15,6,10,13,15,18,5,22,10,6,8,12,7,7,7,8,4,9,8,26,6,13,10,8,7,5,9,24,23,11,6,8,12,14,4,5,10,6,4,8,8,21,5,10,8,12,22,9,21,17,8,10,6,6,8,8,11,10,18,8,10,12,5,5,6,5,8,5,9,10253,9479,8645,10684,11111,8572,9046,10635,10832,10399,239981,264899,213901,246254,225464,232488,220240,266028,231451,209033,1,1,1,1,1,1,1,1,1,1,1,1,1,1,1,1,1,1,1,1,20,23,19,16,21,22,25,21,19,19
WREN_T3,BatchB,3,2911,5820,3247,2826,2829,3018,4813,2877,5693,6144,2646,5755,5201,3585,5925,2757,2859,2542,3175,3078,2772,2890,3430,8345,3173,2962,6584,3187,3332,2885,3234,2819,3263,2877,2830,3418,3155,7222,2951,3151,6755,3063,3037,3060,3104,5819,2896,2987,2964,2959,5038,6359,2688,3184,7733,3260,2968,3294,5619,9730,2859,2687,2963,6363,3079,3126,2885,3036,3236,2927,2769,5149,3071,3170,3031,3186,5682,5756,3213,5821,3419,2631,2619,5675,2774,2930,2869,4159,2934,7078,6092,2614,3205,4813,2784,5969,5990,2943,2870,6999,2785,5356,2846,3280,2730,2790,2687,2990,7159,2587,2742,3023,3629,2832,2831,5420,2982,3070,3047,3144,3048,6603,3088,7559,3010,2874,3093,4663,2865,2729,7469,5800,3059,3348,2944,6402,2964,3289,3382,3160,9575,2682,5062,3168,2654,2973,2972,2993,2988,2963,3140,6684,8744,3101,2757,3226,6826,3054,2815,2791,2903,2604,3437,2944,5357,2555,3001,2879,10115,6873,3971,2772,3185,2653,2912,2866,3344,2916,3106,7503,2771,7034,2970,3453,2869,3130,2779,2920,5953,5334,3159,8194,3543,4994,4392,2921,8250,2898,2943,9047,142,201,228,183,104,126,138,125,131,137,194,220,129,124,131,188,143,214,257,104,306,179,154,117,167,135,261,238,120,329,242,115,184,223,129,119,233,157,114,377,154,161,91,119,679,117,121,197,287,225,124,165,224,218,274,182,153,250,197,324,238,251,153,113,295,209,361,183,167,124,185,145,183,433,191,143,145,111,201,161,245,108,163,415,208,134,167,365,350,241,133,397,543,123,146,390,183,145,94,319,197,103,152,133,171,114,127,183,242,221,197,192,249,194,239,158,254,130,177,125,205,143,212,170,242,305,236,150,115,207,341,144,116,368,312,109,147,403,190,393,182,143,146,172,518,135,107,408,200,183,143,528,133,195,425,173,168,201,129,138,140,169,487,123,150,245,270,420,173,169,113,192,192,189,431,391,170,124,193,137,141,191,265,115,310,144,382,176,246,114,90,199,444,189,172,149,198,152,377,146,128,171,181,113,578,140,123,162,111,127,96,205,126,333,212,340,208,201,134,189,151,122,490,118,116,555,167,207,172,142,117,261,136,273,417,279,134,110,310,190,163,156,155,341,128,232,452,124,191,154,232,125,617,213,161,146,177,509,399,140,170,126,241,173,274,111,153,422,365,114,157,130,162,177,456,126,201,108,166,427,136,350,144,188,142,140,177,174,124,281,386,152,148,275,162,378,106,313,227,112,13,17,15,12,3,7,21,10,8,10,12,6,8,8,8,8,18,11,7,38,7,16,9,14,13,7,9,13,10,10,6,6,6,21,4,13,7,10,3,7,5,6,11,8,18,7,7,5,10,10,8,15,8,29,6,11,21,6,6,14,7,7,18,6,15,9,12,5,9,8,6,15,10,7,9,5,17,10,7,9,4,5,7,7,8,13,11,9,7,13,5,8,13,6,11,7,6,8,20,6,21,5,20,23,6,10,9,10,5,7,6,8,6,8,6,10,20,7,13,10,6,9,8,13,10,15,7,22,5,5,11,11,7,11,15,15,15,6,23,9,6,8,13,8,7,6,8,5,7,6,22,8,10,10,9,8,7,8,32,18,12,7,6,12,14,6,5,8,7,4,8,8,18,5,11,7,14,21,9,16,15,7,9,6,5,7,10,12,11,22,9,12,10,4,6,6,4,6,5,7,100758,99563,87612,93235,87059,93549,86929,88365,91235,100022,1000000,1000000,1000000,1000000,1000000,1000000,1000000,1000000,1000000,1000000,0,0,0,0,0,0,0,0,0,0,0,0,0,0,0,0,0,0,0,0,23,21,18,17,20,20,22,20,19,18
BELLOT_T0,BatchB,0,2848,6256,3271,3101,2783,2942,5456,2731,5134,6648,3214,6205,5526,2977,6398,2981,2729,3077,2863,3133,3324,2890,3056,7920,2755,2879,6660,2906,3212,2872,3320,3074,2542,2693,3357,3054,3032,7232,2968,3122,6813,3285,3121,2926,2776,5943,3035,3232,2895,3200,4709,6225,2804,3007,8739,3003,3114,3343,6700,9077,3047,3041,3117,6268,2959,2809,2861,3158,2846,3322,2653,4213,2778,2740,2860,3499,5788,6413,3138,5756,3240,2835,2985,5949,2644,3039,2744,3987,2877,6057,6107,3066,2917,4155,2707,6187,5741,2717,3269,8340,3103,5522,2810,3345,3049,2895,2722,2711,6679,2660,2799,2710,3317,2805,2961,4986,2872,2839,3296,2977,2695,6430,2849,6119,3111,3255,2948,4110,3114,2877,7682,5927,2975,2910,2758,6034,3073,3402,3218,3495,10406,2683,4900,2963,3185,3118,2744,3057,3365,2840,2938,6414,9109,2815,3033,3278,6105,3216,2909,2817,2785,2833,3521,2662,5165,2886,3092,3168,9628,7090,4103,2610,2981,2578,2661,3057,2973,3137,3075,7707,3054,7076,2895,3159,2906,3039,3141,2631,6350,5112,3071,7971,3641,4912,4286,2562,8723,3092,3001,8919,170,195,229,159,92,141,130,118,125,141,178,225,134,145,138,169,177,189,276,124,283,162,180,134,137,152,289,205,113,321,236,145,170,158,120,127,200,134,137,378,96,164,109,97,785,97,117,212,221,241,161,163,217,191,228,177,181,253,214,299,273,318,153,135,348,163,396,148,159,170,201,187,127,382,192,166,125,124,160,146,213,88,167,506,223,138,143,315,282,250,147,385,516,93,138,317,177,144,106,288,200,104,175,165,149,119,139,199,262,198,170,203,218,165,118,153,226,129,181,122,147,135,170,178,185,238,291,131,115,211,294,147,123,355,268,135,130,531,182,339,184,119,140,149,642,94,120,371,195,233,165,483,116,166,490,146,191,188,104,145,141,150,434,120,158,221,236,330,154,149,149,171,171,181,451,397,153,130,186,142,159,191,242,106,208,156,397,202,260,111,80,166,508,130,187,153,168,152,376,130,118,175,215,159,622,143,150,151,101,126,125,175,123,269,208,386,185,186,141,227,155,137,484,104,104,582,175,170,160,148,124,242,150,324,496,274,148,117,311,140,137,152,140,431,123,235,398,128,211,146,225,152,514,282,134,140,188,497,470,146,183,134,230,174,226,131,122,430,387,121,161,135,146,168,412,148,175,129,165,570,142,302,174,155,161,139,164,206,126,305,423,167,132,248,145,349,104,372,203,124,11,24,12,11,3,8,24,7,7,9,10,8,7,6,8,8,22,12,9,35,9,12,11,16,14,7,9,15,7,12,6,5,8,18,5,13,6,9,5,5,6,6,15,8,17,9,7,6,9,9,9,18,9,32,8,12,18,7,8,10,6,7,19,7,15,9,14,6,9,7,6,14,6,7,8,6,19,11,7,7,4,5,8,5,10,14,9,9,7,11,6,9,10,4,8,7,6,9,14,5,21,8,19,17,7,8,8,10,4,9,5,8,5,7,6,11,25,6,11,10,7,7,9,17,8,14,8,23,5,4,12,14,7,10,16,16,18,7,22,8,5,11,13,8,6,6,8,5,7,8,23,8,13,10,6,10,6,7,32,26,10,7,8,11,15,5,5,8,6,4,12,7,20,6,10,7,13,20,9,20,14,8,10,8,6,7,10,14,10,17,6,12,9,4,7,6,4,6,5,8,14,13,12,12,14,12,11,14,13,15,1,2,1,1,1,1,1,2,1,1,178,200,151,179,158,209,197,183,179,166,196,187,194,180,187,186,186,193,149,157,23,21,19,17,20,22,24,22,20,20
BELLOT_T1,BatchB,1,3007,5890,2991,2978,2404,2848,5243,2649,4803,6268,3079,5730,5305,3225,6598,2984,2888,2803,3090,2939,3003,2856,3284,7793,2836,3222,6128,2850,3251,2877,3073,2783,2880,3227,3208,3196,2951,7736,2617,3392,6648,2988,3013,2830,3103,5511,2905,2703,3256,3108,4986,7221,2922,3200,8187,2780,2874,3101,5255,8309,2853,2982,3020,6287,2720,3042,2934,2990,3294,2911,2587,4412,2774,3374,3096,3032,5649,6465,3246,6329,3501,2890,3037,6168,2939,3047,2829,4444,3129,5927,6449,2769,3005,4202,2716,6402,6863,3033,3095,6906,2682,5100,3177,2965,2811,2739,3048,3063,6709,2815,3103,2876,3766,2775,3083,5846,3010,3075,3145,2861,2857,6965,2951,6549,3309,3002,2991,4870,3073,2802,8083,5990,2784,2782,2560,5773,3175,3287,3229,3755,10410,2906,4733,3222,2867,3158,3164,2985,2999,3140,2659,6448,7888,2947,2924,3413,5815,3206,2654,2839,2899,2803,3458,3106,5436,2890,3191,3154,10011,6045,4059,3078,3081,2926,3054,3437,3025,2967,2973,7632,2968,7616,2947,3150,2892,3419,3077,2882,6209,6507,3376,7943,3505,4905,4339,2998,9003,3008,3199,8038,156,220,198,191,89,133,107,141,130,170,196,171,158,121,148,188,155,192,218,106,311,148,166,128,172,162,218,217,141,277,218,124,148,172,121,145,218,132,167,366,129,135,119,107,769,115,130,216,257,253,162,156,248,206,211,187,148,225,193,273,257,268,168,137,280,183,321,160,165,141,186,154,190,302,187,172,110,120,204,148,290,106,181,510,256,143,147,318,323,239,138,349,476,101,152,289,151,146,141,323,185,107,171,131,146,125,133,197,244,198,166,194,237,155,187,151,322,114,164,100,154,146,164,155,285,304,225,165,133,189,365,157,125,338,311,128,122,493,172,398,178,158,146,139,524,90,121,387,191,185,149,461,134,170,488,150,158,185,130,151,133,157,488,142,132,203,215,394,150,191,157,169,147,173,458,411,164,111,183,121,153,194,254,136,275,124,419,140,229,116,98,163,485,143,163,127,190,144,365,139,151,163,164,159,501,134,141,168,109,151,119,196,138,346,212,363,175,214,186,219,165,113,525,100,109,499,171,195,159,155,108,304,143,289,355,294,171,122,331,151,158,178,161,422,140,268,528,133,200,169,234,146,564,220,137,161,199,452,470,146,133,122,188,172,261,135,142,506,523,124,141,136,124,170,342,134,221,135,163,506,147,339,126,166,142,137,145,163,140,283,422,153,117,247,142,345,105,279,207,116,10,33,16,14,4,7,21,7,6,10,10,6,7,6,10,8,22,10,10,28,10,19,9,14,14,7,10,13,7,10,9,5,5,18,6,12,7,9,4,5,4,5,14,6,18,7,7,7,9,7,8,21,8,33,8,13,21,6,7,12,7,8,17,6,14,9,13,7,7,10,5,16,9,7,6,4,15,10,6,9,4,5,6,5,8,14,9,11,8,11,6,7,12,4,9,5,7,9,17,5,23,6,18,21,6,9,9,9,5,8,5,10,6,8,6,11,21,8,12,11,7,7,10,14,8,15,5,18,6,4,11,16,6,11,13,14,19,5,23,10,6,10,13,8,9,6,9,7,8,6,22,6,13,11,10,6,6,7,31,17,11,7,8,10,17,4,5,10,7,5,10,11,16,6,9,7,15,17,9,19,14,9,11,6,8,7,8,11,11,21,9,12,8,5,6,6,5,6,5,6,11865,10408,10510,10280,11948,9164,9118,11446,10666,11655,2050,2143,1824,1851,1984,1892,1783,2385,2057,1945,106,116,94,88,101,120,101,113,99,98,110,108,109,103,113,101,123,119,105,86,20,23,19,17,20,23,25,21,21,18
BELLOT_T2,BatchC,2,2823,2827,3091,2747,16281,2734,6181,13504,2994,2687,13258,11923,5992,20866,3291,2563,3046,2796,3223,2880,13757,11523,3198,7405,6150,15491,3030,13896,2828,8719,3284,3312,2733,5065,3238,3216,3357,8342,2599,3109,3033,3208,2708,2937,3114,3102,19770,2649,31765,16167,2878,3242,2654,3083,2794,3165,17030,6413,9712,3235,2706,2932,2889,19287,3038,3326,2930,12484,3428,2836,3273,6792,2808,2726,3090,3047,3079,14934,3387,20650,3249,3355,3051,8966,2513,3334,3151,3118,24685,3166,2724,2567,2886,3216,9943,15399,8823,2882,2945,2693,2740,3044,2857,4977,2607,3064,2809,2851,3137,2549,3005,2890,2678,5098,3036,2917,3155,2962,6518,14401,2846,2918,3125,3155,3209,3163,3379,2818,11829,2703,3042,2665,22406,2786,2739,8288,2993,3076,3117,13120,3134,3061,2438,3002,3110,2853,10550,3153,2693,3057,2893,11915,2855,2922,3979,3135,2733,37537,2983,18355,2729,7175,16623,10220,3205,3027,27589,20369,3162,26379,3045,3224,2795,2743,7303,12046,2806,2949,2738,3019,17717,10224,2931,2850,2992,3386,14949,2602,15019,3158,12133,2771,3060,9340,2994,4464,2754,22453,2771,2901,183,663,170,175,86,172,328,105,126,136,189,105,471,133,128,563,181,201,158,145,140,162,400,1668,155,170,1172,210,127,1210,109,124,146,162,142,122,108,398,111,574,126,1157,102,311,698,106,105,871,257,129,163,139,215,126,153,198,152,143,150,109,376,158,517,811,839,785,173,640,125,147,312,159,146,2030,1109,152,115,174,199,146,172,115,170,127,90,116,148,180,467,146,153,157,168,114,133,155,721,625,86,909,177,111,171,127,135,139,151,377,183,234,178,626,1655,147,180,151,153,475,173,114,185,778,195,176,209,150,114,805,192,130,235,215,141,122,141,337,708,162,201,530,101,1579,144,174,186,877,123,179,665,190,149,170,142,448,182,161,168,730,139,426,131,597,171,1485,152,181,130,1066,153,200,147,833,502,182,158,1131,1107,103,403,152,347,194,719,206,104,569,166,922,144,512,379,156,125,154,653,182,177,160,407,113,145,156,174,218,158,577,842,191,90,132,101,96,421,794,170,166,171,187,153,177,816,115,131,114,117,160,542,195,1518,151,112,139,134,100,157,771,136,432,123,158,132,156,153,191,131,107,203,142,167,167,129,172,1346,217,154,129,179,260,284,154,170,139,713,340,120,453,138,204,189,122,184,128,133,142,188,150,147,115,159,975,562,188,149,556,418,142,118,145,324,156,976,649,136,458,126,155,264,421,91,100,33,8,19,13,3,6,13,58,16,9,5,6,8,42,9,6,27,6,10,10,13,6,10,38,11,37,10,10,13,11,7,27,6,9,17,9,6,11,8,20,12,23,31,7,39,43,9,6,9,9,11,9,10,63,6,5,6,42,33,13,24,8,48,10,10,6,7,15,46,9,36,49,7,6,8,4,13,10,7,39,4,12,7,5,10,36,8,19,130,11,4,8,12,4,10,6,5,7,8,5,8,7,22,6,24,25,9,7,6,7,6,8,5,9,6,7,10,8,6,9,23,7,17,6,7,7,39,11,5,4,8,43,6,6,6,16,8,15,8,12,12,7,12,9,8,24,63,14,7,7,36,7,12,7,21,9,6,8,64,8,12,9,6,7,7,60,5,9,6,4,23,8,6,4,9,35,12,9,7,8,7,18,11,26,17,6,9,49,9,8,21,22,12,32,6,5,13,6,39,6,0,0,0,0,0,0,0,0,0,0,0,0,0,0,0,0,0,0,0,0,8,8,6,6,7,9,8,8,7,7,8,7,8,8,8,8,8,8,7,6,22,21,19,18,20,22,23,21,20,18
CHRISTIE_T0,BatchA,0,3136,2944,3046,3262,2946,3101,3011,2857,3019,2721,3068,2910,2940,3043,2898,2496,3153,3024,3345,3242,2741,2944,3390,3144,2963,2966,2680,3243,3202,3063,3258,2872,2935,2886,3200,3345,3109,2883,2873,3160,3094,3230,2735,2902,2909,3074,2961,3136,2873,2697,2985,2866,2653,3103,2786,3181,3065,3281,2609,2956,3061,2746,3258,3189,3120,3006,2804,2853,3010,3030,2887,3208,3167,2876,3174,3391,2948,3206,3116,3011,2901,3101,3011,2507,2662,3042,2815,3043,2816,2712,2930,2885,2705,2852,2815,2858,2999,2852,3066,2617,2919,3122,3121,2876,2652,2791,2775,2813,3154,2817,2944,3332,2897,2758,2666,2988,3040,3143,3518,2959,2764,2894,3058,3173,3101,2987,2932,3142,3133,2874,3040,2746,3366,3070,2659,2894,3095,3244,3261,3479,3535,2629,2765,3198,2790,2576,2798,3125,3147,2940,2969,2605,2646,3058,2971,3079,3225,3074,2915,2636,3002,2909,3327,2997,2953,2868,3358,2941,2662,3099,2933,3262,2983,2801,2726,2815,3352,3121,2701,2940,3486,2859,2739,2981,3053,3116,3374,2851,2724,3050,3260,2897,3382,3107,2843,2932,3101,3025,3086,3137,154,198,126,162,112,163,123,127,125,135,213,105,164,129,160,166,163,193,133,148,144,173,178,102,158,161,271,178,122,145,108,125,135,175,115,134,100,173,124,138,120,153,112,121,252,114,117,233,286,114,130,160,238,131,152,169,193,175,157,137,154,122,198,127,196,190,124,152,174,140,108,144,154,222,214,164,126,118,234,157,163,110,175,172,129,126,156,157,126,173,128,157,196,99,157,151,178,153,94,158,208,116,207,145,141,112,147,201,136,207,182,167,180,151,186,141,172,115,160,127,194,122,185,150,227,139,133,157,104,124,179,167,121,116,156,117,131,164,175,131,107,161,174,165,226,120,134,161,97,201,142,204,139,178,216,161,163,160,107,140,157,141,151,118,160,207,143,117,168,160,119,207,194,196,166,235,148,110,165,130,143,188,98,106,123,121,164,176,130,106,85,147,142,140,188,131,182,151,165,129,155,142,159,139,153,143,146,174,98,125,85,89,131,172,147,136,168,191,165,238,131,119,134,112,119,149,207,195,103,136,124,153,143,97,182,129,120,117,131,140,142,140,162,166,148,116,174,126,221,151,132,156,186,230,152,150,184,175,132,175,141,101,109,126,115,149,134,213,195,110,186,124,148,170,151,136,186,122,127,231,166,234,168,167,186,129,147,157,151,154,153,156,162,162,150,206,114,164,98,109,11,11,5,5,3,6,15,9,7,8,4,7,8,7,10,10,10,6,9,9,7,6,11,7,7,7,10,9,7,10,7,6,7,10,6,9,6,12,4,6,5,5,7,7,7,8,8,6,9,11,8,10,8,12,7,7,7,7,4,7,7,8,8,7,10,7,7,6,8,7,5,7,8,6,7,6,10,11,8,8,4,6,7,6,10,11,4,5,8,11,6,8,12,5,5,6,8,11,9,4,7,7,9,6,6,10,9,9,5,10,6,7,5,8,5,5,9,7,6,12,6,7,7,6,8,7,7,11,6,3,13,16,7,5,7,7,7,6,11,7,5,11,13,9,7,7,11,4,6,7,12,7,11,5,7,6,6,9,11,7,5,6,6,8,7,5,6,7,7,4,10,9,6,5,8,9,14,7,8,7,9,9,10,5,6,6,10,10,7,5,9,8,9,4,5,5,4,5,6,7,1,1,1,1,1,1,1,1,1,1,0,0,0,0,0,0,0,0,0,0,78,91,61,67,67,88,80,75,69,69,81,81,77,68,86,71,83,78,61,70,22,22,19,17,18,21,24,22,21,18
CHRISTIE_T1,BatchA,1,2722,2843,2998,3148,2865,3008,2801,3023,3003,2692,3165,3360,3480,3127,3208,2997,3079,2888,2911,2933,2963,2852,3402,2873,2893,3098,3023,3297,3014,3016,3439,3035,2948,2572,3163,3271,2917,2633,2631,3099,3361,3108,2965,3306,2785,3138,3102,2707,3366,2898,3199,3018,2729,2999,2651,2805,2688,3225,2885,2823,2564,3035,3083,2984,3144,2982,2856,3014,3413,3163,2741,2813,3061,2784,3273,3241,3195,3175,3173,2657,2820,3030,3061,2770,3047,2999,2848,2843,3232,3244,3214,3096,2906,3091,2910,2474,2764,2854,3316,2907,2893,2918,3133,3218,2941,3232,3110,2681,3323,2719,2898,2679,2979,2792,2975,2689,2848,2950,3230,2940,2930,2945,2811,2859,3035,2789,3221,2929,2762,2694,2593,2797,3073,2904,2925,2923,3026,3202,3439,3248,3069,3034,2753,2987,2678,3190,2896,2931,2978,3322,2774,2834,2808,2857,3105,3016,2822,3229,2992,2915,3114,2979,3202,2918,3238,2844,3610,2970,2882,2837,3214,3005,3261,3033,3010,2990,3372,3506,3081,2868,3132,3012,2781,3225,2994,3251,3285,2787,2656,3177,3822,3020,2759,3177,3021,3082,3020,2865,3074,2881,167,176,155,205,85,143,120,112,128,149,193,125,148,125,140,193,161,167,144,165,160,186,141,114,146,140,294,250,108,132,99,139,159,197,116,140,93,141,132,148,120,149,94,123,199,128,109,187,259,133,127,177,222,122,123,178,183,126,148,131,135,159,140,151,155,181,151,180,171,154,165,149,120,260,201,141,115,95,180,153,151,106,185,176,131,124,131,142,150,146,137,128,175,100,131,176,180,129,105,121,212,128,201,102,154,122,156,197,151,206,159,141,179,158,148,130,193,132,190,139,177,128,197,158,214,160,114,115,101,126,213,176,133,134,127,104,138,154,172,169,92,166,130,141,219,79,147,152,91,231,157,148,120,182,169,167,190,160,106,141,161,150,169,121,141,192,121,135,169,202,163,185,177,181,178,237,129,106,203,146,164,173,97,122,120,115,158,162,133,95,111,169,156,172,186,134,194,166,171,135,157,169,175,137,175,141,148,179,100,119,105,92,119,166,143,137,220,219,156,177,177,133,132,124,137,141,161,188,125,185,115,177,135,98,168,127,118,115,121,148,124,174,162,218,137,101,171,165,179,169,136,138,257,252,145,188,184,129,166,150,173,129,109,109,128,131,134,207,173,134,180,137,146,149,146,128,195,131,170,228,158,221,137,190,128,147,129,172,124,172,166,147,131,200,140,199,113,131,82,115,9,11,7,5,3,9,15,9,7,7,6,5,7,7,8,9,8,6,12,9,6,5,11,7,9,7,10,8,10,12,5,5,7,8,4,8,8,12,5,6,5,6,8,6,7,6,8,7,8,10,9,8,8,12,5,7,7,7,5,6,7,10,6,6,10,11,6,7,8,9,6,7,8,6,8,6,11,12,8,10,4,6,8,7,8,14,5,5,7,11,7,8,11,4,4,7,7,8,8,5,8,7,9,7,7,8,10,9,6,9,5,7,7,6,5,5,8,10,6,11,6,7,9,6,7,7,7,9,6,5,10,14,7,5,8,7,8,6,7,9,5,9,14,10,6,7,8,4,9,8,11,7,10,6,10,8,7,7,11,7,6,9,6,8,7,4,6,7,6,4,9,6,6,5,11,6,18,7,7,9,9,7,10,6,7,6,9,9,6,7,8,7,9,4,6,5,4,7,6,7,256,220,197,217,238,192,201,225,220,252,65,60,52,57,59,52,52,67,60,56,76,84,62,65,72,87,80,79,71,67,77,75,82,77,74,79,82,82,63,63,20,21,18,16,20,22,21,21,20,20
CHRISTIE_T2,BatchC,2,2815,3219,3205,2914,16556,2780,6404,11816,3040,3058,13645,11381,7088,20516,3210,3086,3040,3166,3084,3066,14115,11168,3433,7207,5680,16311,2995,14201,3088,8155,2975,2768,3043,4963,3142,3270,2963,7974,2924,2893,2878,3202,2738,2974,2875,2829,20708,3284,33926,16443,2926,3054,2514,3251,2982,2562,16344,6490,10548,3077,2691,3048,3148,18837,3324,2790,2761,13388,3248,2701,2647,6877,2709,3347,3189,3049,2858,15784,3072,18900,3128,2668,2800,10007,2949,2953,2754,2619,24964,3224,3386,3348,2661,2781,9986,17272,7917,2730,3290,2858,3059,3084,3017,4334,2611,3226,2815,2976,2990,2930,3041,3299,2756,5636,3098,2743,2916,3087,6823,12021,2978,2922,2887,3051,2997,3334,3189,2823,11213,2832,3103,2757,25103,3105,2485,7717,3056,3111,3416,13492,3191,2831,2613,3064,2821,3027,11846,2622,2978,3089,3058,11205,2553,2910,4104,3266,2683,33523,2969,19322,2875,9061,15166,9647,3136,2831,24765,19314,2929,29551,2730,3199,2631,2782,7774,12883,2940,3181,3016,2919,14930,9669,3026,2877,3240,3294,15316,2798,14693,3088,12226,3251,3085,10822,2934,3796,3215,21074,2898,3082,168,747,138,155,83,149,431,103,117,143,154,100,369,136,132,531,170,189,139,153,122,153,451,1454,167,144,1193,196,123,1162,119,126,119,168,122,137,97,401,153,490,116,1153,102,359,738,100,128,891,263,110,112,143,241,130,170,183,160,139,151,100,326,114,448,711,937,692,123,653,147,159,376,193,124,2312,798,178,113,166,171,180,154,92,165,152,139,127,157,141,398,142,132,158,215,85,162,162,637,736,121,985,201,101,154,148,155,120,134,329,186,192,189,467,1584,162,200,127,158,527,156,107,150,792,195,175,218,152,101,787,200,129,194,163,146,126,149,299,923,163,192,532,93,1790,149,168,193,692,149,180,728,202,177,179,126,628,205,164,134,821,153,384,131,473,201,1735,140,202,136,1074,130,175,159,941,499,185,155,866,816,102,469,133,406,191,745,208,115,653,146,857,175,460,477,141,165,142,626,140,165,174,433,133,147,142,133,213,160,491,1053,164,108,136,116,107,410,815,122,165,191,195,149,191,627,112,128,108,130,132,483,206,1334,148,111,165,155,98,194,1055,110,415,162,150,142,162,167,176,130,102,194,122,174,176,144,170,1314,223,141,186,153,193,241,128,142,133,696,328,117,495,165,206,159,139,150,152,129,122,171,121,221,123,142,838,460,191,184,546,564,145,129,144,329,183,996,574,154,489,140,176,238,406,84,101,35,9,20,15,3,8,14,52,14,8,5,6,8,31,8,9,24,6,10,11,13,6,11,29,10,29,12,12,11,10,9,21,6,9,22,8,6,9,7,24,14,23,29,6,43,45,8,5,9,9,8,8,8,43,7,7,5,44,32,17,23,9,34,14,10,9,6,16,36,9,30,54,8,6,8,4,13,9,7,35,4,14,7,6,8,39,10,27,151,12,5,8,12,5,12,6,7,10,9,5,10,5,27,6,23,14,8,7,4,10,5,9,5,9,6,5,8,8,7,11,19,9,18,5,9,7,24,11,5,3,10,53,7,5,7,21,6,15,8,12,12,8,14,9,6,19,85,13,8,8,46,7,13,6,23,8,7,9,63,7,14,8,7,7,9,68,5,7,6,4,29,9,5,6,10,34,15,8,8,8,9,15,9,26,16,7,7,54,6,6,25,17,8,27,7,6,13,8,34,5,0,0,0,0,0,0,0,0,0,0,0,0,0,0,0,0,0,0,0,0,22,25,16,19,20,24,25,23,19,19,21,24,23,22,21,21,23,24,18,19,24,20,17,17,23,20,24,22,20,18
FRANK_T0,BatchA,0,3170,2755,2779,3016,2710,2885,2896,2915,2788,2721,3071,3304,2964,3080,3005,2856,3305,3008,2975,3040,2921,3015,3287,2911,3109,2767,2958,3147,3146,2941,3344,2751,3079,2902,3497,3007,2908,2764,2856,3269,2915,3060,2800,2819,2871,3127,2990,3296,3130,3137,3075,2916,2723,2898,2817,3393,2808,3400,2732,3438,2705,3143,3104,3486,3075,3090,2826,3199,2874,3129,2688,2946,2840,2864,2707,3383,2913,3210,2978,2803,3109,2628,2939,3035,2567,2988,2799,3338,3299,3072,2898,2746,3206,3060,2648,3001,2938,2949,3392,3113,3182,3103,3374,3332,2673,3107,2670,3153,2940,2541,3049,3107,2968,2723,3551,2799,2905,2885,3275,2740,2553,3186,2943,3002,2836,3400,3313,2659,2728,2763,2967,2717,3019,3098,2796,2820,3323,3208,3171,3321,3030,3020,2657,3062,3060,3065,3269,3115,2928,3328,3051,2862,2890,3004,2830,3202,2925,3274,2710,2650,2682,3262,3281,2725,3143,2688,3151,3128,2980,3162,2943,2965,2844,2608,2870,3057,3714,3037,3078,2845,2974,3423,2562,3286,3293,3228,3123,2669,2885,3047,3619,2824,2975,3483,2675,2663,2895,3040,3048,2910,163,228,144,167,114,171,119,93,125,141,195,128,163,129,140,206,186,234,133,132,154,138,187,114,143,172,266,230,125,157,98,130,139,196,116,127,102,131,113,129,117,161,105,108,234,99,107,207,239,115,109,165,221,122,125,158,201,183,160,144,136,121,158,117,150,153,157,170,137,130,110,153,157,212,198,146,120,102,182,194,142,95,182,165,122,132,197,143,148,101,137,147,195,84,153,174,168,158,107,175,214,108,187,151,162,113,143,212,198,183,203,146,206,136,197,154,189,132,179,133,187,146,214,173,215,173,108,153,110,126,185,156,124,126,148,128,139,165,217,154,111,166,183,171,203,92,115,165,122,205,156,168,127,160,174,155,147,160,122,146,157,152,181,127,173,211,104,138,152,185,166,200,207,189,147,244,138,89,215,139,153,184,117,108,110,125,139,153,161,126,93,136,124,153,169,166,178,153,162,145,122,172,166,146,179,181,181,186,85,98,91,90,120,186,143,179,168,212,147,210,173,120,114,104,123,107,163,199,138,157,111,159,134,107,171,115,142,129,151,161,134,153,188,160,128,98,180,143,192,175,138,167,200,233,159,127,183,115,146,152,162,117,110,88,105,152,151,223,223,129,167,105,136,150,175,144,185,129,167,275,170,200,139,158,134,147,119,135,119,155,227,145,156,193,125,186,98,144,105,117,11,9,7,5,4,6,15,8,6,8,4,6,9,8,8,9,8,6,10,13,6,5,12,7,12,6,10,8,9,11,6,6,6,8,5,10,8,8,4,6,4,7,9,8,5,7,8,5,9,9,8,10,7,11,8,7,6,6,6,5,8,9,6,6,8,8,8,6,8,8,5,6,9,5,8,5,10,11,7,8,4,5,6,6,9,10,7,6,7,11,6,9,14,5,4,7,4,9,7,6,9,7,9,7,7,8,11,8,4,9,6,6,5,9,6,5,11,8,7,11,6,7,7,5,9,7,6,10,7,5,12,16,6,6,7,6,7,5,8,9,5,10,16,8,5,9,9,5,8,8,11,7,10,5,8,7,7,8,10,7,5,8,7,7,7,5,4,7,6,4,11,10,5,6,9,9,15,9,7,6,8,9,9,7,6,7,9,13,8,6,8,7,9,4,6,7,3,5,5,9,1,1,1,1,1,1,1,1,1,1,0,0,0,0,0,0,0,0,0,0,454,523,408,458,447,500,462,526,439,458,520,479,477,464,489,503,518,516,398,410,22,22,19,17,20,22,22,21,18,19
FRANK_T1,BatchA,1,2830,2984,2900,3136,2963,3109,3263,3153,3036,2813,3188,2753,3053,2948,3152,2883,2747,3173,3375,3233,3150,2762,3016,3159,2634,2950,3001,2987,3418,2891,3102,3216,2727,2681,2954,3393,3243,2606,2981,3086,3164,3261,2696,3029,2933,2648,3083,2636,3305,3123,3230,3027,2896,2747,2694,2658,2722,3463,2850,3243,2773,3070,2984,3110,2928,3142,2911,2738,2831,3209,2728,2605,2521,3220,2599,3071,2952,3016,3187,3101,3128,3067,2735,3121,2802,3107,2802,3230,2883,2992,3134,2796,3173,2984,2837,2822,2846,2474,2924,2936,2955,3120,3051,3138,3039,2872,2873,3007,2971,2737,3005,3233,2909,2869,3008,2738,2922,3110,2969,2921,2967,2841,3138,3262,3241,3197,3175,2801,2932,2861,3115,2686,3508,2874,3082,2883,2743,2818,2963,3336,3237,2787,2545,3081,3092,2530,2656,2812,3266,3093,2845,2972,2833,2954,2836,3342,3407,2598,2979,2771,2733,2652,2983,2924,2931,2748,3126,3134,2680,2819,2879,3057,2862,3045,2967,3110,3469,3244,3097,2892,3359,3097,2980,3121,3412,3328,3207,2930,2786,3208,3217,2661,2812,3350,3286,2670,2894,2522,3054,3215,147,235,116,187,97,181,146,138,134,147,197,104,173,147,120,207,149,179,152,128,157,172,142,115,133,158,231,213,105,139,84,124,134,196,117,149,88,167,129,146,152,153,102,107,209,121,124,215,325,121,124,163,157,134,148,172,159,143,143,111,140,140,125,140,162,166,124,164,136,144,130,142,151,205,211,138,135,120,172,186,152,97,192,177,132,139,158,155,198,144,120,136,187,85,129,175,131,125,96,160,199,116,160,121,155,150,129,229,137,202,221,169,200,173,170,129,134,155,188,106,173,135,162,167,210,170,115,149,124,137,218,148,102,130,152,121,132,137,232,129,90,157,143,171,218,88,136,170,107,246,227,181,119,165,196,159,155,166,133,154,132,161,207,139,130,174,131,149,154,142,136,202,167,177,182,248,130,98,182,115,156,218,107,140,97,113,152,140,159,104,104,145,133,148,180,156,206,147,156,119,139,158,204,134,162,115,165,167,98,120,99,88,110,163,129,164,208,168,124,227,144,119,119,123,115,123,195,230,115,153,116,171,144,108,202,144,113,129,126,140,116,177,186,195,142,108,219,131,189,151,141,147,229,241,179,128,176,114,146,146,164,137,108,78,106,135,138,222,237,156,153,147,134,158,161,121,197,127,139,255,133,198,144,140,157,146,141,158,111,191,181,176,121,156,152,153,101,140,107,128,10,11,7,5,4,7,15,9,7,8,5,6,8,8,9,9,10,6,9,10,5,5,11,6,10,6,11,8,8,10,6,5,6,8,6,10,7,12,4,6,5,8,8,5,7,8,6,5,8,11,8,9,9,11,6,7,6,6,7,6,7,9,7,6,9,9,8,5,8,7,5,7,8,6,9,6,10,12,7,6,4,5,8,4,10,14,6,6,10,11,6,9,11,5,7,7,7,8,8,5,10,7,9,6,9,8,10,9,5,9,5,8,5,7,7,5,7,8,7,10,6,7,8,6,7,6,6,10,6,4,12,13,6,5,7,7,9,5,9,9,5,8,12,6,7,7,10,5,6,7,12,7,11,6,7,8,6,7,9,7,5,7,6,6,9,4,7,8,6,4,9,9,6,6,10,8,16,6,7,8,9,8,11,6,6,8,9,12,7,8,8,9,10,3,6,6,4,6,6,8,15819,14524,12197,14248,15013,13762,12009,15002,14010,13724,8648,9254,8709,7547,9267,7260,7044,8612,8022,8006,36,38,30,30,31,35,36,36,31,31,35,33,38,34,30,32,37,36,33,28,21,23,19,17,21,21,24,21,20,17
FRANK_T2,BatchC,2,3023,2911,2853,3091,14820,3015,7175,13024,3210,3132,13213,12402,5991,19966,3323,3029,3008,2892,2906,2976,14467,10590,2910,7055,5775,15072,3130,15218,3290,9364,3191,2949,3314,5067,2920,3142,2897,7901,3009,3188,3012,2910,2875,2862,3087,2919,20569,2777,30399,17882,3311,2945,2581,2934,2764,2795,18008,6358,9966,2932,2605,2902,3036,19159,2767,3077,3007,13356,3161,2919,2757,6676,3185,3004,2944,2992,2960,14931,3082,21561,2865,2913,3034,9351,2625,3068,3381,3440,24804,3077,2990,2746,3064,2762,10275,17747,9403,2679,2789,3041,3176,3107,2738,4872,2867,2993,2822,3072,2756,2554,2929,3341,2843,5210,3059,3172,2835,2985,6478,14677,3024,2873,3126,3413,2876,3070,3342,2995,12814,2786,3039,2595,22417,3184,2665,8443,3129,2903,3334,13865,2893,2842,2330,3081,2574,2832,10657,2864,2862,2777,3082,11566,2718,2777,3805,3114,2997,37316,3144,16778,2906,7326,16016,9575,3163,3062,26177,18295,2738,28341,2901,3228,2892,2697,7061,13028,3224,3250,3094,2921,15585,9210,2729,3042,2971,3135,14854,2685,14968,3442,12104,2688,3195,10828,2596,4022,3256,22821,2979,2998,170,677,135,176,105,161,396,125,121,133,168,131,377,134,154,630,140,204,157,115,143,152,516,1357,191,181,1345,194,136,1215,127,125,153,185,113,157,87,430,122,542,124,971,107,376,807,135,123,1058,277,114,122,159,199,125,145,206,137,135,136,102,288,133,533,718,789,770,166,607,150,177,347,146,186,2253,999,174,121,159,196,151,139,92,179,161,116,134,116,157,454,163,142,159,233,86,145,147,654,746,90,938,210,121,212,136,124,126,132,346,173,210,181,574,1306,175,200,120,143,506,212,112,187,751,136,185,236,136,128,699,190,126,189,163,131,113,185,349,907,174,162,575,88,1636,149,158,185,793,122,174,709,198,146,150,136,444,185,156,145,850,126,435,144,555,198,1383,143,216,146,985,157,195,148,807,584,156,151,907,978,86,528,122,422,182,765,194,107,552,201,844,144,446,489,158,160,206,682,142,162,171,397,121,152,185,192,155,168,466,804,180,79,107,108,91,411,746,161,157,174,185,132,182,586,117,117,113,119,142,548,189,1452,161,111,145,148,105,174,938,127,413,131,159,139,168,173,230,127,122,205,128,189,142,154,158,1281,180,161,164,201,265,250,158,134,117,657,319,103,707,155,235,159,107,150,168,135,159,154,137,195,106,134,770,584,177,144,502,481,138,152,177,282,151,1382,529,136,492,179,177,271,408,105,103,33,9,25,14,3,6,12,52,16,9,5,8,9,35,8,9,27,6,9,11,14,6,11,32,11,33,12,9,17,13,7,25,6,9,19,10,7,10,7,25,15,23,34,7,36,43,7,6,9,9,8,6,8,64,6,7,6,43,36,15,17,9,36,10,12,9,8,16,33,7,30,50,8,7,7,5,10,9,7,48,4,11,6,6,9,37,8,25,128,12,5,7,9,4,12,8,6,8,10,5,6,6,28,7,26,19,8,9,5,10,6,8,6,7,5,5,8,6,7,10,19,10,16,7,8,6,34,10,7,4,11,40,8,4,7,20,6,15,8,12,14,7,15,8,6,23,67,13,7,6,36,7,11,6,23,8,7,7,56,7,12,8,6,6,7,53,4,7,7,4,27,7,6,7,9,32,14,8,8,6,9,16,9,25,14,7,7,58,7,7,23,16,9,20,6,5,12,6,35,7,0,0,0,0,0,0,0,0,0,0,0,0,0,0,0,0,0,0,0,0,46,49,38,42,46,50,51,48,43,43,48,44,49,48,47,46,47,50,40,36,21,21,18,17,22,21,25,21,19,18
FROST_T0,BatchA,0,3223,2779,3498,3054,2716,2665,3022,2910,2785,2859,3180,3327,2930,3095,2907,2640,3225,2888,3159,3093,3196,2730,3384,2878,2986,2823,2851,3225,2749,3239,3429,3065,2601,2749,2915,3300,3112,2890,3042,2832,3427,3216,3041,2889,2816,3301,3081,3059,3170,2974,2902,3064,2728,2833,2812,3173,2752,3177,2989,3312,3155,2983,3205,2818,2842,2897,3081,2882,3259,2980,2629,2874,2709,2924,2815,3614,2811,3020,3022,2616,3042,2803,2751,3060,2516,3103,2951,2940,3099,3240,2905,2950,3042,2972,2386,2816,3009,3035,2859,2658,2871,3622,3050,2922,3182,3045,2711,2998,3060,2731,2976,2985,2876,2782,3165,2927,2701,3156,3497,3005,3223,2756,3279,3380,2834,2962,3230,3095,2568,2645,2859,2870,3063,3222,2878,2792,3095,2982,3307,3670,3025,2994,2624,3079,2951,2754,2849,3059,3020,2872,2948,2840,2794,2975,2957,3094,2767,3288,2819,2776,3171,3083,2856,2557,3340,2835,2885,3289,2755,3016,2605,3053,2736,2615,3140,2705,3323,3129,2893,3280,3302,3087,2971,2966,2876,3202,3058,2719,2750,3446,3427,2973,2773,3063,2693,2826,3068,2997,2895,3125,168,212,156,171,98,141,121,132,118,149,190,139,125,146,137,165,151,168,172,145,125,112,160,113,166,139,252,202,146,138,87,135,155,183,128,141,106,153,141,172,116,134,92,92,202,111,123,240,296,127,171,169,229,151,131,169,202,124,169,112,142,138,138,141,169,178,181,158,153,168,132,163,163,219,212,140,150,124,210,146,186,88,207,152,116,122,162,149,131,143,158,141,263,98,149,166,146,135,98,130,202,106,179,139,142,120,124,214,161,236,207,142,251,168,188,143,150,123,164,108,190,176,189,164,242,179,111,159,115,150,194,167,113,135,138,119,125,176,195,172,92,168,151,155,216,95,139,146,109,174,146,221,154,176,205,154,176,144,137,169,159,183,178,121,147,224,124,147,159,179,141,200,176,202,158,268,146,85,228,142,158,245,109,119,139,143,193,146,149,102,99,155,140,171,153,156,189,142,169,133,135,164,171,148,169,148,138,152,96,119,119,96,112,178,139,147,160,168,163,180,157,126,126,103,132,163,154,231,104,149,109,158,131,88,177,130,132,119,131,166,175,143,153,235,129,109,206,122,179,177,149,140,197,239,132,126,166,122,192,154,174,116,108,83,105,111,133,239,197,126,123,115,163,161,243,130,169,116,161,267,183,183,136,147,162,157,138,169,137,143,181,163,133,161,144,198,97,149,112,116,12,10,7,4,4,6,14,8,6,8,5,8,8,6,8,7,8,6,14,12,6,6,11,7,10,5,9,7,8,10,9,5,7,7,5,8,5,11,4,7,5,6,9,8,8,7,9,5,7,8,9,8,7,13,8,7,6,5,6,7,6,8,7,7,8,8,8,5,9,8,5,7,9,7,9,4,9,9,7,8,4,6,8,5,8,12,6,6,7,10,6,9,11,6,6,6,7,12,9,5,9,7,8,7,5,7,10,7,6,8,6,8,6,10,7,7,7,8,7,10,6,6,9,7,10,6,9,9,5,4,10,15,8,5,7,7,6,5,9,8,6,10,15,7,6,5,8,4,9,7,12,6,13,5,10,8,7,8,11,7,4,7,6,6,8,5,6,7,7,5,11,9,6,6,10,8,15,9,10,8,8,10,11,6,6,7,9,11,6,8,8,7,11,4,5,7,3,5,8,6,17,16,15,16,17,15,14,16,16,17,1,1,1,1,1,1,1,1,1,1,322,391,254,292,264,355,316,330,280,277,328,291,336,301,290,304,322,325,260,254,19,23,18,18,21,25,23,22,20,19
FROST_T1,BatchA,1,3207,2774,3211,3386,2420,2951,3380,3073,2741,2835,2818,2888,2940,3295,3001,2960,2909,2911,3225,2981,2887,2878,3091,2789,3049,2862,2933,2794,3161,2908,2869,2684,2975,2683,3398,3336,2810,3001,3083,3283,2967,3052,2948,2984,3169,2625,2908,3079,2912,3072,3280,2907,2544,2817,2890,2926,2981,3289,3033,2907,2601,2994,3522,3082,2998,3113,2785,2875,3322,3151,2896,2714,3080,3242,2981,3163,3221,3402,3215,2728,3072,2957,2852,3140,2906,2800,2982,2742,2972,3243,3132,3024,2675,2848,2679,2528,2634,3165,3225,2897,3003,3192,3103,2967,2889,2487,3077,3099,3192,2760,2849,3114,3047,2797,3129,2809,3258,2929,3058,2890,2907,2886,3270,3581,2764,3556,3075,2951,3054,2634,2992,3067,3048,2962,2704,2766,2937,3326,3316,3639,3040,2963,2560,3110,2855,3147,3045,2943,3266,3059,3173,2720,2581,2976,2986,3161,2806,3290,3014,2764,2919,2726,3319,2772,3197,2832,3010,3197,3005,3096,3190,3256,2980,2906,2739,2982,3424,3122,2787,3275,2940,3224,2955,3081,3162,2959,2766,2796,2624,3498,3399,3263,3020,3515,2815,2807,3024,3020,3237,3222,168,175,152,161,100,174,132,115,116,157,166,118,156,115,134,180,171,178,130,138,157,156,139,116,160,165,232,232,134,165,121,110,141,198,104,119,100,161,96,151,119,154,99,109,248,122,132,238,242,124,155,141,183,122,139,167,154,148,149,122,103,117,159,144,153,171,174,145,146,182,132,134,129,242,207,202,155,130,216,136,202,87,166,146,113,135,154,157,127,137,125,159,207,85,149,148,170,149,114,133,193,110,188,140,165,110,146,186,158,201,167,158,194,147,160,135,150,122,174,106,167,131,195,156,213,145,93,135,118,138,191,184,125,125,141,114,131,175,199,180,110,152,157,168,187,114,121,204,114,237,149,205,144,167,207,164,145,141,121,144,133,165,178,128,143,195,138,123,157,177,130,226,217,184,176,245,144,112,175,137,170,197,118,136,96,109,152,154,165,91,96,141,125,171,146,169,185,170,163,137,136,169,197,133,168,146,134,200,99,119,114,89,138,211,141,134,186,180,135,196,148,116,146,110,145,162,200,189,112,175,114,165,139,86,172,120,129,109,114,144,148,181,154,210,155,107,184,134,219,145,121,147,217,215,133,168,196,124,132,142,198,126,122,92,124,121,165,218,196,124,147,171,171,148,142,137,164,120,157,264,148,194,156,160,170,165,127,168,125,173,170,149,108,158,123,204,89,129,83,96,14,10,5,6,4,6,10,7,6,8,6,7,11,7,9,7,9,7,8,12,6,7,11,7,10,6,12,8,10,9,7,6,5,10,5,7,6,12,4,5,5,6,10,7,7,7,10,7,8,9,8,7,8,13,8,7,6,6,6,7,6,8,6,6,8,8,8,7,9,8,5,8,8,6,8,4,10,12,8,9,4,6,6,6,9,13,5,6,7,11,6,8,11,5,5,7,7,10,9,4,8,7,8,6,6,10,7,8,6,9,4,7,5,9,7,6,9,8,7,11,7,9,8,7,8,7,7,10,5,4,9,17,7,4,7,6,8,6,9,9,5,8,10,8,7,8,10,4,6,5,11,6,10,6,7,8,6,8,11,8,6,6,7,7,7,5,5,9,7,4,8,6,6,5,8,8,14,9,8,6,9,8,9,8,6,6,8,9,6,6,7,8,13,4,6,6,5,5,5,6,1100,922,852,916,1038,913,897,1027,966,1001,750,865,834,848,824,862,712,833,786,711,25,25,20,23,22,23,25,25,22,22,23,24,26,22,24,25,25,25,20,19,20,20,19,17,21,22,24,21,20,18
FROST_T2,BatchC,2,3076,2581,3298,3023,15356,2912,7267,12846,3029,2519,12403,12959,6746,20399,2987,2896,3009,2857,3079,2792,13961,11598,3320,7118,4925,15199,2957,15151,2823,9432,3020,2905,3009,4278,3074,3294,2775,7710,3051,3248,3171,3017,2626,3138,3217,2746,19201,2735,33022,17442,2942,3114,2599,3250,2976,2938,17756,7121,10251,3254,2773,3070,2925,20543,3045,2730,3128,13693,3283,3018,2701,6790,3152,2942,2925,2969,3010,15030,3405,21605,3632,3176,2615,8888,2785,2714,3117,2922,22640,2910,2745,3104,2496,2894,10055,16270,8902,2804,3007,2808,2899,3296,3047,4184,2641,2960,2897,2987,3146,2816,2617,3114,2909,5534,2814,2524,3010,2764,7046,15263,2996,2742,3360,3138,3309,3014,3363,2854,12785,2831,2963,2813,23717,2819,2682,7949,2701,3038,3580,15175,3092,2783,2695,3229,2767,2879,10680,2586,3164,3237,2981,10555,2853,2914,4078,3180,3035,38556,2681,19154,2918,8074,18522,11458,3192,2611,28322,19657,3261,26757,3019,3173,2757,2900,8058,12461,3440,2954,2959,2906,15958,9709,2760,3396,3139,3328,15885,2768,14558,3137,11817,3041,2702,9406,2994,3879,2913,24143,3026,2916,186,533,127,170,94,142,404,122,134,123,140,114,358,122,136,666,171,152,150,118,130,160,551,1421,155,131,1281,196,139,1446,116,119,167,203,130,116,82,420,104,573,114,1103,101,294,765,127,139,827,266,145,178,160,245,113,165,152,156,121,126,113,281,178,541,798,812,760,141,576,173,121,331,136,161,2062,866,133,101,186,206,184,186,110,210,167,123,109,156,167,401,145,168,140,173,98,150,147,725,671,110,1096,214,109,190,155,170,141,148,311,192,231,224,515,1277,170,178,123,166,512,172,130,179,776,188,160,240,173,101,776,167,127,209,161,129,116,139,308,936,147,179,582,98,1538,155,161,179,769,121,170,663,203,138,182,133,412,186,164,132,572,114,429,151,525,181,1461,144,195,138,918,155,184,160,712,489,204,164,937,1237,95,485,140,385,195,704,222,102,464,190,876,167,474,438,143,118,143,604,148,178,146,319,114,151,143,170,203,157,441,720,171,100,106,102,118,407,635,131,167,184,198,179,203,618,127,128,121,146,149,547,220,1782,171,126,173,124,88,184,1088,130,498,122,173,143,156,163,200,136,108,190,120,169,156,144,172,1101,236,158,141,196,283,267,196,141,108,702,292,137,490,120,192,167,100,172,115,132,162,149,118,171,116,189,792,594,200,149,506,512,162,118,142,315,177,1203,587,130,501,182,187,292,395,111,119,27,10,21,14,3,7,12,46,16,9,5,7,8,28,12,10,24,6,10,12,13,7,14,33,11,37,11,10,14,12,7,28,7,9,25,8,7,9,6,20,15,23,36,7,38,38,9,5,11,8,9,11,7,60,7,7,6,39,37,19,18,9,33,13,9,9,7,14,47,8,29,39,7,5,9,5,11,13,7,39,4,12,5,5,9,39,9,19,122,12,5,7,12,6,11,6,8,10,9,5,8,5,25,8,25,18,11,8,5,10,7,9,5,7,7,5,11,9,7,12,18,7,13,6,6,5,25,11,6,3,11,50,8,4,7,20,7,15,6,13,13,9,11,7,6,23,63,16,8,7,36,7,11,6,20,7,7,8,52,6,12,8,7,5,7,64,5,8,8,4,34,7,5,6,9,34,14,10,8,6,9,13,10,28,15,6,8,55,6,7,19,18,11,19,6,5,12,6,39,8,0,0,0,0,0,0,0,0,0,0,0,0,0,0,0,0,0,0,0,0,133,160,115,125,126,157,133,149,125,130,145,136,164,138,131,141,153,151,118,109,20,21,19,17,18,23,24,22,18,20
GORMAN_T0,BatchB,0,2852,6065,3237,3133,2753,2896,5126,2838,5276,6419,3381,5994,5727,3044,6627,2692,2949,2675,3297,2745,3157,2786,3024,7736,2886,2815,5916,2682,3103,2813,3406,3254,3003,3055,3572,3231,3181,7557,2926,3286,6321,3090,2794,3357,3230,6007,3055,2744,3238,2782,4858,6724,2904,2786,8003,2839,2850,3076,5855,9161,2867,2643,3188,6570,3255,3402,2926,2918,3365,2717,2614,4405,3173,3318,2824,2925,5086,5900,3146,7225,2920,2844,2803,6685,2341,2978,3116,4136,2886,5563,6612,2829,2951,4181,2654,7028,6376,3036,3527,8310,2992,5538,2671,3153,3133,2636,2853,2972,7502,2819,3067,3364,3502,2751,2844,5407,3192,2877,2895,2628,2727,6001,2870,6053,2858,3114,3639,4800,3150,2864,8235,5542,3319,2904,2973,6159,3166,3522,3594,3281,10071,2722,4451,2790,3152,2816,2672,2587,3198,3277,2671,6117,7845,2671,3047,3570,5917,3271,2731,2737,2615,2990,3602,2738,5053,3113,3004,3078,9389,6982,4088,2936,2949,2490,2879,2959,3276,3273,3150,7625,3404,7155,2800,3295,3366,3226,3161,2786,6719,5854,3107,7744,3439,5264,4015,2811,8842,2496,3312,8233,141,181,201,159,91,127,116,94,115,126,175,213,162,134,152,172,152,172,209,157,306,176,160,106,143,159,281,256,105,301,183,134,169,177,115,158,200,161,132,389,110,156,104,107,761,106,117,218,253,310,133,155,151,175,244,176,179,272,183,281,345,311,208,147,277,193,339,152,141,177,189,136,154,311,249,156,121,104,221,160,225,120,196,497,204,137,144,301,266,291,132,445,567,102,134,320,150,133,94,306,188,113,200,156,155,123,168,184,224,181,251,245,220,150,151,120,262,136,181,117,183,140,203,210,188,322,233,153,100,211,292,154,132,346,317,142,119,479,177,367,174,167,147,158,542,80,142,418,199,190,140,433,150,164,429,145,143,192,106,162,156,148,517,99,154,189,228,409,156,190,145,190,183,193,399,288,164,123,200,132,134,183,283,157,216,121,368,166,272,119,87,141,461,161,151,149,158,150,374,143,135,142,181,141,515,130,176,163,88,113,121,233,121,287,225,311,189,169,163,198,137,158,499,112,115,553,158,228,150,141,117,315,140,322,463,312,135,128,374,168,155,149,167,340,129,233,443,148,162,202,234,177,627,228,132,155,173,505,393,131,156,142,287,161,249,123,129,519,464,147,150,143,154,163,469,151,180,113,157,494,149,301,153,162,173,163,134,169,132,309,422,205,138,270,160,357,94,308,214,110,12,25,13,15,4,6,19,8,6,10,14,6,9,7,10,11,20,12,9,33,8,13,10,12,14,8,13,13,6,12,6,6,9,21,5,16,6,11,4,7,4,7,15,8,21,6,7,6,8,10,8,15,8,26,7,12,17,5,6,11,7,8,19,6,14,9,13,6,7,8,5,18,9,5,7,7,17,10,7,7,5,6,8,6,8,12,8,10,7,13,6,7,12,4,7,8,5,9,17,5,24,6,23,23,7,7,10,10,5,8,6,8,5,7,6,10,19,7,12,12,7,7,8,14,9,13,6,21,6,4,11,12,7,10,12,12,20,6,22,7,5,9,14,8,6,6,9,4,7,7,26,6,12,8,11,8,6,7,35,21,11,8,7,11,14,5,6,8,6,4,10,8,16,5,9,9,15,20,7,16,17,10,11,6,7,7,10,10,10,21,9,11,11,5,5,7,4,7,6,6,34,30,27,29,37,31,29,33,31,31,1,1,1,1,1,1,1,1,1,1,591,631,473,506,521,689,593,613,506,543,615,551,609,555,584,589,627,582,507,492,21,25,19,18,21,22,25,20,21,19
GORMAN_T1,BatchB,1,3078,5720,3298,3303,2632,2641,5212,2736,4580,5781,3140,6182,5208,3147,6737,3071,2996,2967,3093,2642,3029,2993,3147,8406,2917,3023,6113,3177,2837,2929,2106,2997,2467,2600,3074,3546,3171,7314,2895,3148,6826,3076,3282,1722,2855,5792,3602,2654,3169,3075,4397,6511,2915,3060,8169,1149,2967,3431,5629,8348,2644,4881,2917,6306,3038,2860,2755,3087,3133,2723,1264,4521,2773,2907,2910,3370,5360,6541,3057,5724,3083,2974,2775,6379,2581,2934,2783,4306,3126,6399,5656,3096,1446,4177,2689,5729,6482,2705,3183,7013,2833,4985,2567,7156,2576,3311,2937,1977,7687,2958,3104,2887,2317,2625,3029,12910,3130,3032,3200,2645,2144,6228,2942,6540,3005,2764,3243,4480,3148,2982,15271,5505,2830,2781,2999,6292,2846,3144,3675,3507,11254,2672,3889,2833,2809,2884,2861,3433,3356,2883,2650,7078,9255,2971,2925,3272,5727,3151,2772,2667,3043,2858,10082,2714,4895,3015,3115,2836,9544,6967,4181,3142,3054,2675,3121,2996,9272,3414,2942,8424,3247,6876,2826,3023,3030,3014,3087,3597,6283,6069,3154,7618,3557,4738,4853,2867,8247,2843,3037,7879,173,232,226,161,112,145,123,127,121,158,187,219,157,155,138,203,186,169,244,130,327,156,161,99,151,151,167,233,119,199,209,139,141,169,124,148,277,151,145,471,110,52,107,115,812,127,109,195,244,214,158,178,182,210,224,154,156,280,253,273,237,126,139,136,313,198,357,281,135,143,155,182,153,380,197,154,128,106,391,142,223,117,192,378,206,133,155,300,208,225,126,405,473,106,140,367,161,125,117,370,237,115,181,148,138,100,139,208,223,195,177,209,197,158,140,142,243,70,186,137,185,150,290,198,204,283,321,140,116,153,327,182,230,356,324,118,284,382,201,1056,179,95,138,155,393,101,120,450,189,217,156,568,135,172,476,140,144,217,129,157,148,135,519,102,152,187,245,372,148,135,133,181,412,176,504,406,132,126,184,220,167,207,255,115,254,114,342,165,285,100,104,132,462,180,156,154,156,149,349,136,135,163,193,154,425,146,166,156,114,121,95,167,149,286,230,334,178,189,136,260,154,127,487,103,108,466,196,240,105,159,120,281,117,358,421,306,142,101,391,151,152,146,174,391,126,257,485,136,165,141,124,131,512,233,162,373,212,503,378,135,174,116,227,182,224,131,117,498,495,124,153,145,127,154,374,126,134,107,111,595,401,356,173,161,155,140,160,152,101,220,443,178,135,240,136,566,50,311,216,116,10,23,15,12,4,7,16,8,7,7,12,7,8,8,5,7,21,9,7,30,8,13,10,9,16,7,11,10,8,10,6,6,6,21,5,28,6,12,4,5,4,6,13,7,17,8,8,6,10,9,8,15,6,29,6,11,14,6,5,6,6,8,21,5,9,10,16,7,9,7,5,16,8,7,8,5,14,11,6,4,4,4,7,7,7,24,10,12,7,11,6,8,15,6,10,6,6,4,17,4,17,11,20,22,6,4,10,11,6,9,5,8,9,8,7,70,25,7,14,9,8,6,10,19,7,19,8,19,6,4,13,14,7,12,15,16,19,5,14,8,5,8,11,6,2,8,9,5,8,7,27,7,10,11,11,7,6,10,12,18,10,8,7,7,13,5,5,4,7,4,11,9,16,6,10,7,17,20,6,37,14,9,9,8,8,6,9,11,9,18,8,11,10,4,6,6,4,6,6,6,139393,130640,108557,129724,141362,109813,119064,135958,118364,122710,224096,116447,105524,106934,112369,100716,106474,107946,105028,98359,24,25,19,19,22,26,23,27,20,23,22,23,22,22,23,22,25,25,9,18,21,25,19,17,22,25,23,19,21,43
GORMAN_T2,BatchC,2,2789,3000,3029,3049,17054,2784,7302,14341,2847,3164,13061,11273,6358,18282,3195,2863,3374,2847,3064,2890,13523,10684,3048,6864,5157,14872,3165,16302,3273,8515,3465,2869,2884,4835,2812,3324,3014,8500,3025,3020,2927,3156,3015,2918,2885,3028,17702,3162,28331,17008,3323,3017,2956,3026,2807,2718,16934,5937,9497,3164,3119,2875,3232,20218,3161,2883,3022,13205,3255,2650,2919,7500,2649,2905,3241,3313,3270,15632,3066,19673,3057,3290,3274,8521,2739,2783,2810,2973,23984,3392,2807,2944,2802,3074,9945,15652,9146,3119,3302,2646,2769,3235,2784,4414,2815,2924,2740,2443,3177,2747,3067,3130,2810,5174,3110,2966,2986,3152,6772,14809,3040,2884,3288,2831,3163,2925,3362,2699,13220,2893,3131,3008,22655,3277,2740,8088,2974,3232,3478,13732,3034,2788,2686,3130,2776,2639,11167,3010,3221,3312,2959,12513,2661,3037,4307,3265,3051,35519,3138,16564,2616,7984,15054,10946,2817,3015,23121,19982,2709,26765,2712,2991,2849,2842,7598,13211,3054,3040,2920,2906,15007,9465,2703,2937,3214,3364,13662,2647,14030,3471,12010,2914,2621,10294,2882,4117,3020,22834,3226,3145,168,604,148,203,92,143,352,120,125,145,226,130,435,123,144,516,180,197,188,133,143,150,446,1415,161,168,1177,269,125,1150,97,131,141,200,115,146,98,475,130,534,118,1025,105,329,768,135,132,981,299,130,130,148,174,130,162,171,174,125,148,107,341,132,512,660,680,738,164,650,121,149,389,126,154,1847,769,167,120,144,217,162,177,89,207,143,103,146,154,117,370,121,134,143,227,88,126,155,676,722,121,911,223,112,156,130,151,119,160,322,172,221,209,523,1423,179,169,145,162,530,179,112,154,724,202,179,198,158,118,704,208,163,193,163,131,121,145,348,928,188,152,535,93,1787,147,209,203,648,134,181,630,164,159,188,124,463,219,151,169,765,119,424,166,491,181,1635,152,198,121,1105,165,165,174,916,507,157,123,1041,1105,107,523,145,373,177,548,209,101,586,173,893,161,526,404,165,128,139,561,167,166,158,410,118,155,132,174,168,181,487,825,196,84,100,97,87,351,750,148,161,161,216,164,207,661,121,156,104,122,149,643,189,1626,169,143,164,176,90,178,1010,112,464,152,136,146,132,134,212,149,106,184,122,199,141,145,175,1260,242,159,120,178,276,230,146,146,119,856,436,132,599,133,227,163,114,175,134,132,138,165,132,149,120,168,809,577,200,183,573,505,138,119,147,262,167,994,530,126,503,139,166,211,440,92,118,33,8,25,13,4,6,16,58,16,9,5,8,7,35,8,9,28,6,9,11,18,8,9,33,11,28,13,10,16,13,6,25,8,8,22,7,6,10,10,23,13,25,34,7,40,58,7,6,8,8,7,9,8,54,7,7,7,39,31,16,23,9,32,13,9,10,6,19,33,7,40,38,7,7,8,4,11,12,6,45,4,13,7,6,7,48,9,19,120,11,6,10,13,5,14,7,5,8,8,6,8,7,29,8,20,17,10,9,6,8,6,8,5,10,7,6,9,9,7,10,21,8,14,6,8,6,31,9,6,4,11,46,7,5,6,20,6,17,7,13,14,10,10,8,7,24,66,14,9,6,36,9,10,7,21,8,7,7,64,6,14,7,6,6,7,45,4,9,7,4,21,10,5,5,9,28,10,6,9,6,8,21,10,19,15,6,8,49,7,6,26,18,8,19,5,6,14,7,39,6,2,2,2,2,2,2,2,2,2,2,3,3,3,3,3,3,3,3,3,3,12,13,10,10,12,14,12,13,11,11,11,12,12,13,13,12,13,13,11,10,23,21,17,18,18,20,23,21,17,18
NEWT_T0,BatchB,0,2912,6883,3336,2982,2844,2941,5145,2894,4986,5420,2900,5760,5332,2723,6588,2989,3208,3180,3064,2897,2931,2978,3012,8316,2552,3147,6470,3051,2888,3070,3141,2945,2685,2667,3355,3312,2955,7196,2868,2792,6495,2935,2734,2907,3245,6221,3355,2950,3084,3089,4480,6814,3059,3050,8391,3087,2732,3219,5272,9002,2601,3060,2894,6465,3090,3326,3232,2750,3196,2901,3066,4266,2740,3078,3116,3077,4860,6255,3032,6419,2969,2938,3030,5915,3015,2921,2901,4766,3136,6367,6714,3064,2766,4069,2866,6390,5899,2815,2914,7574,2821,4737,2672,2969,2851,2453,2580,2943,7101,2926,3074,3032,3568,3007,3080,5411,3090,2872,3240,2644,3082,6525,3093,6503,3216,3375,3259,4584,2981,2794,7148,6023,3223,3282,2643,6832,3459,3151,3434,3445,10940,2752,4343,2904,2948,2920,2837,2947,2997,2846,3094,6641,8340,2939,2905,3400,5412,3396,2810,2404,2952,2753,3406,2508,4974,2727,3155,3170,8997,6398,3889,3233,2858,2820,2651,3290,3167,2937,2996,7028,3274,7353,2921,2794,3202,3022,3085,2757,6689,6189,3181,7757,3534,4605,4735,2873,8815,2719,2906,7686,146,194,206,153,108,192,119,119,128,125,169,193,151,157,140,222,164,210,232,133,240,136,152,115,146,131,264,212,135,305,203,141,141,166,145,120,207,135,115,393,115,152,101,103,817,125,118,206,273,248,150,159,204,179,237,200,180,240,215,294,245,267,142,149,289,178,347,161,138,174,232,137,120,387,233,178,120,103,187,155,222,90,184,462,231,137,168,341,267,254,178,439,382,129,171,308,152,143,117,377,247,115,183,120,140,116,144,227,249,200,181,214,225,173,180,170,266,126,171,114,184,148,212,195,187,260,245,169,144,222,336,151,150,331,304,118,151,420,185,353,162,165,153,163,573,108,145,395,179,212,209,455,134,148,463,146,169,202,128,184,141,178,462,101,178,197,252,368,148,183,129,190,180,193,413,341,129,132,218,154,162,179,224,114,215,136,358,203,303,92,90,159,480,179,177,138,171,170,452,128,151,142,186,145,496,133,146,172,104,101,129,202,125,299,300,284,190,198,122,204,143,119,461,97,126,497,167,187,173,184,128,249,123,281,445,233,137,132,347,155,136,158,170,355,167,218,479,124,166,182,222,155,505,227,156,144,173,494,312,131,174,121,266,160,233,135,154,472,435,108,157,135,139,131,387,128,166,116,149,625,132,331,171,167,153,164,145,171,129,263,412,161,138,291,131,288,99,296,225,109,10,33,16,12,4,5,22,8,5,8,9,8,7,7,10,9,22,10,9,32,9,15,12,11,14,6,14,14,8,13,8,5,7,20,5,19,7,9,4,6,5,5,10,7,22,7,9,6,9,11,8,16,9,31,7,12,21,6,7,12,7,9,17,5,15,10,13,7,10,7,5,16,7,5,8,6,16,9,7,7,5,5,7,6,8,15,11,13,9,10,5,8,12,4,8,6,6,8,17,5,24,7,23,17,7,8,10,12,4,8,7,7,5,10,6,14,25,8,12,11,6,9,7,13,11,18,6,24,5,5,12,13,7,11,11,14,18,6,22,8,4,8,13,9,7,6,8,6,7,8,24,8,12,11,10,10,5,9,27,22,10,7,6,11,17,4,4,8,7,4,6,8,17,5,8,11,15,21,8,20,14,7,10,6,7,7,10,9,9,26,8,10,9,4,6,6,3,6,7,7,2,2,2,2,2,2,1,2,2,2,0,0,0,0,0,0,0,0,0,0,104,109,81,77,78,116,101,104,83,88,102,101,92,91,96,94,102,108,82,76,22,22,18,18,20,22,23,21,19,19
NEWT_T1,BatchB,1,3037,6476,2751,3288,2983,2488,5068,2609,4543,6208,2916,6331,5240,3085,6963,2730,2813,2568,3156,2921,2928,2999,3065,8370,2457,2872,6568,3100,3096,3039,3354,3112,2850,3141,3204,3149,2845,8038,2922,2879,6842,3226,2995,2894,3266,5888,3298,2938,3224,2905,4361,6682,2668,2696,8184,2676,3284,3202,5817,9076,2687,3165,2954,6254,3221,2828,2965,3375,3131,2875,2828,4128,2892,2959,3322,2975,5319,6009,3028,5975,2750,3144,2940,6092,2954,3198,2785,4422,2883,6089,6089,3000,2763,4049,3107,5893,6002,2942,2757,6590,3115,4965,3158,3181,2748,3227,3082,2805,7591,2546,2811,2805,3718,2606,2757,5039,2941,2940,3109,2676,2792,6277,2750,6519,3491,3021,2911,4973,2919,2914,7573,5567,3217,2943,3074,5930,2937,2989,3313,3950,10250,2820,3968,3171,2883,2988,2803,3116,3431,3246,3125,6370,8248,2929,2987,3346,6388,3113,2704,3071,2684,2908,3303,2713,5168,2825,3478,2998,9520,7793,3841,3088,2896,2839,2896,2886,3244,2821,2770,7166,3324,7183,2783,3127,2968,3070,3008,2551,7130,6483,3186,7950,3756,4364,3697,2961,8140,3054,3090,8062,170,212,203,172,99,143,121,125,118,139,177,180,149,139,140,189,189,209,244,110,305,135,176,112,185,165,217,226,113,286,196,142,172,158,143,158,210,165,100,385,118,131,102,113,780,114,132,164,293,273,131,177,217,192,277,188,133,246,199,344,254,278,158,140,301,174,373,169,156,161,207,159,163,377,253,160,115,124,201,135,233,115,190,435,236,151,192,360,313,270,149,444,455,116,148,308,146,118,107,331,191,120,173,135,149,117,125,194,234,225,173,251,230,143,155,142,246,149,172,129,161,155,203,162,231,302,244,166,107,200,396,182,125,369,314,137,126,392,198,370,161,145,137,170,584,94,140,431,175,181,194,490,133,189,380,137,175,207,141,157,162,151,472,108,155,198,213,390,170,204,114,175,200,182,460,351,124,110,240,141,143,205,274,100,264,125,367,153,232,113,78,159,522,158,164,122,169,161,345,139,157,145,165,139,545,146,142,184,102,103,109,193,120,287,242,312,191,200,132,190,168,117,522,113,108,446,192,238,182,153,121,280,131,297,450,306,132,133,359,172,132,142,165,426,139,237,493,142,187,168,232,148,666,278,152,146,172,546,333,127,169,124,233,149,239,133,148,484,369,124,158,147,133,164,434,161,166,133,158,572,190,342,130,163,131,151,140,182,132,309,421,150,128,308,136,330,91,310,252,119,11,18,15,12,4,6,22,7,7,8,15,7,8,7,10,7,19,14,11,30,9,16,12,14,15,5,11,13,9,12,6,6,9,23,5,18,6,10,4,7,6,6,14,7,14,8,10,5,8,9,8,16,6,30,8,10,19,6,8,12,6,8,16,6,13,10,13,6,9,7,6,15,12,6,8,5,18,11,7,7,4,5,6,5,10,11,9,11,7,12,6,9,12,6,8,7,8,9,16,6,24,7,23,18,7,11,10,12,5,9,7,9,5,9,6,11,24,6,13,9,6,7,9,15,8,15,6,20,6,4,14,13,7,10,12,16,18,6,24,9,6,8,13,8,7,7,9,5,6,8,23,7,13,8,7,8,8,9,31,17,11,7,6,12,17,5,4,9,7,3,9,8,20,5,9,6,13,19,10,17,16,9,9,6,6,8,9,13,9,19,6,9,11,4,5,7,3,5,6,6,695,663,578,689,696,606,609,737,631,705,249,247,198,222,216,218,226,249,218,229,60,58,51,56,52,61,60,62,52,55,66,55,54,52,59,54,59,66,49,46,22,24,19,16,22,23,23,22,19,19
NEWT_T2,BatchC,2,3287,2857,2896,3116,16249,2954,7195,12678,3012,2605,12805,11727,7155,20029,3215,2729,2773,2919,3145,2953,13693,11018,3305,7719,5255,16822,3085,14117,2879,9361,3488,2936,2817,4564,2830,3139,3217,8229,2920,3240,3232,3003,2899,2866,2687,3280,19620,3036,32344,17690,2839,3225,2649,3245,2860,2913,15900,6419,9740,3133,2935,3136,2997,21503,3328,3002,2992,11860,2939,2776,2812,8001,3134,3064,3131,3040,2702,15723,3246,22038,3224,2950,2893,9832,2537,3293,3063,2536,21900,3071,3029,2868,3224,3090,10259,15936,8489,2546,2896,2735,2750,3213,2853,4417,2755,2796,2847,2831,2773,2775,3036,3358,3000,5317,3311,2786,2781,2954,6735,14726,2860,2739,2932,3346,2758,3227,3405,2909,13368,2805,3343,2788,21400,2993,2700,7620,3365,3179,3256,14277,3200,2564,2200,3036,3021,2806,11855,2773,2948,2848,2830,11171,2566,2830,4271,3302,3116,37733,2778,19291,2940,7195,16007,10157,3070,2801,23244,18207,2904,25819,2965,3297,2948,2517,7577,11960,3073,3176,2945,3056,15083,9182,3139,3485,2984,3280,13236,2746,14146,2990,12237,2802,2819,9526,2682,3992,3353,22799,2907,2699,150,678,168,158,91,161,440,109,135,151,192,107,391,136,155,586,157,219,167,128,131,159,470,1706,116,129,1008,206,136,1316,108,141,173,185,145,127,92,384,106,466,123,1010,116,402,827,117,127,756,284,106,133,173,196,131,128,168,149,144,152,101,311,114,470,790,860,706,173,609,138,145,343,140,162,2313,857,184,134,167,188,140,188,103,195,156,124,145,157,154,504,159,136,144,239,89,153,139,626,644,117,852,209,115,149,114,126,109,168,309,158,230,175,564,1535,160,171,114,157,500,193,107,191,689,190,178,187,161,122,722,209,139,223,189,148,115,204,354,737,119,209,559,84,1929,166,149,189,680,130,158,565,199,143,172,154,468,153,158,170,770,143,329,133,568,177,1348,128,203,126,1030,137,164,159,813,588,211,172,1077,833,113,465,141,414,211,681,220,107,507,156,787,159,477,359,132,139,168,650,135,180,174,381,116,117,117,158,223,155,532,913,187,102,117,116,92,423,722,147,140,237,208,118,197,642,135,148,96,129,150,568,217,1992,143,131,178,157,99,199,864,158,404,128,167,116,152,144,192,146,93,194,158,186,152,148,149,1460,256,135,159,223,248,238,123,142,156,699,374,129,567,121,181,193,112,173,126,146,143,205,129,172,108,140,749,598,191,162,527,551,138,130,186,296,144,1095,640,145,418,124,142,247,417,96,88,37,8,23,14,3,5,13,54,16,8,4,7,8,37,11,8,24,7,11,11,14,6,9,26,11,30,12,13,14,11,7,23,8,6,23,8,5,12,7,22,11,22,37,7,38,40,9,6,9,8,9,8,8,63,9,8,6,44,41,19,20,8,36,10,10,8,8,16,42,8,25,49,8,7,8,5,8,8,6,35,4,13,6,6,10,44,8,29,176,9,6,9,11,5,11,8,6,9,6,6,8,7,26,6,17,21,9,8,5,7,6,7,5,8,6,5,11,9,7,11,19,9,17,5,8,7,27,11,6,4,11,52,9,4,8,18,9,19,8,14,10,8,12,9,5,23,61,15,7,6,42,7,12,5,20,9,4,8,43,6,13,7,5,8,8,58,4,10,6,4,28,8,7,5,9,32,12,10,8,7,9,17,9,22,15,7,9,55,7,7,20,15,9,25,5,7,11,6,34,7,0,0,0,0,0,0,0,0,0,0,0,0,0,0,0,0,0,0,0,0,20,25,18,19,19,26,23,23,20,18,23,21,23,20,21,22,24,23,19,17,22,21,18,17,20,22,24,23,21,19
PURVIS_T0,BatchA,0,3003,2871,3120,3039,2591,2764,2859,3260,3203,2814,3262,2995,3259,2804,3073,2804,2874,2698,3309,2718,2909,2717,3256,2809,2864,2878,2976,3366,3000,3066,3585,2536,2683,2945,2735,3328,2704,2910,2702,3344,3109,3116,2871,3027,2959,3421,3491,3094,3375,2899,3032,3007,2952,3007,3246,2934,2749,3137,2593,3239,2689,2673,3328,3110,2939,3021,2828,2935,3605,3028,2968,2847,2826,2959,3015,2931,2725,3170,2896,2606,3086,2937,2843,3140,2724,3182,2734,2962,3315,3303,3118,3033,2717,3144,3010,2418,2848,3196,2876,2693,2907,3152,2878,3073,2772,3035,2898,2901,2987,2708,2955,3090,3101,2774,2624,2458,3491,2842,3294,3036,2930,2867,2896,3257,3001,3091,3365,2936,2923,3014,2885,2667,2872,2656,2884,2873,3232,2933,3443,3514,2930,3125,2957,3071,2899,2975,2838,2821,2808,3496,2775,2740,3067,3045,3079,3167,2722,3185,2796,2676,2758,3122,3612,2832,3133,2857,2991,3089,3208,3086,2521,3454,3021,2707,2738,3201,3753,3126,2603,2916,3199,3395,2858,3307,2723,3371,2862,3096,2820,3468,3154,3067,2784,2985,2815,2957,3044,3151,3358,2834,160,193,164,146,94,147,130,123,131,124,166,122,136,126,154,143,177,217,147,107,131,164,149,126,137,171,259,227,127,153,118,125,172,205,116,110,104,141,120,144,109,159,106,95,213,128,133,231,248,127,135,146,217,126,129,162,157,127,118,133,152,159,155,153,132,182,167,211,145,146,139,169,144,228,202,180,143,113,192,168,155,89,156,152,106,123,155,148,143,175,137,139,191,89,132,180,156,153,115,154,203,105,195,151,160,110,153,245,169,233,173,140,226,159,194,127,174,133,223,128,156,136,201,200,198,164,108,145,114,139,181,161,126,105,145,135,123,136,182,161,94,157,151,131,212,99,128,144,114,177,174,180,135,204,194,129,177,141,119,143,141,164,181,120,133,194,125,136,142,177,151,184,159,165,142,202,123,104,179,151,152,169,108,124,135,113,153,152,141,120,99,169,149,178,157,129,189,144,163,123,152,140,140,133,170,138,134,167,103,109,103,121,119,179,142,155,180,164,127,171,143,110,126,114,97,145,168,209,114,180,117,153,146,110,173,125,140,121,146,153,133,147,181,230,125,98,202,117,194,169,145,153,219,213,148,153,178,134,149,145,141,107,92,91,104,109,157,214,180,127,145,115,124,133,176,119,185,111,136,227,155,178,161,149,147,116,117,151,137,150,206,139,140,198,158,165,101,133,104,103,10,10,9,5,3,5,10,8,7,7,5,7,7,7,9,7,7,6,10,12,7,5,12,7,12,8,10,10,8,11,6,5,6,8,5,11,7,10,4,5,5,6,8,9,6,6,9,5,10,8,8,10,9,14,7,7,5,7,6,5,8,7,10,6,9,8,6,6,9,9,4,6,9,5,9,5,10,9,6,8,4,5,6,5,9,12,5,6,8,14,5,9,12,5,5,6,6,9,9,6,8,7,10,5,6,8,9,8,5,10,6,8,5,7,7,5,8,8,7,10,7,7,7,7,7,7,7,11,5,3,12,16,7,4,6,7,8,4,9,8,4,8,11,8,8,6,10,5,7,8,13,7,11,6,7,7,6,7,11,6,5,7,5,6,7,5,5,8,6,4,9,7,6,6,9,7,12,8,8,8,9,8,9,7,8,5,9,9,7,7,8,8,9,4,6,6,4,5,7,7,70,70,62,71,72,72,62,75,66,73,7,7,7,6,7,7,6,7,7,7,210,259,172,189,207,264,211,240,188,204,206,217,224,218,202,219,224,218,178,187,20,22,17,18,20,22,21,22,21,20
PURVIS_T1,BatchA,1,2957,3177,3298,3055,2833,2998,3061,2763,2861,2795,2944,3336,3138,3168,2806,3173,3154,2788,3142,2883,2990,2758,3380,2813,2843,2712,3097,2677,2844,2988,3188,2750,2854,2909,3069,3141,3033,2947,2533,3027,3183,2992,2957,3182,3035,3068,2950,2852,3180,3137,3039,2923,2698,2998,2843,2956,2997,3158,2808,2816,2399,2921,3114,3011,3310,3028,3134,2942,3326,2750,2691,2867,3295,3026,3019,3519,2769,3053,2943,3104,3101,3164,2965,2898,2423,3360,2926,2729,3052,2847,3569,2730,2756,2819,2704,2490,2780,2944,2734,2817,2737,3159,2891,2885,2892,2860,3055,3091,3191,2626,3094,2936,3046,2723,3081,2773,3067,2648,3185,3306,2750,3217,3180,2922,3013,3202,2962,2945,2892,2958,3319,2745,2940,2993,2679,2796,3033,3123,2940,3260,2895,2801,2704,3478,2703,2896,2989,3144,3274,2845,3371,2730,2716,2776,3208,3459,3018,3415,3204,2872,2884,2707,3312,2753,3246,2597,3263,3215,2868,2838,2993,3312,2965,2735,2990,2939,3376,3207,2939,3326,3401,3089,3067,3229,3258,3345,2759,2677,2607,3066,3466,3091,2983,3040,2911,2842,3305,3349,3163,3089,166,181,145,170,97,140,137,115,104,140,173,115,143,140,154,205,156,151,141,157,135,163,144,113,146,140,235,218,130,125,98,134,150,199,138,132,109,158,128,145,124,135,117,131,235,127,108,185,324,132,148,165,175,140,142,181,186,128,154,110,149,154,148,125,166,184,138,152,135,150,143,153,142,209,186,169,149,114,198,146,168,117,200,147,109,123,166,180,135,145,124,161,220,105,146,154,151,169,110,157,254,108,180,142,144,114,121,265,172,157,166,223,203,138,168,127,132,138,137,102,178,135,183,159,255,204,105,147,126,155,177,166,153,128,116,124,124,153,202,168,94,141,145,191,180,105,115,189,113,232,155,159,136,161,224,165,152,140,123,119,153,152,159,127,142,178,120,137,157,187,158,209,182,160,183,269,132,88,216,126,148,175,108,117,103,125,157,179,148,113,94,132,117,174,133,171,176,139,195,112,130,195,183,132,146,137,126,164,88,113,119,85,134,187,127,179,153,219,148,191,140,119,111,104,118,144,186,220,114,169,124,151,135,115,164,129,152,122,119,148,157,151,150,173,159,112,205,123,173,155,138,181,233,214,156,161,162,123,149,190,154,135,96,93,129,137,172,219,208,135,139,143,128,147,159,131,211,110,133,276,174,197,169,178,150,152,113,159,114,174,198,161,147,160,136,180,95,124,107,115,10,9,7,5,4,7,11,8,6,8,5,7,8,8,8,8,10,6,10,10,6,6,11,6,10,6,11,8,9,11,6,6,6,9,5,8,7,12,4,7,5,6,7,8,7,7,8,5,7,9,7,10,9,11,6,6,6,7,5,6,7,7,7,6,10,9,9,6,8,7,5,8,6,6,8,5,12,10,6,7,3,6,6,5,9,12,6,5,9,11,7,6,13,6,5,6,8,10,9,4,8,6,9,7,7,9,11,9,6,9,5,8,5,8,5,5,11,7,6,8,8,7,9,7,8,8,8,13,6,4,9,16,6,5,7,7,8,5,9,9,5,7,11,8,7,7,9,5,9,7,14,7,11,6,9,9,7,9,9,8,4,8,7,7,7,7,5,10,7,4,8,8,5,5,9,7,12,8,8,8,9,7,8,7,6,7,10,11,6,5,8,6,10,4,6,6,4,6,6,7,74170,62785,62153,59231,66959,62081,60398,63564,66041,67507,5363,5931,4903,5152,5619,4919,4734,6003,4954,5317,222,243,197,215,215,247,219,236,214,211,240,241,251,211,229,249,246,242,188,209,22,24,18,19,20,22,22,21,21,19
PURVIS_T2,BatchC,2,3183,2836,2816,3165,15647,2775,6642,12434,3167,2749,14578,11896,7261,19396,2977,2454,3138,3044,2951,2965,13722,11136,3130,6895,5630,15587,3056,13482,3098,9609,3287,3091,2855,4849,3208,2970,3380,8381,2938,3280,3080,3105,2815,3408,3458,3146,18014,3294,37137,15742,3095,2871,2831,3161,3200,2965,19136,6114,10379,3141,2599,2940,3126,19852,3243,3219,3092,12821,3202,3137,2944,7191,3106,3097,3110,3018,3157,15317,3262,19231,2962,2742,2894,9913,2706,2866,2831,3275,22252,2833,3286,3114,3322,2710,9659,17610,8265,2856,3264,2877,3383,3322,2770,4383,2855,2935,2833,2848,3315,2611,3296,3149,2921,5215,2750,2678,2786,3342,6979,14526,2911,3008,3171,3096,3052,3197,3037,2713,13385,2720,2795,2666,21547,2855,2746,7789,2940,3304,3454,14985,2877,3067,2649,3062,2946,3027,11563,3025,3639,3042,2914,12038,2854,3147,4190,3221,3171,35818,3026,19689,2798,8132,14731,10129,3118,2846,25328,17424,2939,27149,2617,3061,3120,2947,7436,12367,3720,3177,2749,2998,15085,8028,2722,3517,3135,3369,13630,2824,13795,3032,12107,3426,2869,8960,2909,4509,3360,26724,3115,2972,163,645,156,139,113,152,377,109,137,151,152,112,449,131,148,629,151,181,182,124,163,162,648,1312,172,186,1491,215,123,1313,100,138,135,189,139,136,92,336,129,520,120,1105,107,338,908,112,121,985,307,105,138,191,212,130,135,172,142,142,133,83,302,168,566,756,767,829,155,555,135,119,315,179,154,2300,940,168,127,158,171,149,150,101,168,171,125,119,160,120,498,163,167,186,198,84,153,158,694,601,94,785,258,95,185,124,167,107,146,246,189,200,226,536,1574,157,173,117,155,557,186,103,170,721,240,179,202,181,117,870,156,114,220,186,136,125,147,384,866,174,176,570,86,1626,159,147,196,727,133,172,704,230,138,166,125,441,180,173,156,705,148,475,138,570,195,1628,150,140,114,1016,135,163,139,694,506,158,166,1000,1012,87,421,136,343,173,797,209,98,545,172,916,179,416,444,174,128,159,515,180,190,165,437,120,146,168,173,185,143,669,824,150,101,110,104,99,455,880,125,159,187,224,145,210,796,122,153,115,107,163,562,200,1705,167,113,176,143,95,168,731,120,351,118,162,141,155,160,178,163,106,192,124,216,159,138,143,1259,254,148,154,200,242,294,143,151,129,675,324,88,532,126,223,217,120,163,141,157,158,163,140,166,123,150,802,523,223,150,452,435,127,139,151,274,174,1020,634,125,461,160,195,299,407,104,110,33,10,23,13,3,7,12,39,14,8,5,8,7,33,9,8,28,6,8,11,13,6,10,45,12,26,13,10,13,13,5,20,7,8,22,8,6,10,7,23,13,27,33,7,34,48,6,6,9,9,8,8,10,53,6,8,6,39,33,15,20,9,33,15,8,11,7,15,34,7,38,41,9,5,9,4,11,12,6,40,4,14,7,5,7,39,10,23,152,14,5,9,11,4,9,7,7,9,8,4,9,5,21,6,22,16,10,8,4,10,7,11,5,9,7,5,10,8,6,10,22,7,15,6,9,7,26,9,6,4,11,45,7,5,6,18,7,17,9,16,10,9,14,7,7,20,58,14,9,7,37,9,10,6,20,9,7,8,61,8,11,9,6,7,7,59,5,7,7,3,29,8,6,5,9,30,19,8,9,8,10,16,9,24,14,7,9,49,5,7,23,13,9,17,5,7,13,6,37,8,0,0,0,0,0,0,0,0,0,0,1,1,0,1,1,0,0,1,0,0,4,4,3,3,4,4,4,4,4,4,4,4,4,4,4,5,4,5,3,3,23,22,20,16,19,24,24,20,19,18
TROY_T0,BatchB,0,2801,6350,2999,3094,2720,2635,4787,2882,4698,5613,3202,5876,4951,3183,6836,2863,2961,2706,3307,3204,2978,2913,3214,7226,2948,3001,5941,3134,2966,2788,3612,3034,3026,2847,3475,3477,2874,7529,2953,3125,6566,3073,3140,2823,2767,5722,3049,3023,3298,3446,4309,7156,2541,2753,8057,3035,3005,3047,6008,9007,2886,3315,3147,6399,2770,3413,2685,2894,3137,2914,2793,4554,2543,3153,3044,3302,5829,6071,3050,6674,3290,2940,2898,6280,2836,2765,2911,4174,3156,5571,6013,2952,3042,4410,2646,5413,6883,2644,2999,8286,3237,5188,3003,3104,2900,2922,3015,3219,7513,2561,2934,2585,3557,2662,2864,5254,2850,2783,3170,2872,3073,5828,3308,6437,3408,3186,3442,4703,2767,2890,7484,6848,3102,3054,2724,6059,2830,3238,3466,3544,11744,2946,4150,2901,2894,2792,2936,2658,3465,2828,2687,5951,8112,2938,2670,3721,5586,3608,3145,2807,2719,2909,3690,2876,5725,2731,3125,2742,9591,7119,3475,3231,3087,2704,2618,2640,3208,2903,2770,6809,3040,7358,2798,3260,3138,3345,3003,2765,6454,6050,3412,8256,3656,5102,3996,2819,9057,3122,2691,8301,166,186,230,188,84,164,133,111,110,144,188,242,158,117,127,185,165,212,247,129,327,138,160,123,164,137,226,206,120,293,232,139,163,188,147,157,184,129,144,341,123,149,93,115,824,115,110,232,229,277,130,139,207,200,238,178,170,254,220,291,276,315,170,148,307,185,367,157,162,143,159,185,146,361,205,151,134,126,194,164,226,107,191,465,245,155,159,286,282,281,134,379,459,120,148,328,150,155,97,278,218,122,176,145,140,140,155,167,196,185,165,233,203,176,172,150,210,123,171,129,193,148,228,174,235,365,265,133,124,212,339,156,120,323,323,134,117,502,166,359,170,152,142,135,646,102,124,372,194,194,156,470,147,180,428,168,141,202,150,152,162,156,457,128,134,192,230,357,141,165,163,204,207,180,454,367,171,148,167,151,164,199,243,129,248,104,315,150,288,100,87,165,517,154,185,136,160,167,329,129,141,155,185,135,735,142,144,170,89,120,94,153,119,299,233,316,164,204,168,179,148,142,484,108,124,519,174,182,156,157,134,270,151,305,444,290,134,116,364,164,130,180,137,351,127,215,470,141,183,167,250,167,464,217,146,145,154,531,390,139,161,124,245,191,279,168,137,543,400,128,154,144,120,172,342,114,207,110,157,510,150,325,149,184,169,141,150,165,123,328,439,171,132,321,147,321,91,296,159,100,11,23,16,12,3,7,20,8,7,8,12,8,8,8,7,7,20,10,8,29,9,16,9,13,13,5,11,15,8,10,7,6,7,21,5,19,7,11,5,6,5,7,12,9,17,8,8,4,7,11,8,16,7,26,9,14,18,5,7,12,6,8,20,8,15,10,14,5,9,7,5,17,8,6,6,7,16,9,6,9,5,5,7,6,10,13,9,10,8,11,5,8,13,5,10,6,7,9,18,5,26,8,20,17,7,9,9,11,4,9,6,8,5,7,6,10,22,7,15,12,8,8,8,16,7,18,8,22,5,4,14,12,7,10,15,16,21,5,21,8,6,8,13,7,6,8,7,5,8,6,21,7,12,12,8,7,6,8,28,20,9,9,7,12,14,6,6,8,6,4,9,8,17,5,8,8,13,22,9,21,16,8,7,6,6,6,10,10,13,21,9,10,9,4,6,6,6,6,5,6,121,111,108,106,145,105,102,121,112,131,18,19,17,18,17,16,14,18,17,16,129,147,110,125,121,151,127,140,118,119,131,137,135,139,140,123,139,144,115,105,23,22,17,15,21,23,24,20,17,20
TROY_T1,BatchB,1,2932,6378,3108,3495,2703,2761,5684,2975,4875,6271,3251,6629,4897,3011,6153,2697,3380,2934,3202,2994,2758,2786,3129,8209,2913,2877,6145,3182,2933,2870,3260,3120,2721,2723,3116,3020,2894,7635,2929,3096,6962,2733,2800,2780,2836,5694,3204,3219,3098,2829,4666,6393,3032,3073,7891,2849,2938,3520,5517,9334,2823,2840,2896,6604,2942,2915,2802,2810,3120,2998,2901,4316,2753,3374,2938,3039,5078,7161,3332,5980,3103,3005,2899,5620,2931,2938,3187,4569,3238,6273,5932,2727,2855,4033,2745,5948,6033,3243,3099,8234,2898,5028,3245,2987,2837,2997,3017,2828,7847,2790,3053,3031,3965,2656,3066,5963,2911,2876,3431,2953,2749,6290,2877,6374,3174,2865,3095,4833,2791,2861,8244,5886,3437,3152,2538,5269,2711,3123,3563,3331,11016,3032,4528,2831,2836,3290,2860,3194,3069,2933,3023,6103,7920,2944,2753,3376,6500,2745,2867,2873,2950,2970,3366,3076,6135,2982,3061,3094,9853,6708,4471,3241,2732,2844,2819,3002,3156,3151,2809,6852,3254,6781,2671,3471,2719,3139,3036,2755,5815,6090,3520,8145,3757,4356,4424,3066,8141,3248,3048,7680,154,194,236,139,100,138,115,121,143,145,163,207,141,123,154,150,156,187,248,133,331,137,176,118,147,186,243,244,132,275,199,118,189,202,142,107,216,148,134,447,133,168,95,113,709,98,108,209,292,231,149,160,219,157,248,192,149,212,204,286,191,265,171,163,309,200,407,173,137,164,180,173,152,383,167,180,135,152,189,195,216,108,203,484,177,129,175,351,282,244,141,468,439,93,166,323,152,180,111,372,185,131,183,146,166,122,138,183,197,213,177,233,184,163,172,119,276,120,189,118,177,154,197,180,221,273,246,159,133,183,346,173,139,294,298,127,151,503,170,291,183,141,144,169,532,103,140,341,196,228,142,499,175,150,538,143,168,178,136,130,127,172,372,128,159,200,241,367,143,147,148,205,200,179,498,392,147,112,210,129,157,183,260,109,281,147,447,172,257,118,89,173,457,142,153,173,166,170,406,131,151,162,221,152,570,136,165,161,102,129,117,184,152,279,205,352,191,180,151,215,159,128,502,92,124,496,157,182,174,163,125,314,152,237,414,262,125,128,321,144,133,190,177,366,145,287,482,150,190,179,232,167,490,235,131,191,156,457,399,149,163,123,286,182,262,146,164,450,440,138,165,140,131,150,481,167,203,117,147,568,160,309,160,180,126,130,150,155,122,263,484,117,146,250,135,292,103,307,218,114,11,30,16,13,4,7,23,8,7,7,13,7,6,8,10,9,16,12,10,32,10,11,10,15,14,6,12,14,7,10,7,5,6,21,5,17,7,8,4,6,5,8,15,5,16,7,8,6,9,9,10,13,6,28,9,11,20,6,8,12,6,7,19,6,15,8,12,8,7,7,5,12,9,6,7,6,17,9,8,9,4,6,7,5,8,16,11,13,8,12,5,8,10,4,8,5,10,8,17,4,22,7,19,18,8,8,9,11,5,8,6,8,5,9,6,10,22,7,13,12,7,8,8,11,11,18,8,25,5,4,13,14,7,12,14,15,20,6,20,6,5,9,12,8,7,7,8,4,7,8,27,7,12,11,8,7,5,8,27,21,10,8,7,12,14,6,6,8,7,4,8,9,13,5,9,9,13,16,7,20,16,10,10,5,8,7,11,11,12,18,7,10,10,4,5,8,4,7,5,7,223939,173071,187034,202303,205646,180061,197667,200563,195795,214720,60136,67397,49155,49992,52866,46811,46947,58265,54216,51205,74,80,56,64,62,83,71,74,68,64,78,72,79,67,74,69,74,74,72,59,21,23,17,18,19,21,23,21,21,18
TROY_T2,BatchC,2,2823,2827,3091,2747,16281,2734,6181,13504,2994,2687,13258,11923,5992,20866,3291,2563,3046,2796,3223,2880,13757,11523,3198,7405,6150,15491,3030,13896,2828,8719,3284,3312,2733,5065,3238,3216,3357,8342,2599,3109,3033,3208,2708,2937,3114,3102,19770,2649,31765,16167,2878,3242,2654,3083,2794,3165,17030,6413,9712,3235,2706,2932,2889,19287,3038,3326,2930,12484,3428,2836,3273,6792,2808,2726,3090,3047,3079,14934,3387,20650,3249,3355,3051,8966,2513,3334,3151,3118,24685,3166,2724,2567,2886,3216,9943,15399,8823,2882,2945,2693,2740,3044,2857,4977,2607,3064,2809,2851,3137,2549,3005,2890,2678,5098,3036,2917,3155,2962,6518,14401,2846,2918,3125,3155,3209,3163,3379,2818,11829,2703,3042,2665,22406,2786,2739,8288,2993,3076,3117,13120,3134,3061,2438,3002,3110,2853,10550,3153,2693,3057,2893,11915,2855,2922,3979,3135,2733,37537,2983,18355,2729,7175,16623,10220,3205,3027,27589,20369,3162,26379,3045,3224,2795,2743,7303,12046,2806,2949,2738,3019,17717,10224,2931,2850,2992,3386,14949,2602,15019,3158,12133,2771,3060,9340,2994,4464,2754,22453,2771,2901,183,663,170,175,86,172,328,105,126,136,189,105,471,133,128,563,181,201,158,145,140,162,400,1668,155,170,1172,210,127,1210,109,124,146,162,142,122,108,398,111,574,126,1157,102,311,698,106,105,871,257,129,163,139,215,126,153,198,152,143,150,109,376,158,517,811,839,785,173,640,125,147,312,159,146,2030,1109,152,115,174,199,146,172,115,170,127,90,116,148,180,467,146,153,157,168,114,133,155,721,625,86,909,177,111,171,127,135,139,151,377,183,234,178,626,1655,147,180,151,153,475,173,114,185,778,195,176,209,150,114,805,192,130,235,215,141,122,141,337,708,162,201,530,101,1579,144,174,186,877,123,179,665,190,149,170,142,448,182,161,168,730,139,426,131,597,171,1485,152,181,130,1066,153,200,147,833,502,182,158,1131,1107,103,403,152,347,194,719,206,104,569,166,922,144,512,379,156,125,154,653,182,177,160,407,113,145,156,174,218,158,577,842,191,90,132,101,96,421,794,170,166,171,187,153,177,816,115,131,114,117,160,542,195,1518,151,112,139,134,100,157,771,136,432,123,158,132,156,153,191,131,107,203,142,167,167,129,172,1346,217,154,129,179,260,284,154,170,139,713,340,120,453,138,204,189,122,184,128,133,142,188,150,147,115,159,975,562,188,149,556,418,142,118,145,324,156,976,649,136,458,126,155,264,421,91,100,33,8,19,13,3,6,13,58,16,9,5,6,8,42,9,6,27,6,10,10,13,6,10,38,11,37,10,10,13,11,7,27,6,9,17,9,6,11,8,20,12,23,31,7,39,43,9,6,9,9,11,9,10,63,6,5,6,42,33,13,24,8,48,10,10,6,7,15,46,9,36,49,7,6,8,4,13,10,7,39,4,12,7,5,10,36,8,19,130,11,4,8,12,4,10,6,5,7,8,5,8,7,22,6,24,25,9,7,6,7,6,8,5,9,6,7,10,8,6,9,23,7,17,6,7,7,39,11,5,4,8,43,6,6,6,16,8,15,8,12,12,7,12,9,8,24,63,14,7,7,36,7,12,7,21,9,6,8,64,8,12,9,6,7,7,60,5,9,6,4,23,8,6,4,9,35,12,9,7,8,7,18,11,26,17,6,9,49,9,8,21,22,12,32,6,5,13,6,39,6,0,0,0,0,0,0,0,0,0,0,0,0,0,0,0,0,0,0,0,0,8,8,6,6,7,9,8,8,7,7,8,7,8,8,8,8,8,8,7,6,22,21,19,18,20,22,23,21,20,18
VRIESS_T0,BatchB,0,2855,6513,3361,3324,2730,2803,4960,2731,4964,6428,3112,6049,5246,3240,6496,3115,3076,3084,3232,2722,3028,2845,3166,8127,3002,2822,5756,2884,3164,3235,3437,2839,2820,2955,3142,3061,2759,8673,2924,2909,7037,3005,2674,2896,2918,5480,3148,2986,2840,3049,4353,6389,2732,2818,8219,3034,2888,3546,5328,9687,2647,2615,3142,6041,3008,3202,3041,2827,2916,3326,2711,4366,3099,3177,3197,2841,5439,5543,3285,5847,2901,2943,2964,6559,3130,3160,2854,4617,3093,6051,5924,3008,2817,4066,2594,5871,6364,2741,3185,7717,2730,4632,3202,2903,2985,2857,3156,3214,6298,2803,3054,3035,3548,2949,2937,6007,3125,2999,3204,2728,2477,6362,3044,6680,3082,2692,2772,4740,2914,2709,7381,5358,3040,2956,2903,5830,3183,3213,3258,3409,10872,3044,4626,2926,2759,2629,3055,3033,2816,3250,2886,6138,8751,2661,3500,2829,6405,3070,2836,2903,2683,2639,2855,2906,5224,2876,2657,3317,8933,6301,4424,2701,3036,2887,2641,3389,3321,2824,2961,7835,3178,7488,3054,3331,2894,3373,3051,3088,6453,5480,3272,7216,3540,5050,4424,2688,8966,2957,2765,7813,175,176,238,183,92,156,115,123,110,130,205,203,161,124,171,198,164,195,238,128,325,179,148,120,144,161,236,224,116,314,198,131,149,215,123,124,206,164,140,403,130,147,101,106,652,127,119,196,280,262,145,144,232,161,171,178,184,255,179,290,216,296,148,118,336,141,384,146,199,152,183,187,155,382,231,139,130,122,210,144,241,102,158,394,236,155,159,337,354,266,144,442,461,109,138,334,155,142,87,329,229,119,202,143,130,116,127,190,243,188,165,227,223,150,167,173,276,134,203,89,201,131,239,180,244,274,220,159,116,181,318,164,130,305,283,113,137,458,191,338,189,141,158,180,552,96,141,408,185,179,144,537,126,170,483,172,159,198,134,190,140,149,428,114,137,186,253,346,147,168,152,198,162,155,391,353,140,149,168,138,159,172,272,102,240,121,334,163,260,97,94,150,479,170,153,151,162,176,347,127,144,175,204,151,621,160,127,174,89,112,111,183,124,311,239,344,207,188,149,216,126,119,414,107,97,474,168,193,176,196,124,314,160,256,450,269,127,121,348,187,158,148,133,429,134,191,435,154,184,161,242,154,466,234,157,158,176,428,326,190,181,129,279,168,269,132,173,399,404,120,138,141,165,136,399,172,221,114,148,562,173,321,160,172,138,125,170,147,155,286,460,154,135,271,151,304,100,346,233,119,12,21,14,13,4,6,26,9,5,8,14,7,8,7,8,8,20,10,11,31,10,14,12,13,15,7,10,11,7,11,6,7,6,19,5,20,6,11,5,7,5,5,13,8,18,7,8,6,8,10,7,16,8,31,6,13,17,6,7,10,8,8,17,5,12,9,17,6,11,7,5,15,8,4,8,6,20,9,8,8,4,5,7,6,8,12,11,14,8,12,5,10,13,5,8,6,6,9,19,6,19,7,18,24,5,9,11,12,5,8,7,7,4,9,6,13,24,9,13,10,7,9,7,15,7,16,8,22,5,4,12,15,8,10,11,15,18,6,25,11,5,9,12,7,7,7,10,5,9,8,29,8,11,9,8,8,6,7,37,18,13,6,8,10,16,6,5,9,6,4,9,8,15,7,10,9,14,18,8,18,14,9,9,6,6,5,9,11,11,22,8,11,11,4,6,7,4,7,6,6,24,19,21,22,24,20,21,24,22,26,1,1,1,1,1,1,1,1,1,1,354,389,297,368,353,419,362,407,337,345,370,384,397,382,350,391,390,372,303,358,22,23,17,18,20,25,23,21,18,18
VRIESS_T1,BatchB,1,3133,5874,3114,3107,2756,2804,5342,2870,4997,6225,3311,6375,5334,3023,6851,2844,3119,3028,3013,3172,2969,2547,3397,9278,2507,3148,6368,2840,3009,2898,3348,2912,3098,3115,3337,3148,3266,7332,2999,3355,7080,3712,2924,2936,3050,5692,3261,3218,3349,3048,4553,7301,2508,2830,7436,2889,2947,3149,5692,10740,2401,2818,2953,6446,2996,3239,2875,2940,3319,3328,2917,4267,2996,3081,2937,3147,5079,6214,2955,5909,2971,2653,2812,6223,2891,3027,2593,4869,3161,6062,6848,2886,2947,4263,2652,5928,6274,3029,3478,7571,2571,4764,2677,3154,2913,2731,2936,3079,6439,2694,2825,3054,3326,2918,2958,5187,3087,3118,3245,3194,2771,6728,3009,6703,3102,3033,2892,4362,3296,2970,7235,5486,3057,2923,2700,6319,3061,3084,3274,3297,9912,2595,4055,2931,2780,2823,2771,2854,2881,3010,2964,6764,8561,3340,2982,3008,6451,3169,2957,2766,3017,2702,3366,2770,5081,2779,3240,2936,9573,6712,3964,3409,3122,2588,2848,2970,3428,2999,3105,7450,2837,7467,2984,2930,3208,3220,2981,3038,7125,6180,3049,7703,3531,5212,4235,3042,8770,2812,3005,8257,161,182,224,155,96,155,124,121,126,154,159,190,145,159,155,177,162,234,264,118,263,151,148,134,168,175,245,211,120,275,229,130,140,197,124,135,209,180,114,337,135,153,105,107,656,139,131,185,306,249,146,173,204,217,273,185,151,210,190,293,273,273,136,134,314,162,371,144,147,132,179,167,156,400,210,156,117,147,195,127,247,96,167,515,205,152,153,283,299,307,140,388,482,111,126,346,121,165,106,283,226,123,172,137,171,128,157,193,232,218,179,211,189,166,183,134,236,125,187,117,166,124,190,185,205,277,310,176,147,154,444,160,125,295,298,115,168,393,200,407,162,168,160,163,517,97,131,389,220,211,179,509,141,175,467,152,134,178,121,116,150,141,489,115,170,216,271,414,153,160,158,199,150,184,424,344,160,113,251,128,148,162,307,117,241,150,316,130,268,115,104,154,474,186,183,144,168,186,406,114,126,146,179,148,657,136,133,171,99,112,129,185,130,320,217,312,234,190,138,183,144,122,378,108,134,560,133,166,154,136,135,301,156,260,476,279,127,101,313,152,145,154,175,436,136,238,491,122,183,165,230,157,510,217,149,147,199,410,321,150,158,124,228,145,261,131,124,502,443,121,131,131,151,161,475,145,200,131,130,594,146,356,163,159,165,153,135,138,155,280,460,178,151,267,129,300,96,337,232,131,9,22,17,12,4,6,23,9,7,9,11,6,7,7,9,6,17,13,9,23,8,12,11,15,12,6,12,11,7,9,7,5,7,19,5,19,5,9,4,7,4,5,12,8,17,7,7,6,10,9,7,15,8,28,8,9,17,6,8,12,6,7,17,6,15,7,14,6,11,7,5,15,8,6,7,6,19,12,8,7,4,6,6,5,10,14,10,10,8,9,6,8,12,4,11,7,7,7,18,4,22,8,17,19,6,8,8,13,5,7,5,9,4,7,6,11,27,8,13,12,6,8,8,12,10,15,7,19,6,4,11,14,7,9,13,17,19,5,21,9,5,9,14,7,7,7,7,5,9,6,21,9,10,9,8,8,5,7,22,20,9,8,8,11,14,5,6,9,6,4,9,6,17,6,8,7,17,21,8,18,15,8,11,6,6,7,8,11,9,21,9,12,13,4,6,6,5,5,5,7,1682,1380,1312,1513,1515,1303,1225,1464,1479,1496,1629,1748,1675,1719,1690,1625,1562,1907,1671,1657,15,18,12,15,15,17,15,17,16,15,18,15,17,16,16,17,16,17,15,13,21,23,19,17,19,23,25,21,21,17
VRIESS_T2,BatchC,2,2815,3219,3205,2914,16556,2780,6404,11816,3040,3058,13645,11381,7088,20516,3210,3086,3040,3166,3084,3066,14115,11168,3433,7207,5680,16311,2995,14201,3088,8155,2975,2768,3043,4963,3142,3270,2963,7974,2924,2893,2878,3202,2738,2974,2875,2829,20708,3284,33926,16443,2926,3054,2514,3251,2982,2562,16344,6490,10548,3077,2691,3048,3148,18837,3324,2790,2761,13388,3248,2701,2647,6877,2709,3347,3189,3049,2858,15784,3072,18900,3128,2668,2800,10007,2949,2953,2754,2619,24964,3224,3386,3348,2661,2781,9986,17272,7917,2730,3290,2858,3059,3084,3017,4334,2611,3226,2815,2976,2990,2930,3041,3299,2756,5636,3098,2743,2916,3087,6823,12021,2978,2922,2887,3051,2997,3334,3189,2823,11213,2832,3103,2757,25103,3105,2485,7717,3056,3111,3416,13492,3191,2831,2613,3064,2821,3027,11846,2622,2978,3089,3058,11205,2553,2910,4104,3266,2683,33523,2969,19322,2875,9061,15166,9647,3136,2831,24765,19314,2929,29551,2730,3199,2631,2782,7774,12883,2940,3181,3016,2919,14930,9669,3026,2877,3240,3294,15316,2798,14693,3088,12226,3251,3085,10822,2934,3796,3215,21074,2898,3082,168,747,138,155,83,149,431,103,117,143,154,100,369,136,132,531,170,189,139,153,122,153,451,1454,167,144,1193,196,123,1162,119,126,119,168,122,137,97,401,153,490,116,1153,102,359,738,100,128,891,263,110,112,143,241,130,170,183,160,139,151,100,326,114,448,711,937,692,123,653,147,159,376,193,124,2312,798,178,113,166,171,180,154,92,165,152,139,127,157,141,398,142,132,158,215,85,162,162,637,736,121,985,201,101,154,148,155,120,134,329,186,192,189,467,1584,162,200,127,158,527,156,107,150,792,195,175,218,152,101,787,200,129,194,163,146,126,149,299,923,163,192,532,93,1790,149,168,193,692,149,180,728,202,177,179,126,628,205,164,134,821,153,384,131,473,201,1735,140,202,136,1074,130,175,159,941,499,185,155,866,816,102,469,133,406,191,745,208,115,653,146,857,175,460,477,141,165,142,626,140,165,174,433,133,147,142,133,213,160,491,1053,164,108,136,116,107,410,815,122,165,191,195,149,191,627,112,128,108,130,132,483,206,1334,148,111,165,155,98,194,1055,110,415,162,150,142,162,167,176,130,102,194,122,174,176,144,170,1314,223,141,186,153,193,241,128,142,133,696,328,117,495,165,206,159,139,150,152,129,122,171,121,221,123,142,838,460,191,184,546,564,145,129,144,329,183,996,574,154,489,140,176,238,406,84,101,35,9,20,15,3,8,14,52,14,8,5,6,8,31,8,9,24,6,10,11,13,6,11,29,10,29,12,12,11,10,9,21,6,9,22,8,6,9,7,24,14,23,29,6,43,45,8,5,9,9,8,8,8,43,7,7,5,44,32,17,23,9,34,14,10,9,6,16,36,9,30,54,8,6,8,4,13,9,7,35,4,14,7,6,8,39,10,27,151,12,5,8,12,5,12,6,7,10,9,5,10,5,27,6,23,14,8,7,4,10,5,9,5,9,6,5,8,8,7,11,19,9,18,5,9,7,24,11,5,3,10,53,7,5,7,21,6,15,8,12,12,8,14,9,6,19,85,13,8,8,46,7,13,6,23,8,7,9,63,7,14,8,7,7,9,68,5,7,6,4,29,9,5,6,10,34,15,8,8,8,9,15,9,26,16,7,7,54,6,6,25,17,8,27,7,6,13,8,34,5,0,0,0,0,0,0,0,0,0,0,0,0,0,0,0,0,0,0,0,0,22,25,16,19,20,24,25,23,19,19,21,24,23,22,21,21,23,24,18,19,24,20,17,17,23,20,24,22,20,18
WILLIAMSON_T0,BatchA,0,3071,2895,3276,3260,2645,2896,3038,2763,2653,2958,3365,2983,3059,3047,3075,2797,2964,3223,3000,3274,2770,2707,3268,2969,3087,3210,3180,3328,3046,2956,3574,2917,2647,2775,3341,3141,3111,3048,3182,3617,3026,3327,2930,2995,3340,3260,3006,3233,3121,2994,3265,3224,2889,2896,2622,2680,2863,2971,2855,3180,2657,2589,2789,2907,3204,2898,2938,2753,3392,2876,2782,2724,3130,2783,3188,2963,2777,2911,3466,2809,2629,2883,2824,3155,2763,3283,3011,2856,3440,3307,3328,3353,2978,3086,2675,3036,2735,3040,2996,2973,3166,3439,2829,3174,2867,2847,2952,2988,3144,3056,2825,2971,2726,3268,2940,2860,3021,2892,3177,2921,3118,2947,2954,3356,3107,3098,3217,2658,2935,2829,3246,2878,3168,3318,2705,2943,2985,2863,3304,3844,3008,2543,2711,3096,3078,3176,3059,2924,3008,2606,2973,3076,2919,3058,2835,3120,3068,3069,2519,2952,2631,2965,3404,2857,2873,2598,3168,2756,3022,2924,2853,3240,2630,2836,2452,3112,3368,2938,3002,2778,3284,3178,3066,2906,2796,3333,3234,2623,2583,3431,3494,2847,3053,3215,3000,3034,2835,2689,2919,2581,164,176,157,190,99,166,123,119,139,128,165,139,134,138,155,174,162,156,144,114,121,156,137,137,162,129,256,274,121,144,115,131,140,186,114,117,107,143,102,148,126,152,101,100,227,110,114,229,288,140,161,158,222,105,136,156,144,145,130,115,143,145,152,136,204,165,158,158,133,126,161,169,135,188,199,161,115,104,163,166,188,91,153,144,122,150,185,159,114,128,141,141,193,91,106,172,195,155,111,159,203,124,180,158,189,106,155,192,163,201,205,191,201,202,157,140,181,112,168,124,191,145,192,196,203,168,114,143,112,130,209,149,156,126,144,127,125,168,207,217,103,149,170,168,180,85,131,162,94,185,162,158,125,209,204,146,146,141,135,149,123,186,181,124,161,198,179,113,147,176,126,221,177,181,165,229,136,115,233,127,175,176,108,119,112,116,179,180,150,121,88,135,125,167,203,166,159,147,183,133,157,130,187,149,162,139,141,141,106,111,100,109,138,185,125,159,187,205,129,172,160,134,116,121,143,142,174,195,147,154,115,161,138,94,187,140,150,113,132,159,149,138,166,167,138,93,177,112,170,150,153,206,202,231,154,141,189,116,147,151,151,123,102,119,121,136,121,214,169,112,165,153,118,137,167,168,231,150,157,275,156,196,145,169,153,155,127,159,130,181,168,189,151,180,143,183,92,153,114,125,10,9,7,5,3,6,19,9,7,9,6,9,7,7,9,9,8,6,8,13,6,6,11,6,10,6,10,6,8,12,7,6,6,7,4,7,6,10,4,7,5,5,6,7,7,8,7,6,9,9,8,10,8,12,6,7,6,6,6,7,8,7,5,6,10,11,7,6,8,8,5,7,7,6,9,5,9,10,7,10,3,5,6,7,9,14,6,6,8,10,6,8,12,5,5,7,7,9,8,5,8,7,10,7,7,10,7,7,5,8,6,9,6,9,7,5,8,8,5,12,6,7,7,5,9,5,8,8,6,3,12,15,6,6,6,6,6,5,9,9,6,8,11,8,8,6,10,4,8,8,13,7,13,5,8,8,6,9,9,6,4,7,4,8,7,6,5,10,7,3,11,8,6,5,11,9,11,7,7,10,9,9,10,6,7,7,8,11,5,8,7,5,9,4,6,5,4,6,6,6,10,9,8,8,10,8,8,10,9,10,1,1,1,1,1,1,1,1,1,1,311,339,246,277,315,380,375,329,260,324,321,339,349,319,320,314,340,348,298,271,21,24,17,17,19,22,24,22,21,18
WILLIAMSON_T1,BatchA,1,3397,2792,3068,2843,2918,2477,2864,2821,3014,3152,3179,2913,2928,3021,3000,3013,3038,2916,3216,2797,2759,2935,3017,2945,3018,3082,2888,2940,3019,3021,3306,3176,3110,3076,2938,2832,3211,2727,2884,3373,3096,3396,2585,3138,3492,2844,3139,3221,3078,2846,3369,3234,2558,3274,2766,3042,2914,3579,2774,3304,2494,2872,2790,3404,3115,3267,2743,2874,3001,2847,2709,2952,2751,2953,2983,3259,2852,2729,3303,3041,2980,3123,2949,3142,2628,2798,2916,2693,2787,2972,3256,2754,2979,3081,2629,2905,2929,2698,3124,2701,2889,3484,2652,3091,2587,2885,2770,2417,2795,2861,2918,2533,2832,2914,3545,2968,3087,3192,3236,3103,2607,3043,3208,2823,3140,2868,3584,2916,2726,2876,2903,2763,3270,2839,2871,2948,2998,3346,3576,3573,2849,2448,2808,2922,2917,2900,2816,3063,3251,3044,2758,2704,3102,3007,2963,3118,2970,3459,2736,2936,3039,3203,3200,2927,3843,2581,3292,2819,3060,3106,2823,3175,2906,2585,2716,3045,3373,2689,3150,2809,3198,2664,2861,2940,2777,3259,3080,2575,2865,3359,3358,2992,2668,3325,2576,2664,2966,2863,3269,2667,179,176,143,198,92,137,132,118,120,126,158,110,145,120,158,157,161,223,133,131,131,139,152,100,132,150,232,233,124,167,119,137,145,185,153,137,88,162,103,135,140,126,124,82,223,120,96,221,308,128,122,168,252,126,133,171,155,145,140,125,142,140,147,125,145,178,174,170,141,162,155,133,139,221,207,166,148,126,171,149,143,97,186,175,146,150,169,155,154,159,159,166,216,107,149,156,162,162,106,152,190,99,211,150,161,116,145,189,138,184,188,160,243,143,144,154,172,135,172,135,186,163,166,171,228,222,125,137,97,163,212,173,119,102,154,115,113,162,200,157,87,120,154,140,197,83,147,162,97,215,153,173,148,178,135,166,168,153,119,145,160,160,162,122,137,196,137,115,167,178,129,174,176,175,155,247,144,97,214,137,124,197,79,105,100,142,157,144,172,102,99,163,155,146,150,140,172,154,179,145,136,162,178,126,170,133,154,187,101,131,102,79,114,170,145,156,196,191,155,194,139,114,141,116,126,128,152,241,132,159,111,164,137,91,186,119,150,118,111,159,142,165,163,204,136,120,195,129,187,168,164,129,204,268,188,159,199,119,151,151,163,113,117,101,133,140,135,240,198,135,163,130,146,144,229,128,184,102,120,234,134,210,145,159,136,136,116,167,117,163,198,168,158,146,139,166,124,131,98,128,9,9,6,5,3,7,13,8,7,7,5,8,8,6,9,8,8,7,10,9,6,5,10,7,10,6,10,7,9,13,7,6,8,9,5,7,6,10,4,6,5,5,9,7,8,7,7,5,7,9,10,9,8,15,6,9,6,5,6,6,7,9,9,5,8,8,6,6,8,6,5,8,6,6,7,5,8,10,6,6,3,4,6,5,7,12,6,6,8,12,6,7,12,5,5,7,7,9,7,4,8,6,12,6,6,9,9,6,6,8,6,9,5,8,8,5,8,9,6,10,8,7,9,5,7,6,7,11,5,5,12,13,5,5,5,6,7,7,9,8,5,9,14,8,6,6,9,4,6,5,12,6,10,5,8,10,7,10,12,7,5,8,7,6,8,5,5,7,6,3,9,8,5,6,10,9,14,8,7,7,8,10,11,7,7,6,8,9,6,6,8,9,9,6,6,7,5,6,6,6,1000000,1000000,970611,1000000,1000000,932231,861353,1000000,1000000,1000000,1000000,1000000,1000000,1000000,1000000,1000000,1000000,1000000,1000000,1000000,17,20,16,14,16,19,20,20,16,16,18,19,19,19,18,19,18,19,15,16,21,23,19,18,23,21,24,20,21,19
WILLIAMSON_T2,BatchC,2,3023,2911,2853,3091,14820,3015,7175,13024,3210,3132,13213,12402,5991,19966,3323,3029,3008,2892,2906,2976,14467,10590,2910,7055,5775,15072,3130,15218,3290,9364,3191,2949,3314,5067,2920,3142,2897,7901,3009,3188,3012,2910,2875,2862,3087,2919,20569,2777,30399,17882,3311,2945,2581,2934,2764,2795,18008,6358,9966,2932,2605,2902,3036,19159,2767,3077,3007,13356,3161,2919,2757,6676,3185,3004,2944,2992,2960,14931,3082,21561,2865,2913,3034,9351,2625,3068,3381,3440,24804,3077,2990,2746,3064,2762,10275,17747,9403,2679,2789,3041,3176,3107,2738,4872,2867,2993,2822,3072,2756,2554,2929,3341,2843,5210,3059,3172,2835,2985,6478,14677,3024,2873,3126,3413,2876,3070,3342,2995,12814,2786,3039,2595,22417,3184,2665,8443,3129,2903,3334,13865,2893,2842,2330,3081,2574,2832,10657,2864,2862,2777,3082,11566,2718,2777,3805,3114,2997,37316,3144,16778,2906,7326,16016,9575,3163,3062,26177,18295,2738,28341,2901,3228,2892,2697,7061,13028,3224,3250,3094,2921,15585,9210,2729,3042,2971,3135,14854,2685,14968,3442,12104,2688,3195,10828,2596,4022,3256,22821,2979,2998,170,677,135,176,105,161,396,125,121,133,168,131,377,134,154,630,140,204,157,115,143,152,516,1357,191,181,1345,194,136,1215,127,125,153,185,113,157,87,430,122,542,124,971,107,376,807,135,123,1058,277,114,122,159,199,125,145,206,137,135,136,102,288,133,533,718,789,770,166,607,150,177,347,146,186,2253,999,174,121,159,196,151,139,92,179,161,116,134,116,157,454,163,142,159,233,86,145,147,654,746,90,938,210,121,212,136,124,126,132,346,173,210,181,574,1306,175,200,120,143,506,212,112,187,751,136,185,236,136,128,699,190,126,189,163,131,113,185,349,907,174,162,575,88,1636,149,158,185,793,122,174,709,198,146,150,136,444,185,156,145,850,126,435,144,555,198,1383,143,216,146,985,157,195,148,807,584,156,151,907,978,86,528,122,422,182,765,194,107,552,201,844,144,446,489,158,160,206,682,142,162,171,397,121,152,185,192,155,168,466,804,180,79,107,108,91,411,746,161,157,174,185,132,182,586,117,117,113,119,142,548,189,1452,161,111,145,148,105,174,938,127,413,131,159,139,168,173,230,127,122,205,128,189,142,154,158,1281,180,161,164,201,265,250,158,134,117,657,319,103,707,155,235,159,107,150,168,135,159,154,137,195,106,134,770,584,177,144,502,481,138,152,177,282,151,1382,529,136,492,179,177,271,408,105,103,33,9,25,14,3,6,12,52,16,9,5,8,9,35,8,9,27,6,9,11,14,6,11,32,11,33,12,9,17,13,7,25,6,9,19,10,7,10,7,25,15,23,34,7,36,43,7,6,9,9,8,6,8,64,6,7,6,43,36,15,17,9,36,10,12,9,8,16,33,7,30,50,8,7,7,5,10,9,7,48,4,11,6,6,9,37,8,25,128,12,5,7,9,4,12,8,6,8,10,5,6,6,28,7,26,19,8,9,5,10,6,8,6,7,5,5,8,6,7,10,19,10,16,7,8,6,34,10,7,4,11,40,8,4,7,20,6,15,8,12,14,7,15,8,6,23,67,13,7,6,36,7,11,6,23,8,7,7,56,7,12,8,6,6,7,53,4,7,7,4,27,7,6,7,9,32,14,8,8,6,9,16,9,25,14,7,7,58,7,7,23,16,9,20,6,5,12,6,35,7,0,0,0,0,0,0,0,0,0,0,0,0,0,0,0,0,0,0,0,0,46,49,38,42,46,50,51,48,43,43,48,44,49,48,47,46,47,50,40,36,21,21,18,17,22,21,25,21,19,18
ANDREWS_T0,BatchB,0,2913,6044,3768,2776,2737,2871,5177,3036,5537,6252,3007,6255,5462,3078,6755,2954,3043,2621,3200,3270,3371,2795,3178,8311,2790,2738,6565,2851,3263,2742,3439,2474,2742,2773,2915,2976,2949,7745,3087,2983,6438,2969,2648,3313,3143,5988,2862,2930,3143,2897,4822,6840,2536,2516,7942,2985,2868,3611,5455,9171,3042,3104,3023,5882,2805,2943,2945,2989,3074,2969,2763,4464,3073,3002,2952,2871,4914,6191,3161,6663,3341,2443,3003,6240,2817,2735,2806,4649,3104,5925,6922,2843,2971,4105,2597,6600,5864,2733,2999,7738,2823,4807,3131,3426,2870,3180,2718,2893,7364,2586,3136,3111,3472,2820,3131,5652,2820,2979,3142,3068,2885,6982,3002,6324,3137,3128,3106,4398,2719,2980,7809,5279,3023,3132,2928,5879,2752,3338,2926,3440,10073,3017,4737,2842,3017,2896,3100,2867,2917,3277,2894,6152,8556,2830,3082,3405,5857,3437,3315,2459,2990,2763,3011,2805,5507,2741,2807,3294,9562,6808,4079,2837,2796,2839,2804,3108,3314,2667,2930,7901,3103,6435,3044,3764,3187,3269,3181,2704,6976,6210,3207,8639,3499,4744,4422,2936,9420,2791,2652,9035,144,246,223,163,103,135,128,103,98,121,193,168,144,139,149,181,156,218,209,119,266,168,164,134,144,154,225,230,124,338,232,129,174,181,121,130,216,128,112,381,155,150,122,120,661,95,118,204,293,323,139,149,244,209,238,178,174,232,248,289,185,316,144,125,354,184,466,157,142,157,193,176,128,431,199,143,134,125,199,187,225,108,202,444,209,144,167,358,319,261,132,495,496,100,178,315,160,128,118,367,197,95,198,133,158,120,127,186,227,222,178,215,197,181,173,135,297,139,169,96,180,145,208,176,220,281,266,146,109,174,317,203,124,312,278,134,137,332,181,326,174,162,145,133,617,99,136,333,219,213,151,507,120,159,416,159,133,170,148,178,150,164,423,117,134,209,255,424,140,162,174,217,181,162,435,437,139,117,162,139,159,187,273,94,293,135,367,166,300,107,84,153,557,165,166,132,186,153,329,111,143,143,228,134,489,157,150,179,106,109,95,195,115,317,236,329,173,207,141,198,166,102,433,110,108,510,164,209,175,154,121,257,166,329,412,297,145,137,321,174,135,146,140,434,151,197,448,168,179,188,248,148,606,232,141,138,234,378,439,119,151,118,275,161,250,132,145,442,456,118,176,121,145,164,446,129,198,110,153,533,149,322,175,157,162,134,167,146,152,293,454,115,136,229,148,309,95,258,190,88,9,20,16,14,5,6,21,8,6,8,11,9,7,7,8,8,23,11,9,33,8,16,11,13,12,6,13,13,7,11,8,7,6,22,5,12,7,8,4,7,6,6,12,8,21,7,7,5,9,9,8,15,8,31,7,11,20,6,7,11,8,10,15,6,17,7,12,5,9,7,5,17,10,6,8,5,15,10,8,9,4,6,6,6,8,13,10,11,8,11,6,6,14,6,8,7,7,11,18,5,29,8,20,15,7,10,8,15,5,7,5,7,5,7,6,11,28,8,16,11,9,10,7,13,8,14,5,23,6,4,12,12,6,11,12,13,16,6,26,9,5,8,11,8,7,8,9,5,10,6,22,8,12,11,10,9,7,6,24,18,10,7,8,13,15,5,6,7,7,4,10,8,17,5,9,8,14,18,9,22,17,9,10,7,6,6,7,10,11,19,6,12,9,5,6,7,3,6,6,7,51,49,47,49,56,44,49,50,50,61,3,3,2,2,3,2,3,3,2,2,407,430,328,332,363,433,416,425,364,380,385,388,423,349,424,383,402,421,334,302,20,22,21,16,19,21,21,23,20,19
ANDREWS_T1,BatchB,1,2733,6484,2914,3249,2869,2767,4741,2747,4729,6236,3538,7124,5307,3336,6459,2821,3263,3188,3279,2916,3142,2862,3080,8567,2989,3249,5935,2965,3435,3079,3720,2925,3177,2758,2637,3599,3223,7747,2677,3419,6758,3035,2874,3160,3064,5325,3299,3154,3235,2984,4733,6972,2613,2934,7513,2936,2941,3354,5776,9530,2488,3000,2903,6645,3193,3160,2583,3200,2880,2906,2922,3978,2735,2989,2924,3735,4889,6245,3242,6227,3029,2949,2914,6127,2625,3027,2820,4504,3068,6165,6280,2940,2795,4046,2446,5681,6811,2606,2634,7340,2996,4795,2986,3172,2988,3097,2806,2719,6805,2722,3327,3223,3558,2700,2999,5650,2981,2987,3046,3106,2722,5951,2820,6428,3386,3276,3074,4641,3195,2725,7636,5628,2812,3163,2866,5887,3108,3053,2984,3440,10738,2639,4590,3048,2948,2658,3063,2764,2915,2929,2904,5506,8466,3003,3057,3024,6268,3048,3021,2684,2687,2923,3163,3038,5748,2568,3386,2840,10444,6267,4513,2993,2909,2895,2951,3047,3377,2905,3000,7034,3156,7402,3039,3214,3247,3171,3067,2949,7293,5785,3405,8195,3324,5165,4081,2909,8624,2703,2989,7814,137,197,216,159,98,146,153,107,144,132,153,210,144,134,105,201,164,223,280,110,298,157,174,139,169,155,282,238,136,284,184,127,181,188,131,131,204,147,111,438,138,158,98,110,787,114,115,203,302,230,138,156,204,219,274,193,142,223,224,325,266,301,153,141,294,167,438,180,131,129,183,172,150,399,212,163,113,124,158,145,220,121,169,562,239,155,144,298,275,278,178,428,542,103,155,330,142,146,90,344,185,109,192,140,133,130,144,187,223,185,199,235,239,174,158,149,250,140,180,123,197,141,198,171,215,284,276,163,110,230,375,178,133,287,295,134,127,406,198,325,167,141,133,150,532,92,143,488,206,170,183,490,151,212,547,179,129,186,131,148,149,159,522,128,135,222,253,329,120,201,160,200,202,164,429,368,144,136,215,147,170,213,237,121,265,112,434,163,261,120,89,151,426,147,169,140,159,161,368,128,121,155,196,148,565,161,132,176,106,98,90,199,143,279,251,342,187,193,126,185,142,137,388,120,135,553,180,204,194,162,142,245,140,302,427,254,150,124,350,137,177,149,164,386,140,215,502,121,153,147,241,146,472,253,143,133,167,510,369,150,177,142,214,160,250,145,162,419,378,144,137,143,134,133,422,134,178,115,161,611,160,348,140,153,189,138,170,166,112,314,370,181,149,289,138,328,99,332,225,110,9,22,17,11,4,7,21,9,7,8,12,6,7,7,9,7,19,13,10,29,9,15,11,15,15,6,10,13,8,11,7,5,7,20,5,18,8,8,4,5,5,7,15,7,16,7,8,6,9,9,9,19,7,36,8,11,16,6,8,12,6,8,15,6,13,9,15,7,8,10,6,16,9,5,10,6,18,10,6,6,5,5,6,5,9,11,10,9,7,10,6,8,13,5,8,6,7,10,21,5,21,6,24,19,7,9,10,12,5,9,6,8,5,9,6,13,24,9,13,10,6,7,8,15,8,13,7,22,7,4,9,13,6,11,16,15,18,5,22,8,4,10,12,5,7,6,9,4,9,6,19,8,13,11,8,7,4,7,30,18,10,6,7,12,14,4,4,9,6,4,9,6,20,5,9,9,16,22,8,17,18,8,11,7,7,6,10,10,12,21,8,12,12,5,7,6,4,5,6,6,0,0,0,0,0,0,0,0,0,0,0,0,0,0,0,0,0,0,0,0,19,22,16,16,18,23,19,21,18,16,21,19,20,20,21,20,22,21,18,17,21,23,19,17,21,21,25,22,20,19
ANDREWS_T2,BatchC,2,2823,2827,3091,2747,16281,2734,6181,13504,2994,2687,13258,11923,5992,20866,3291,2563,3046,2796,3223,2880,13757,11523,3198,7405,6150,15491,3030,13896,2828,8719,3284,3312,2733,5065,3238,3216,3357,8342,2599,3109,3033,3208,2708,2937,3114,3102,19770,2649,31765,16167,2878,3242,2654,3083,2794,3165,17030,6413,9712,3235,2706,2932,2889,19287,3038,3326,2930,12484,3428,2836,3273,6792,2808,2726,3090,3047,3079,14934,3387,20650,3249,3355,3051,8966,2513,3334,3151,3118,24685,3166,2724,2567,2886,3216,9943,15399,8823,2882,2945,2693,2740,3044,2857,4977,2607,3064,2809,2851,3137,2549,3005,2890,2678,5098,3036,2917,3155,2962,6518,14401,2846,2918,3125,3155,3209,3163,3379,2818,11829,2703,3042,2665,22406,2786,2739,8288,2993,3076,3117,13120,3134,3061,2438,3002,3110,2853,10550,3153,2693,3057,2893,11915,2855,2922,3979,3135,2733,37537,2983,18355,2729,7175,16623,10220,3205,3027,27589,20369,3162,26379,3045,3224,2795,2743,7303,12046,2806,2949,2738,3019,17717,10224,2931,2850,2992,3386,14949,2602,15019,3158,12133,2771,3060,9340,2994,4464,2754,22453,2771,2901,183,663,170,175,86,172,328,105,126,136,189,105,471,133,128,563,181,201,158,145,140,162,400,1668,155,170,1172,210,127,1210,109,124,146,162,142,122,108,398,111,574,126,1157,102,311,698,106,105,871,257,129,163,139,215,126,153,198,152,143,150,109,376,158,517,811,839,785,173,640,125,147,312,159,146,2030,1109,152,115,174,199,146,172,115,170,127,90,116,148,180,467,146,153,157,168,114,133,155,721,625,86,909,177,111,171,127,135,139,151,377,183,234,178,626,1655,147,180,151,153,475,173,114,185,778,195,176,209,150,114,805,192,130,235,215,141,122,141,337,708,162,201,530,101,1579,144,174,186,877,123,179,665,190,149,170,142,448,182,161,168,730,139,426,131,597,171,1485,152,181,130,1066,153,200,147,833,502,182,158,1131,1107,103,403,152,347,194,719,206,104,569,166,922,144,512,379,156,125,154,653,182,177,160,407,113,145,156,174,218,158,577,842,191,90,132,101,96,421,794,170,166,171,187,153,177,816,115,131,114,117,160,542,195,1518,151,112,139,134,100,157,771,136,432,123,158,132,156,153,191,131,107,203,142,167,167,129,172,1346,217,154,129,179,260,284,154,170,139,713,340,120,453,138,204,189,122,184,128,133,142,188,150,147,115,159,975,562,188,149,556,418,142,118,145,324,156,976,649,136,458,126,155,264,421,91,100,33,8,19,13,3,6,13,58,16,9,5,6,8,42,9,6,27,6,10,10,13,6,10,38,11,37,10,10,13,11,7,27,6,9,17,9,6,11,8,20,12,23,31,7,39,43,9,6,9,9,11,9,10,63,6,5,6,42,33,13,24,8,48,10,10,6,7,15,46,9,36,49,7,6,8,4,13,10,7,39,4,12,7,5,10,36,8,19,130,11,4,8,12,4,10,6,5,7,8,5,8,7,22,6,24,25,9,7,6,7,6,8,5,9,6,7,10,8,6,9,23,7,17,6,7,7,39,11,5,4,8,43,6,6,6,16,8,15,8,12,12,7,12,9,8,24,63,14,7,7,36,7,12,7,21,9,6,8,64,8,12,9,6,7,7,60,5,9,6,4,23,8,6,4,9,35,12,9,7,8,7,18,11,26,17,6,9,49,9,8,21,22,12,32,6,5,13,6,39,6,0,0,0,0,0,0,0,0,0,0,0,0,0,0,0,0,0,0,0,0,8,8,6,6,7,9,8,8,7,7,8,7,8,8,8,8,8,8,7,6,22,21,19,18,20,22,23,21,20,18
GREGOR_T0,BatchA,0,3521,2627,2948,3248,2677,2877,3128,2803,2902,2828,3089,3089,2912,3398,2855,3016,3184,2665,3316,2953,2771,3085,2968,2911,2971,2763,3140,3244,3201,2961,3249,2831,2708,3213,3260,2985,2799,2921,2804,2866,3118,2991,2824,3006,2855,2876,3242,3265,2827,2882,3279,2667,3180,2860,3019,2960,2865,3112,2786,2825,2666,2856,3186,3106,3199,3230,2755,2920,2909,2723,2665,2848,2635,3275,3014,2933,2884,2711,2888,3087,2976,2996,2997,3029,2917,3146,3250,2946,2923,3009,2902,3236,2786,2642,2737,2765,2580,2704,3120,2755,2849,3276,2778,2940,2753,2976,2871,2871,3120,2932,3146,2602,3001,2930,3090,2936,3475,2905,3301,3168,2899,2478,3107,3233,3200,3086,3436,2639,2782,2759,3093,2757,3343,2935,2697,2603,3531,3267,3208,3350,2860,2620,2621,3165,2716,2513,3022,2878,3199,3262,3029,2808,2870,2921,2928,3217,3319,3267,2635,2707,2646,2603,3521,2823,2921,2636,3385,3168,2684,3090,3009,3069,2905,2929,2397,3069,2938,2916,3237,3202,3384,3233,3035,3361,3071,3022,2880,2878,2887,3137,3099,3023,3024,2968,3170,2701,2872,2764,2905,2830,154,182,174,135,96,159,121,110,129,120,214,114,139,163,123,199,146,217,119,129,141,156,138,123,135,161,246,218,122,158,114,125,157,179,118,124,88,124,131,142,129,130,108,115,208,111,121,187,270,106,127,125,222,115,126,204,138,150,136,118,156,128,169,149,166,187,143,177,158,141,142,183,146,219,203,160,128,116,218,151,153,106,199,152,124,135,162,169,129,138,137,147,215,85,123,135,166,133,119,150,245,102,159,145,136,135,182,195,137,204,188,155,214,171,214,154,155,124,153,108,193,157,188,194,218,199,92,131,119,123,227,165,129,107,136,110,142,148,199,176,92,169,147,164,216,109,124,154,100,181,128,160,139,141,206,179,182,156,116,161,149,152,184,120,142,220,144,122,197,184,149,202,213,134,180,273,142,102,179,139,156,199,92,110,106,130,147,162,162,106,97,173,132,140,204,162,161,157,169,139,159,168,183,130,163,137,142,160,90,96,93,85,128,182,114,152,162,172,139,200,140,126,147,108,130,132,157,242,127,190,145,153,115,100,181,150,142,129,128,154,136,162,149,211,162,96,174,152,186,152,179,156,245,216,145,144,217,122,140,138,154,123,120,89,107,119,120,223,214,124,138,135,145,158,176,155,172,104,141,245,178,200,157,146,142,140,124,161,137,190,167,149,122,179,124,171,99,141,96,99,10,8,7,5,4,6,15,8,6,9,5,6,8,7,10,8,10,5,10,10,5,5,10,8,11,8,10,6,7,12,6,7,7,7,4,8,6,10,5,7,4,6,6,8,7,6,7,5,7,9,9,7,7,12,8,7,5,5,5,7,8,9,8,6,12,9,7,9,8,8,4,7,8,5,8,5,13,11,7,9,3,6,8,5,10,11,5,7,8,12,6,8,10,4,6,7,6,10,9,5,9,6,10,6,7,8,8,8,6,8,5,7,6,7,7,6,11,10,7,12,6,8,7,6,9,7,8,13,5,4,12,14,6,5,9,6,7,6,8,10,6,8,13,7,7,6,8,4,7,6,13,6,12,6,8,8,8,7,10,7,4,6,6,5,7,5,5,9,7,5,10,7,7,5,9,8,15,9,9,7,8,9,9,7,6,6,9,12,6,7,8,8,9,4,6,7,5,6,6,7,1,1,1,1,1,1,1,1,1,1,0,0,0,0,0,0,0,0,0,0,2568,2605,1966,2306,2271,2656,2524,2569,2209,2343,2591,2464,2636,2392,2630,2749,2201,2489,2218,2114,21,22,19,17,20,21,22,19,19,19
GREGOR_T1,BatchA,1,3357,3069,2639,2980,2575,2481,2890,3358,2826,3027,3259,2974,3131,3547,2947,2852,3157,2612,3249,2986,3218,2985,3111,2948,2797,2970,3321,2938,3099,3128,3189,3006,2896,2811,2783,3527,2861,2916,3046,3601,3016,3222,2632,2782,2890,3131,3153,3143,2960,2722,2988,2983,2795,3118,2975,2961,3032,3191,2744,3085,2988,3236,3015,3234,2819,3356,3275,2940,2878,3001,2974,2664,2954,2869,2944,3190,3184,2954,3022,2787,3416,2997,3086,2779,2971,2796,2985,2869,3036,2959,3093,2840,2902,2795,2885,2622,3139,2729,3399,2538,3042,3323,2813,2898,2794,2801,2861,3042,3069,2694,3203,3063,2865,2556,3462,3214,3053,3145,3187,2824,2854,3299,2791,2998,3407,3097,3047,2886,2554,3053,3081,2649,3142,2909,2924,2735,2956,2978,3027,3372,3126,2821,2618,2842,2804,2603,3191,2719,3057,2859,2885,2363,2409,3014,2967,3118,3285,3335,2718,2856,2905,2833,3347,3305,3269,2878,3610,3087,2877,2869,2887,2798,3032,2773,2714,3126,3049,2718,2882,2908,3260,2863,2850,3132,3412,3316,3162,2930,2936,3168,2911,2809,3122,2965,3038,2813,2999,2773,2958,2933,143,218,180,185,90,140,130,95,126,141,201,86,162,165,149,180,147,194,139,122,136,166,157,116,165,135,219,233,127,143,98,126,132,208,122,146,91,131,113,123,121,136,127,108,219,113,98,252,249,107,141,164,218,126,151,172,155,137,145,119,144,154,137,110,160,218,148,167,146,180,130,155,144,220,227,173,103,108,203,146,139,98,217,182,111,163,184,179,134,118,112,176,204,92,144,145,149,144,124,170,186,99,189,142,142,126,143,244,173,215,208,163,251,170,176,133,141,139,192,123,190,144,184,179,214,174,97,164,118,117,216,196,144,128,138,116,135,171,212,138,85,146,132,151,193,102,140,145,121,238,183,214,122,164,178,152,140,166,94,111,149,147,207,131,150,196,116,125,147,195,140,181,151,180,159,259,142,86,206,168,153,201,115,110,112,124,182,134,159,118,96,135,141,161,164,126,171,176,183,118,168,151,164,147,138,122,123,171,118,134,94,98,122,145,124,172,188,157,142,212,177,123,120,112,139,141,180,272,84,198,133,196,142,114,188,136,124,132,121,161,167,145,189,181,134,98,190,157,158,143,139,168,247,232,155,154,208,119,177,166,150,119,135,116,104,118,119,224,176,121,169,135,129,168,167,131,198,110,124,246,206,190,166,184,158,154,138,157,119,174,213,169,131,199,161,209,100,138,106,121,10,9,7,4,4,6,14,7,6,10,5,6,8,7,10,7,8,8,8,11,6,6,10,6,9,6,9,7,7,10,6,6,7,10,6,9,7,10,4,8,5,5,8,9,7,7,7,5,10,9,9,8,9,13,7,7,8,7,7,6,7,8,8,6,7,8,6,6,7,7,5,9,8,5,7,5,11,9,8,9,4,6,6,5,9,14,6,6,7,11,6,7,11,5,5,8,7,10,8,5,8,7,9,6,7,8,8,8,5,10,6,7,4,7,6,6,9,7,6,9,7,7,10,7,9,9,8,12,5,4,11,15,5,4,6,6,7,4,9,8,6,8,12,9,7,8,10,4,7,7,11,7,12,5,10,9,7,8,8,7,5,8,5,8,8,4,5,10,7,3,8,8,6,5,9,8,15,7,9,7,8,8,9,6,6,8,8,12,6,7,7,8,9,4,6,6,5,6,7,7,0,0,0,0,0,0,0,0,0,0,4,4,4,4,4,4,3,4,4,4,1,1,1,1,1,1,1,1,1,1,1,1,1,1,1,1,1,1,1,1,23,23,20,16,23,23,24,21,20,19
GREGOR_T2,BatchC,2,2815,3219,3205,2914,16556,2780,6404,11816,3040,3058,13645,11381,7088,20516,3210,3086,3040,3166,3084,3066,14115,11168,3433,7207,5680,16311,2995,14201,3088,8155,2975,2768,3043,4963,3142,3270,2963,7974,2924,2893,2878,3202,2738,2974,2875,2829,20708,3284,33926,16443,2926,3054,2514,3251,2982,2562,16344,6490,10548,3077,2691,3048,3148,18837,3324,2790,2761,13388,3248,2701,2647,6877,2709,3347,3189,3049,2858,15784,3072,18900,3128,2668,2800,10007,2949,2953,2754,2619,24964,3224,3386,3348,2661,2781,9986,17272,7917,2730,3290,2858,3059,3084,3017,4334,2611,3226,2815,2976,2990,2930,3041,3299,2756,5636,3098,2743,2916,3087,6823,12021,2978,2922,2887,3051,2997,3334,3189,2823,11213,2832,3103,2757,25103,3105,2485,7717,3056,3111,3416,13492,3191,2831,2613,3064,2821,3027,11846,2622,2978,3089,3058,11205,2553,2910,4104,3266,2683,33523,2969,19322,2875,9061,15166,9647,3136,2831,24765,19314,2929,29551,2730,3199,2631,2782,7774,12883,2940,3181,3016,2919,14930,9669,3026,2877,3240,3294,15316,2798,14693,3088,12226,3251,3085,10822,2934,3796,3215,21074,2898,3082,168,747,138,155,83,149,431,103,117,143,154,100,369,136,132,531,170,189,139,153,122,153,451,1454,167,144,1193,196,123,1162,119,126,119,168,122,137,97,401,153,490,116,1153,102,359,738,100,128,891,263,110,112,143,241,130,170,183,160,139,151,100,326,114,448,711,937,692,123,653,147,159,376,193,124,2312,798,178,113,166,171,180,154,92,165,152,139,127,157,141,398,142,132,158,215,85,162,162,637,736,121,985,201,101,154,148,155,120,134,329,186,192,189,467,1584,162,200,127,158,527,156,107,150,792,195,175,218,152,101,787,200,129,194,163,146,126,149,299,923,163,192,532,93,1790,149,168,193,692,149,180,728,202,177,179,126,628,205,164,134,821,153,384,131,473,201,1735,140,202,136,1074,130,175,159,941,499,185,155,866,816,102,469,133,406,191,745,208,115,653,146,857,175,460,477,141,165,142,626,140,165,174,433,133,147,142,133,213,160,491,1053,164,108,136,116,107,410,815,122,165,191,195,149,191,627,112,128,108,130,132,483,206,1334,148,111,165,155,98,194,1055,110,415,162,150,142,162,167,176,130,102,194,122,174,176,144,170,1314,223,141,186,153,193,241,128,142,133,696,328,117,495,165,206,159,139,150,152,129,122,171,121,221,123,142,838,460,191,184,546,564,145,129,144,329,183,996,574,154,489,140,176,238,406,84,101,35,9,20,15,3,8,14,52,14,8,5,6,8,31,8,9,24,6,10,11,13,6,11,29,10,29,12,12,11,10,9,21,6,9,22,8,6,9,7,24,14,23,29,6,43,45,8,5,9,9,8,8,8,43,7,7,5,44,32,17,23,9,34,14,10,9,6,16,36,9,30,54,8,6,8,4,13,9,7,35,4,14,7,6,8,39,10,27,151,12,5,8,12,5,12,6,7,10,9,5,10,5,27,6,23,14,8,7,4,10,5,9,5,9,6,5,8,8,7,11,19,9,18,5,9,7,24,11,5,3,10,53,7,5,7,21,6,15,8,12,12,8,14,9,6,19,85,13,8,8,46,7,13,6,23,8,7,9,63,7,14,8,7,7,9,68,5,7,6,4,29,9,5,6,10,34,15,8,8,8,9,15,9,26,16,7,7,54,6,6,25,17,8,27,7,6,13,8,34,5,0,0,0,0,0,0,0,0,0,0,0,0,0,0,0,0,0,0,0,0,22,25,16,19,20,24,25,23,19,19,21,24,23,22,21,21,23,24,18,19,24,20,17,17,23,20,24,22,20,18
GOLIC_T0,BatchB,0,2938,5684,3106,3184,3007,2989,4904,3156,5044,6379,3052,6079,4638,3237,7208,2719,3177,3125,3378,2654,3023,2510,3018,7320,3041,3217,5944,3135,2757,2795,3147,3042,3306,2797,3083,3266,2649,8223,2634,3126,6248,3392,2891,3423,2888,5375,3008,3020,3207,2906,4624,6294,2641,2868,8223,2756,2831,3158,6001,8915,2867,2865,3161,6390,2925,3113,2978,2843,3252,2581,2818,4285,2915,2816,2978,2988,5345,5862,3242,6124,3163,2949,2803,6319,2959,3379,3082,4169,3204,6609,5879,2999,2781,3942,2673,5565,6355,2666,3122,6797,2740,4578,2699,2750,2710,2937,2676,3046,7037,2851,3362,3498,3603,2889,3082,5997,2926,2967,2924,3125,2874,6530,3246,6758,3208,2837,3437,4342,2793,2990,7827,6118,3065,3219,2924,5779,2913,3353,3491,3425,10489,3005,4352,3172,2971,3283,2784,3350,3335,2822,2979,6562,7969,2894,3069,3169,5998,2819,2761,2991,2947,3022,3446,2796,4810,2706,3057,2721,8757,6298,3888,3240,2625,2871,2649,2804,2824,3285,2903,7318,3064,7808,3295,3425,3050,3236,3041,2800,6722,6462,3544,7372,3546,4913,4411,2767,8609,2910,2635,8914,173,183,209,143,117,127,128,111,123,133,159,214,142,140,158,184,137,205,220,160,279,146,145,125,169,182,227,188,108,315,244,136,148,176,127,121,208,146,103,493,138,156,107,93,748,98,102,227,274,271,116,184,219,180,217,189,171,254,196,274,271,267,159,125,315,168,387,133,167,110,188,158,165,388,213,161,117,117,153,150,188,108,173,466,239,144,161,324,306,227,157,441,483,116,132,298,153,124,102,315,171,105,200,161,158,128,137,203,222,214,194,221,202,128,180,122,239,136,223,126,154,170,217,158,232,315,290,164,124,179,372,153,116,340,303,108,125,425,199,315,170,156,149,138,555,100,125,406,225,183,149,487,112,155,503,165,146,159,100,130,142,162,499,125,150,175,205,351,159,177,121,179,181,171,492,352,177,149,178,136,156,185,263,135,260,131,315,187,288,121,75,126,502,165,164,139,194,125,456,122,171,131,213,151,607,149,140,159,100,110,127,189,118,311,214,370,174,179,152,190,138,131,470,111,126,485,152,216,204,148,121,237,135,254,440,302,135,107,418,159,154,148,169,388,133,265,537,137,221,137,269,166,496,244,150,135,167,475,400,128,177,127,219,184,249,158,120,459,476,91,131,117,147,153,560,142,180,110,142,591,160,314,148,131,122,138,167,148,132,301,415,149,138,265,160,334,122,281,215,106,12,24,13,11,3,5,22,8,7,8,13,6,7,8,10,9,22,13,11,31,10,13,12,17,14,7,10,11,10,10,7,7,6,21,5,18,6,10,3,5,6,6,13,8,19,7,7,6,8,9,7,16,9,28,7,16,19,6,8,11,7,8,19,6,15,10,14,6,9,7,5,14,8,6,6,5,18,9,10,10,4,7,6,6,10,11,8,12,8,8,6,10,11,4,9,7,6,11,15,6,23,7,19,18,5,10,10,11,6,9,6,9,5,7,6,10,22,8,10,12,6,8,10,12,7,16,6,22,9,4,12,12,7,12,12,19,20,6,24,7,5,8,13,9,6,6,7,5,9,7,23,6,12,11,8,8,5,7,28,18,9,7,8,12,13,4,5,8,7,4,9,8,15,6,9,8,12,20,9,14,12,6,10,7,6,6,11,11,10,21,7,11,8,4,8,5,3,6,6,8,29,26,28,29,28,26,24,28,30,30,37,37,31,34,33,33,31,40,32,34,17,16,13,12,13,18,15,16,14,15,16,15,16,16,16,16,16,16,13,14,21,22,17,17,19,23,25,19,20,20
GOLIC_T1,BatchB,1,3342,5485,3117,3114,2814,2915,5222,2791,4742,6185,3108,6385,5440,3351,6476,2650,3217,2816,3110,2761,2936,3022,3276,7500,3206,2818,5835,3040,3184,2794,3436,2662,2886,2903,3123,3357,2944,7103,2838,2837,6193,3019,2798,2770,3156,5635,3024,3436,2876,3174,4388,6532,2840,2511,7601,2992,2783,3307,6116,8535,2598,2844,2992,6216,3106,3035,3046,2915,3549,2870,3090,4193,3041,3124,2907,2969,5137,6472,2818,6820,3114,2784,2932,5806,2817,2772,2808,4170,3108,6335,6945,2956,3008,4262,2523,5916,6098,2474,3079,7211,2632,4599,2738,3418,3130,2860,2648,3147,6946,2736,3224,3324,3570,2724,2653,5148,3123,2939,3211,2694,2928,6279,2742,7526,3213,3147,3167,4663,2811,3041,8538,5973,3140,2850,2972,6610,2744,3210,2827,3656,10390,2737,4304,3316,2663,3017,2808,3083,3147,2725,2933,6087,8942,2828,2867,3136,5224,3198,3209,2603,2914,2688,3710,2722,4791,2840,3145,3335,10581,6835,3966,3145,3132,2879,2541,3428,2826,3199,2826,7388,3258,7645,2753,3311,3003,3322,2971,2912,6243,5855,2981,8255,3721,5121,4370,2823,8095,2983,2923,7887,155,199,194,191,100,145,125,116,132,120,184,227,145,152,126,168,149,184,249,132,305,148,173,122,189,153,230,196,131,288,204,123,153,178,139,115,177,133,123,358,113,143,99,118,830,116,117,204,261,220,124,143,236,233,242,184,151,197,231,314,261,300,169,127,323,200,385,147,150,138,180,153,159,380,230,162,151,106,214,165,228,118,159,492,251,126,158,296,308,322,149,431,437,111,140,265,177,140,96,335,197,95,196,169,137,106,146,195,280,188,192,238,188,165,180,157,251,142,171,120,176,186,188,206,265,287,285,133,122,170,336,159,134,337,320,108,149,473,191,330,191,163,115,171,607,94,143,415,183,212,173,509,141,179,418,144,151,189,114,122,150,164,507,118,135,213,257,375,171,157,145,199,159,177,482,401,129,130,237,119,150,178,289,133,261,150,332,157,197,110,96,175,446,172,168,167,163,133,397,117,152,154,195,155,583,167,156,175,98,132,117,234,150,340,221,358,203,197,158,202,159,102,526,112,148,479,174,221,157,142,137,290,137,260,427,271,134,132,416,167,149,150,137,362,135,248,490,130,187,146,276,180,555,207,159,111,172,530,356,147,157,135,235,191,218,148,127,512,414,108,140,107,122,158,332,147,189,117,137,557,139,293,173,177,163,137,168,144,122,297,488,185,134,266,155,277,120,292,235,106,10,22,17,12,4,8,25,9,7,9,13,9,7,6,9,9,20,15,7,29,9,17,10,13,17,6,13,13,8,10,6,6,7,18,5,13,7,10,5,7,4,6,17,8,21,8,6,5,9,10,10,19,9,25,7,13,20,5,6,12,7,8,17,5,13,10,14,6,7,8,5,15,10,5,7,5,18,12,7,8,4,7,7,6,8,11,9,11,8,12,5,9,13,5,9,6,5,7,15,4,25,6,21,23,6,11,11,14,4,9,5,8,5,9,7,15,23,11,10,11,6,8,8,12,8,18,7,23,5,5,11,15,5,11,14,13,23,5,23,8,5,9,12,7,7,8,8,5,8,7,29,9,10,10,9,8,6,7,24,18,10,7,8,13,13,5,5,7,7,4,9,8,16,4,10,8,14,22,7,17,14,8,9,7,7,8,9,12,9,20,11,9,9,5,6,6,4,6,7,6,0,0,0,0,0,0,0,0,0,0,0,0,0,0,0,0,0,0,0,0,30,31,23,25,25,32,31,31,27,27,30,31,30,31,30,29,31,32,24,25,23,23,18,19,20,21,25,22,20,19
GOLIC_T2,BatchC,2,3023,2911,2853,3091,14820,3015,7175,13024,3210,3132,13213,12402,5991,19966,3323,3029,3008,2892,2906,2976,14467,10590,2910,7055,5775,15072,3130,15218,3290,9364,3191,2949,3314,5067,2920,3142,2897,7901,3009,3188,3012,2910,2875,2862,3087,2919,20569,2777,30399,17882,3311,2945,2581,2934,2764,2795,18008,6358,9966,2932,2605,2902,3036,19159,2767,3077,3007,13356,3161,2919,2757,6676,3185,3004,2944,2992,2960,14931,3082,21561,2865,2913,3034,9351,2625,3068,3381,3440,24804,3077,2990,2746,3064,2762,10275,17747,9403,2679,2789,3041,3176,3107,2738,4872,2867,2993,2822,3072,2756,2554,2929,3341,2843,5210,3059,3172,2835,2985,6478,14677,3024,2873,3126,3413,2876,3070,3342,2995,12814,2786,3039,2595,22417,3184,2665,8443,3129,2903,3334,13865,2893,2842,2330,3081,2574,2832,10657,2864,2862,2777,3082,11566,2718,2777,3805,3114,2997,37316,3144,16778,2906,7326,16016,9575,3163,3062,26177,18295,2738,28341,2901,3228,2892,2697,7061,13028,3224,3250,3094,2921,15585,9210,2729,3042,2971,3135,14854,2685,14968,3442,12104,2688,3195,10828,2596,4022,3256,22821,2979,2998,170,677,135,176,105,161,396,125,121,133,168,131,377,134,154,630,140,204,157,115,143,152,516,1357,191,181,1345,194,136,1215,127,125,153,185,113,157,87,430,122,542,124,971,107,376,807,135,123,1058,277,114,122,159,199,125,145,206,137,135,136,102,288,133,533,718,789,770,166,607,150,177,347,146,186,2253,999,174,121,159,196,151,139,92,179,161,116,134,116,157,454,163,142,159,233,86,145,147,654,746,90,938,210,121,212,136,124,126,132,346,173,210,181,574,1306,175,200,120,143,506,212,112,187,751,136,185,236,136,128,699,190,126,189,163,131,113,185,349,907,174,162,575,88,1636,149,158,185,793,122,174,709,198,146,150,136,444,185,156,145,850,126,435,144,555,198,1383,143,216,146,985,157,195,148,807,584,156,151,907,978,86,528,122,422,182,765,194,107,552,201,844,144,446,489,158,160,206,682,142,162,171,397,121,152,185,192,155,168,466,804,180,79,107,108,91,411,746,161,157,174,185,132,182,586,117,117,113,119,142,548,189,1452,161,111,145,148,105,174,938,127,413,131,159,139,168,173,230,127,122,205,128,189,142,154,158,1281,180,161,164,201,265,250,158,134,117,657,319,103,707,155,235,159,107,150,168,135,159,154,137,195,106,134,770,584,177,144,502,481,138,152,177,282,151,1382,529,136,492,179,177,271,408,105,103,33,9,25,14,3,6,12,52,16,9,5,8,9,35,8,9,27,6,9,11,14,6,11,32,11,33,12,9,17,13,7,25,6,9,19,10,7,10,7,25,15,23,34,7,36,43,7,6,9,9,8,6,8,64,6,7,6,43,36,15,17,9,36,10,12,9,8,16,33,7,30,50,8,7,7,5,10,9,7,48,4,11,6,6,9,37,8,25,128,12,5,7,9,4,12,8,6,8,10,5,6,6,28,7,26,19,8,9,5,10,6,8,6,7,5,5,8,6,7,10,19,10,16,7,8,6,34,10,7,4,11,40,8,4,7,20,6,15,8,12,14,7,15,8,6,23,67,13,7,6,36,7,11,6,23,8,7,7,56,7,12,8,6,6,7,53,4,7,7,4,27,7,6,7,9,32,14,8,8,6,9,16,9,25,14,7,7,58,7,7,23,16,9,20,6,5,12,6,35,7,0,0,0,0,0,0,0,0,0,0,0,0,0,0,0,0,0,0,0,0,46,49,38,42,46,50,51,48,43,43,48,44,49,48,47,46,47,50,40,36,21,21,18,17,22,21,25,21,19,18
SKELL_T0,BatchB,0,2943,5935,3103,3138,2568,2621,4740,3104,5226,5637,3382,6283,5240,3360,6920,3033,3291,2659,2878,2995,2882,2774,3345,8274,3304,3042,5629,3349,3302,3167,3477,2879,2804,2962,2957,3043,3006,7697,2757,2982,7462,2885,2999,3103,2877,6172,2970,2763,3013,2999,4274,6240,2900,2860,7410,2732,2925,3267,5700,9707,2859,3005,2818,6526,3048,3150,2808,3254,3333,3063,2837,4098,2856,2977,2819,3259,5390,6477,3372,6437,2815,3199,2921,6145,2807,2794,2822,4322,3128,6117,6395,3016,2899,4265,2981,6016,6486,2871,3242,7865,3225,4935,2822,3366,2858,2971,3072,3056,7009,2598,3008,3126,3762,2896,3190,5197,3250,2843,3412,2796,2863,6184,3220,5986,3322,2875,3257,4557,2782,2621,7063,6331,3000,2990,2751,5646,3181,3134,3374,3490,10390,2748,4960,2960,2974,3056,3143,2978,3540,2986,3407,6407,8508,2922,3223,3104,6604,2924,3167,2752,2955,3453,3791,2768,5304,2813,3111,3073,9301,6479,4087,2967,3248,2987,2955,3225,3236,2937,2941,7960,3196,7371,3082,3220,3379,3188,3325,2790,6491,5603,3368,8403,3088,4727,4374,2951,8775,2822,3106,8787,173,203,278,185,98,143,110,111,126,156,173,195,134,123,122,178,139,208,231,132,316,134,138,112,166,144,255,212,132,308,232,131,160,205,120,142,233,124,114,478,122,125,118,108,707,115,117,200,260,267,147,158,246,198,203,174,150,238,220,284,246,292,131,121,331,176,432,161,177,148,213,147,138,371,201,171,122,108,164,150,218,97,152,531,245,123,161,314,286,280,125,406,456,114,117,289,174,126,110,277,245,115,142,137,182,148,143,181,190,215,205,201,238,176,154,140,230,122,173,129,180,129,187,180,233,405,285,118,87,250,310,144,128,260,366,110,124,413,206,444,162,169,150,152,513,94,136,364,195,217,147,486,133,170,382,162,153,187,124,158,137,153,553,126,128,214,257,343,136,179,147,237,182,187,432,334,126,152,185,145,123,189,272,120,229,124,377,148,263,109,100,172,474,144,195,129,164,151,369,98,152,143,190,133,578,150,138,175,96,118,121,158,136,278,205,345,166,197,159,196,149,146,504,132,117,469,162,223,159,174,113,280,138,317,467,359,142,146,381,158,129,148,148,363,148,243,527,144,192,141,295,154,455,197,178,149,186,490,408,147,156,112,228,159,250,123,148,434,377,120,152,148,121,152,394,146,204,117,148,586,135,307,149,163,165,164,141,177,112,316,443,176,143,245,146,289,95,284,237,118,10,26,15,11,3,8,20,9,7,9,10,6,8,6,9,8,20,11,8,27,8,11,12,14,17,8,10,12,8,10,7,6,7,18,4,15,7,11,4,7,5,5,13,8,23,6,9,5,9,10,8,12,8,29,7,11,22,7,9,10,7,8,19,5,18,7,17,6,7,9,5,14,8,5,8,6,16,9,8,9,4,5,9,6,8,11,9,10,9,12,6,10,13,5,8,5,7,9,15,5,22,8,17,20,5,7,8,12,4,11,5,7,5,9,7,10,22,9,13,11,5,7,9,14,8,15,7,21,5,4,11,15,7,11,11,16,19,6,22,9,4,9,11,7,8,8,8,5,8,6,24,7,13,10,9,9,8,8,24,27,10,8,8,12,12,5,5,10,7,4,9,9,18,6,7,7,13,19,9,17,17,9,9,7,5,6,10,13,10,22,8,12,10,5,5,7,5,7,6,7,5,4,4,4,5,4,4,5,4,5,0,0,0,0,0,0,0,0,0,0,7270,7830,6045,6152,6629,7529,7757,8353,6219,6765,6867,7060,7445,7027,7368,7738,8152,8150,6946,6129,21,22,18,17,22,21,24,21,19,19
SKELL_T1,BatchB,1,3009,6230,3184,3088,2731,2538,5405,2982,4502,6172,2778,5976,5335,3055,6847,2761,3112,2821,3268,3010,3373,2845,3240,7980,3000,3012,5966,3378,3091,3181,3706,2845,2737,2714,3033,3148,2724,7492,2896,3263,6137,3195,3149,3125,3242,5880,3100,2775,2994,3086,4584,6975,3057,2677,8062,2893,2828,3157,5796,8710,2731,2667,3084,6090,3307,3193,3105,3263,3297,2864,3007,4433,2727,3056,3387,3115,4796,5604,3116,6083,3098,2956,2834,6196,2825,3245,2799,4111,2983,6062,5347,3193,2884,4128,2701,5809,6138,2869,3043,7914,3045,4467,2876,3043,2962,2866,2917,3209,6521,2981,2825,3080,3663,2881,3042,4992,3087,3036,3134,3137,2951,6212,3041,6198,2834,3190,3012,4220,2876,2850,7573,5872,3202,3038,2787,5942,2678,3293,3259,3667,9844,2951,3892,2836,2906,3000,2714,2851,3412,2812,2909,6801,8257,2619,3063,3424,5823,3423,2883,2775,2791,3125,3351,2809,5055,2606,3338,3083,9533,6034,3775,2901,3061,2871,3032,2839,2926,3088,2591,7460,3366,7300,3141,3422,3086,3416,2966,2835,5918,5903,3043,7222,3680,4479,4666,2347,9057,2847,2675,7743,185,172,220,187,106,149,119,131,117,142,140,190,155,161,135,213,189,209,250,143,320,156,154,127,148,163,241,239,119,354,215,142,191,187,111,123,197,156,110,390,130,161,110,100,894,107,120,185,297,251,121,178,217,227,218,204,164,321,197,269,258,311,189,130,318,176,396,145,159,145,164,152,148,502,218,146,144,120,187,135,269,98,177,521,209,130,203,312,327,315,127,455,560,145,131,345,143,125,94,306,185,103,175,128,168,119,137,177,241,218,164,203,231,145,169,141,259,125,187,116,183,138,195,181,205,322,292,141,152,198,291,205,112,327,260,98,123,402,197,395,146,169,149,163,652,101,149,406,181,183,186,443,151,170,452,138,155,213,132,124,138,176,527,122,134,208,189,363,132,184,157,181,179,143,515,368,138,106,214,150,160,202,245,94,276,121,375,158,285,116,98,146,429,174,189,152,189,168,427,104,163,167,185,146,562,152,140,179,108,111,117,180,123,358,230,309,215,195,152,246,153,115,455,107,117,544,194,215,178,156,114,268,156,255,459,273,139,112,353,166,178,139,168,333,143,258,506,133,194,172,240,185,509,243,139,170,152,485,321,170,146,132,232,174,277,154,134,526,366,112,137,111,128,161,447,130,180,122,135,588,158,285,151,174,138,136,145,194,155,301,497,177,129,234,135,368,108,281,196,106,8,26,15,12,4,6,27,8,7,9,12,5,8,7,10,7,18,10,9,28,9,15,11,14,13,7,11,14,6,9,7,5,6,19,5,16,6,10,4,6,5,4,11,9,19,6,8,6,11,10,7,15,8,23,7,14,19,5,8,12,7,8,15,6,17,8,13,7,9,7,5,14,10,6,9,4,14,10,8,9,4,6,7,6,8,10,10,11,7,10,5,9,12,6,10,6,8,8,18,5,20,6,16,23,5,9,8,11,4,10,5,9,5,8,6,11,25,7,11,11,7,7,7,17,7,12,6,21,7,3,9,14,6,10,13,14,19,6,21,8,5,7,14,7,7,7,8,5,6,7,25,6,13,8,10,8,6,9,29,19,11,8,7,13,19,4,6,7,6,4,10,9,16,5,8,8,13,19,8,17,16,8,14,8,6,7,9,10,13,22,8,12,8,5,6,5,4,6,6,6,0,0,0,0,0,0,0,0,0,0,0,0,0,0,0,0,0,0,0,0,921,1004,777,784,864,1017,872,931,825,788,1004,935,949,930,998,962,1057,978,773,743,23,23,18,16,20,21,23,22,20,20
SKELL_T2,BatchC,2,3076,2581,3298,3023,15356,2912,7267,12846,3029,2519,12403,12959,6746,20399,2987,2896,3009,2857,3079,2792,13961,11598,3320,7118,4925,15199,2957,15151,2823,9432,3020,2905,3009,4278,3074,3294,2775,7710,3051,3248,3171,3017,2626,3138,3217,2746,19201,2735,33022,17442,2942,3114,2599,3250,2976,2938,17756,7121,10251,3254,2773,3070,2925,20543,3045,2730,3128,13693,3283,3018,2701,6790,3152,2942,2925,2969,3010,15030,3405,21605,3632,3176,2615,8888,2785,2714,3117,2922,22640,2910,2745,3104,2496,2894,10055,16270,8902,2804,3007,2808,2899,3296,3047,4184,2641,2960,2897,2987,3146,2816,2617,3114,2909,5534,2814,2524,3010,2764,7046,15263,2996,2742,3360,3138,3309,3014,3363,2854,12785,2831,2963,2813,23717,2819,2682,7949,2701,3038,3580,15175,3092,2783,2695,3229,2767,2879,10680,2586,3164,3237,2981,10555,2853,2914,4078,3180,3035,38556,2681,19154,2918,8074,18522,11458,3192,2611,28322,19657,3261,26757,3019,3173,2757,2900,8058,12461,3440,2954,2959,2906,15958,9709,2760,3396,3139,3328,15885,2768,14558,3137,11817,3041,2702,9406,2994,3879,2913,24143,3026,2916,186,533,127,170,94,142,404,122,134,123,140,114,358,122,136,666,171,152,150,118,130,160,551,1421,155,131,1281,196,139,1446,116,119,167,203,130,116,82,420,104,573,114,1103,101,294,765,127,139,827,266,145,178,160,245,113,165,152,156,121,126,113,281,178,541,798,812,760,141,576,173,121,331,136,161,2062,866,133,101,186,206,184,186,110,210,167,123,109,156,167,401,145,168,140,173,98,150,147,725,671,110,1096,214,109,190,155,170,141,148,311,192,231,224,515,1277,170,178,123,166,512,172,130,179,776,188,160,240,173,101,776,167,127,209,161,129,116,139,308,936,147,179,582,98,1538,155,161,179,769,121,170,663,203,138,182,133,412,186,164,132,572,114,429,151,525,181,1461,144,195,138,918,155,184,160,712,489,204,164,937,1237,95,485,140,385,195,704,222,102,464,190,876,167,474,438,143,118,143,604,148,178,146,319,114,151,143,170,203,157,441,720,171,100,106,102,118,407,635,131,167,184,198,179,203,618,127,128,121,146,149,547,220,1782,171,126,173,124,88,184,1088,130,498,122,173,143,156,163,200,136,108,190,120,169,156,144,172,1101,236,158,141,196,283,267,196,141,108,702,292,137,490,120,192,167,100,172,115,132,162,149,118,171,116,189,792,594,200,149,506,512,162,118,142,315,177,1203,587,130,501,182,187,292,395,111,119,27,10,21,14,3,7,12,46,16,9,5,7,8,28,12,10,24,6,10,12,13,7,14,33,11,37,11,10,14,12,7,28,7,9,25,8,7,9,6,20,15,23,36,7,38,38,9,5,11,8,9,11,7,60,7,7,6,39,37,19,18,9,33,13,9,9,7,14,47,8,29,39,7,5,9,5,11,13,7,39,4,12,5,5,9,39,9,19,122,12,5,7,12,6,11,6,8,10,9,5,8,5,25,8,25,18,11,8,5,10,7,9,5,7,7,5,11,9,7,12,18,7,13,6,6,5,25,11,6,3,11,50,8,4,7,20,7,15,6,13,13,9,11,7,6,23,63,16,8,7,36,7,11,6,20,7,7,8,52,6,12,8,7,5,7,64,5,8,8,4,34,7,5,6,9,34,14,10,8,6,9,13,10,28,15,6,8,55,6,7,19,18,11,19,6,5,12,6,39,8,0,0,0,0,0,0,0,0,0,0,0,0,0,0,0,0,0,0,0,0,133,160,115,125,126,157,133,149,125,130,145,136,164,138,131,141,153,151,118,109,20,21,19,17,18,23,24,22,18,20
PEREZ_T0,BatchA,0,2824,2932,3042,2888,2760,2644,3030,3283,2981,2863,3133,3232,3238,3156,3197,2762,3344,2728,2775,3145,3179,2632,3289,2632,2978,2859,3295,3257,2926,3318,3229,3267,2917,2974,3275,2983,2970,2999,2834,3306,2773,3306,3008,2983,3005,3303,3050,2802,3168,3305,2951,2891,2606,2916,3185,2941,2762,3104,2784,3230,2677,2880,2814,2837,3004,3422,2858,3059,3097,2974,3047,2840,2734,2995,2823,3021,2791,2977,3387,3101,2958,2904,2926,2698,2908,3312,2725,2900,3139,2973,3119,3192,3157,3096,2559,2827,2726,2736,3014,2951,3009,3272,2817,2969,2972,2998,2864,2977,3147,2635,3420,3075,2826,2820,3370,3126,2866,3422,3218,2845,3056,3086,3324,3131,3204,2800,3237,2622,2837,2686,3629,2965,2866,3006,2773,3034,2926,3415,3294,3869,2929,2622,2550,3042,2991,2862,3190,3148,3263,2881,3149,2922,2619,2790,2841,3190,2962,2886,2750,2630,2887,2660,2923,2969,2978,3075,3262,2965,2760,2823,2902,3331,3142,2730,3125,2881,2966,3208,2870,3155,3236,3053,2863,3178,3428,3282,3011,2664,2585,3437,3112,2773,3309,3521,2902,2427,3103,2809,2674,2966,168,205,145,169,100,161,120,104,116,117,170,104,141,122,180,211,148,191,136,116,165,184,149,125,121,156,258,196,135,152,114,127,157,209,135,142,100,144,118,119,122,161,114,103,213,132,124,250,307,128,137,153,192,133,138,167,139,144,149,131,154,121,166,140,168,173,161,159,152,140,126,178,154,245,190,176,174,126,188,158,136,114,191,155,124,148,166,149,164,156,144,160,212,94,146,150,191,147,104,155,221,130,175,142,111,95,135,197,180,216,231,178,235,191,198,155,179,123,176,114,163,147,170,183,195,158,141,135,115,144,193,179,149,105,156,121,128,164,183,167,102,168,158,162,230,102,160,156,122,173,136,216,136,166,227,165,143,148,142,153,109,162,169,121,148,202,148,121,151,193,148,186,160,168,187,231,158,96,178,138,154,192,111,115,103,107,175,154,151,110,89,122,143,155,177,170,195,148,154,152,141,155,162,139,170,146,132,187,115,115,97,107,143,177,143,161,180,208,131,201,168,120,140,107,126,155,193,224,122,166,137,166,138,112,152,123,139,109,112,178,133,134,169,188,134,93,190,138,177,149,167,139,227,227,140,138,173,115,144,145,148,140,109,117,110,134,161,227,211,109,153,120,136,145,148,150,155,133,138,241,182,168,142,152,154,132,124,154,126,154,177,155,134,168,137,196,107,145,89,110,10,11,6,5,3,7,12,10,6,8,5,7,8,7,11,7,9,6,8,14,6,6,9,7,11,6,9,7,8,13,7,6,8,8,5,7,8,7,4,5,6,7,7,8,7,7,9,6,9,9,8,8,7,12,8,8,5,5,5,5,9,9,7,6,9,9,7,8,9,7,7,7,7,6,7,5,11,11,8,8,4,5,7,6,9,10,6,6,9,11,5,9,11,5,5,6,6,9,7,4,8,7,9,6,6,10,9,9,4,7,6,10,6,8,5,5,8,7,6,8,7,7,8,6,9,7,7,11,7,4,11,14,7,4,8,7,8,6,10,9,4,9,14,6,7,8,9,5,9,6,12,7,12,6,7,8,7,7,10,8,5,8,6,7,7,6,5,9,6,4,9,8,7,5,10,6,12,9,9,8,10,9,11,6,6,6,8,11,6,8,9,7,9,5,5,6,3,6,6,7,0,0,0,0,0,0,0,0,0,0,0,0,0,0,0,0,0,0,0,0,4366,5275,3648,3915,4121,5124,4399,5266,4306,4397,4864,4261,4739,4333,4871,4744,5103,4618,4044,3567,22,20,19,18,20,22,23,19,20,20
PEREZ_T1,BatchA,1,3026,2778,2886,3316,2808,2817,3063,2870,2814,2835,3247,2896,3293,3078,3040,2851,3565,2921,3273,2933,3284,2997,3215,2813,2944,3019,3370,2821,2867,3132,3315,2883,2830,2745,3234,3051,3074,3047,2805,3060,3249,2841,2853,3045,2782,2880,2972,2823,3151,3041,2904,3342,2765,2617,2802,2676,2937,3097,2997,3509,2610,2792,2607,2858,3364,3217,2809,3249,3178,2836,2739,2695,2822,2928,3286,2878,2785,2850,3294,3020,2541,3052,3007,3036,2857,3097,3167,2902,2923,2968,3131,2720,2852,3153,2638,2947,2675,2687,2905,2786,2709,3249,2780,3182,2631,2954,2639,3077,2841,2713,2947,2602,2655,2708,2814,2684,3192,2791,3816,2667,2943,2840,2997,3058,2959,2895,3454,2653,2871,2681,3137,3067,3146,3091,2880,3188,2982,3412,3120,3385,2634,2921,2976,3391,2819,3048,2703,2816,3423,3034,2984,2666,2757,2791,3107,3629,3082,3048,3044,2904,2732,2913,3082,3035,3293,2810,3243,2970,3018,3229,2706,2914,2978,2979,2804,2988,3169,3175,2967,2809,3335,3097,3094,3182,3023,3171,3285,2830,2809,3406,3274,3102,2747,3421,3257,2924,3061,2789,3090,2620,153,205,171,174,109,142,132,126,123,149,203,118,158,127,155,190,177,191,158,116,165,144,164,127,155,150,286,210,122,138,119,130,161,214,125,124,91,149,144,144,135,146,126,101,230,126,115,200,291,116,143,144,194,118,158,171,141,159,136,118,147,144,158,143,163,202,147,166,140,168,137,155,138,284,233,161,142,111,180,161,140,118,176,145,117,144,151,182,140,119,130,167,201,84,187,156,209,159,105,180,224,99,191,161,147,133,157,186,140,272,183,168,231,157,182,130,141,131,185,115,195,142,172,166,242,233,108,159,107,105,279,160,124,108,172,143,143,153,225,174,85,162,151,140,218,98,140,178,121,183,176,189,143,196,183,163,172,154,134,156,142,183,161,123,128,202,124,128,147,182,170,220,165,186,184,246,119,93,208,135,161,206,114,111,128,117,164,157,153,133,81,143,134,137,167,175,184,143,189,118,154,152,180,179,154,155,158,214,108,119,108,105,165,157,135,148,198,188,143,181,157,153,124,107,123,154,160,215,118,199,114,213,124,96,184,128,143,119,147,151,128,151,151,178,145,97,193,160,234,155,127,173,213,252,146,153,208,143,163,144,134,129,128,102,118,132,132,209,171,134,168,135,133,180,151,148,155,106,150,227,148,184,154,133,144,151,126,154,122,155,218,155,132,169,116,185,103,123,88,108,10,9,7,5,4,5,15,8,7,8,7,7,8,8,10,9,9,6,8,10,7,6,11,8,11,6,13,9,7,10,7,7,6,9,5,10,7,10,5,6,5,6,7,9,7,6,8,6,8,9,8,7,7,11,7,8,7,5,4,6,6,9,7,7,8,11,7,7,7,9,5,7,7,5,8,6,11,10,7,10,5,5,8,6,9,10,5,6,7,11,6,10,12,5,6,7,7,8,8,5,7,6,11,6,6,10,9,8,7,8,7,7,5,8,6,6,10,7,5,10,6,9,9,6,8,7,6,12,7,4,10,18,6,5,8,6,5,6,7,9,5,8,15,8,6,7,8,4,7,6,11,8,9,7,9,9,6,8,9,7,5,7,6,8,6,4,5,9,6,5,10,10,7,5,11,7,12,7,8,8,8,9,9,7,5,7,8,11,6,7,7,7,9,5,7,6,5,5,5,8,0,0,0,0,0,0,0,0,0,0,0,0,0,0,0,0,0,0,0,0,69,74,58,59,60,76,68,73,58,61,66,69,76,65,64,67,69,69,56,58,22,22,19,18,21,23,26,22,18,19
PEREZ_T2,BatchC,2,2789,3000,3029,3049,17054,2784,7302,14341,2847,3164,13061,11273,6358,18282,3195,2863,3374,2847,3064,2890,13523,10684,3048,6864,5157,14872,3165,16302,3273,8515,3465,2869,2884,4835,2812,3324,3014,8500,3025,3020,2927,3156,3015,2918,2885,3028,17702,3162,28331,17008,3323,3017,2956,3026,2807,2718,16934,5937,9497,3164,3119,2875,3232,20218,3161,2883,3022,13205,3255,2650,2919,7500,2649,2905,3241,3313,3270,15632,3066,19673,3057,3290,3274,8521,2739,2783,2810,2973,23984,3392,2807,2944,2802,3074,9945,15652,9146,3119,3302,2646,2769,3235,2784,4414,2815,2924,2740,2443,3177,2747,3067,3130,2810,5174,3110,2966,2986,3152,6772,14809,3040,2884,3288,2831,3163,2925,3362,2699,13220,2893,3131,3008,22655,3277,2740,8088,2974,3232,3478,13732,3034,2788,2686,3130,2776,2639,11167,3010,3221,3312,2959,12513,2661,3037,4307,3265,3051,35519,3138,16564,2616,7984,15054,10946,2817,3015,23121,19982,2709,26765,2712,2991,2849,2842,7598,13211,3054,3040,2920,2906,15007,9465,2703,2937,3214,3364,13662,2647,14030,3471,12010,2914,2621,10294,2882,4117,3020,22834,3226,3145,168,604,148,203,92,143,352,120,125,145,226,130,435,123,144,516,180,197,188,133,143,150,446,1415,161,168,1177,269,125,1150,97,131,141,200,115,146,98,475,130,534,118,1025,105,329,768,135,132,981,299,130,130,148,174,130,162,171,174,125,148,107,341,132,512,660,680,738,164,650,121,149,389,126,154,1847,769,167,120,144,217,162,177,89,207,143,103,146,154,117,370,121,134,143,227,88,126,155,676,722,121,911,223,112,156,130,151,119,160,322,172,221,209,523,1423,179,169,145,162,530,179,112,154,724,202,179,198,158,118,704,208,163,193,163,131,121,145,348,928,188,152,535,93,1787,147,209,203,648,134,181,630,164,159,188,124,463,219,151,169,765,119,424,166,491,181,1635,152,198,121,1105,165,165,174,916,507,157,123,1041,1105,107,523,145,373,177,548,209,101,586,173,893,161,526,404,165,128,139,561,167,166,158,410,118,155,132,174,168,181,487,825,196,84,100,97,87,351,750,148,161,161,216,164,207,661,121,156,104,122,149,643,189,1626,169,143,164,176,90,178,1010,112,464,152,136,146,132,134,212,149,106,184,122,199,141,145,175,1260,242,159,120,178,276,230,146,146,119,856,436,132,599,133,227,163,114,175,134,132,138,165,132,149,120,168,809,577,200,183,573,505,138,119,147,262,167,994,530,126,503,139,166,211,440,92,118,33,8,25,13,4,6,16,58,16,9,5,8,7,35,8,9,28,6,9,11,18,8,9,33,11,28,13,10,16,13,6,25,8,8,22,7,6,10,10,23,13,25,34,7,40,58,7,6,8,8,7,9,8,54,7,7,7,39,31,16,23,9,32,13,9,10,6,19,33,7,40,38,7,7,8,4,11,12,6,45,4,13,7,6,7,48,9,19,120,11,6,10,13,5,14,7,5,8,8,6,8,7,29,8,20,17,10,9,6,8,6,8,5,10,7,6,9,9,7,10,21,8,14,6,8,6,31,9,6,4,11,46,7,5,6,20,6,17,7,13,14,10,10,8,7,24,66,14,9,6,36,9,10,7,21,8,7,7,64,6,14,7,6,6,7,45,4,9,7,4,21,10,5,5,9,28,10,6,9,6,8,21,10,19,15,6,8,49,7,6,26,18,8,19,5,6,14,7,39,6,2,2,2,2,2,2,2,2,2,2,3,3,3,3,3,3,3,3,3,3,12,13,10,10,12,14,12,13,11,11,11,12,12,13,13,12,13,13,11,10,23,21,17,18,18,20,23,21,17,18
BISHOP_T0,BatchB,0,2957,6172,3330,2830,2560,3011,5063,3029,4838,6042,2845,5954,5279,3187,7279,2930,3030,2920,3250,3143,2947,2908,2988,7412,3308,2601,5865,3090,3311,3184,3306,2605,2633,3147,2953,2973,2869,7336,3149,2844,6291,3190,2799,3161,2968,6120,2977,2997,2844,3141,4494,7135,2426,2820,8298,2750,2651,3505,6304,9499,3015,2794,2765,5536,3364,3544,3205,2924,2667,3130,2455,4650,2839,2869,2849,3269,5489,6455,3257,6049,2577,2748,3166,7013,2786,3122,2935,4003,3111,5985,6297,2904,2935,4259,3053,5991,6388,2594,2965,7746,3006,4839,2674,3313,3171,2951,2502,2889,7053,2791,3216,3044,3183,2806,3167,5112,3058,3440,3607,2783,3105,6427,2914,6149,2955,2954,3296,4555,2643,2878,6876,5694,2979,2851,2717,5827,3216,3081,3453,3004,10301,3179,4248,3018,2811,3134,2989,2810,3274,3087,2817,5552,7780,2548,2927,3093,5885,3010,2994,3083,3162,2778,3085,3393,5362,2650,3271,2877,10089,6180,4021,2895,3005,3007,2560,2618,3176,3047,3280,6453,2956,6849,3119,3064,2868,2968,3118,2918,5991,6063,3526,8121,3374,5011,4167,2510,9106,2770,2932,8238,151,214,217,167,108,149,124,122,126,136,192,218,143,144,134,174,159,195,245,116,280,188,164,131,133,167,225,229,124,282,241,138,175,171,124,140,257,163,121,394,134,138,108,111,731,120,127,231,275,288,164,159,217,205,208,157,195,224,205,308,294,302,169,163,350,172,317,151,146,151,194,145,143,324,229,154,120,102,177,159,205,99,193,441,233,141,149,305,240,273,159,407,585,127,149,329,154,146,113,372,231,113,166,147,132,90,131,157,230,200,193,235,221,165,156,147,250,136,190,127,186,128,172,189,207,306,241,130,100,198,269,178,135,344,256,99,150,367,210,335,178,140,171,165,482,97,145,416,201,211,174,501,127,212,482,158,149,211,125,154,159,168,512,111,135,217,278,350,157,182,113,201,215,171,532,414,162,131,186,134,150,213,251,103,245,109,335,166,242,118,97,149,421,201,163,190,202,167,379,139,126,165,224,121,524,131,134,189,106,126,115,221,115,281,184,356,179,214,158,193,143,143,339,98,117,509,157,217,186,173,120,299,144,310,432,280,149,101,339,163,150,161,172,378,143,192,510,154,199,143,235,158,509,237,172,145,181,450,354,156,169,132,252,159,245,137,129,457,427,112,182,130,118,167,480,141,173,113,146,578,146,280,137,168,183,145,181,151,117,277,467,146,131,223,130,337,98,283,229,117,10,25,15,13,3,7,21,9,6,9,14,6,7,6,8,7,20,12,9,33,8,12,10,17,12,5,11,13,8,9,8,5,7,25,4,20,7,10,4,5,5,6,13,7,18,7,7,6,10,9,8,12,6,28,8,12,20,7,7,12,7,6,17,6,16,10,14,7,9,7,4,17,7,6,9,5,14,10,7,7,3,5,7,6,9,11,8,11,8,11,6,8,12,5,10,6,5,8,21,5,20,5,18,23,7,9,9,10,4,8,6,8,5,11,6,16,24,9,14,12,7,8,8,13,9,15,6,24,5,3,13,17,6,11,11,15,21,5,23,8,5,8,13,9,6,7,9,4,7,7,30,7,13,11,10,8,7,8,27,21,10,8,6,13,15,5,5,9,6,5,11,8,22,6,9,8,14,15,9,20,13,9,11,7,7,6,9,9,10,22,8,12,10,5,7,6,4,5,5,7,20,16,17,18,18,16,18,18,16,18,0,0,0,0,0,0,0,0,0,0,1101,1199,985,987,1004,1281,1223,1101,968,1110,1127,1071,1062,1054,1088,1119,1191,1132,998,991,21,21,19,18,19,22,23,19,19,19
BISHOP_T1,BatchB,1,3161,5761,3264,3095,2533,2579,5470,2719,5122,5653,3284,5933,5611,2951,6360,3076,2953,2821,3244,3220,2659,2858,2777,7090,2804,3301,5212,3021,3087,2906,3340,2946,2732,2737,2932,3364,2915,7569,2706,2900,7232,3013,2956,3152,3027,6137,2956,2992,3209,2799,4128,6801,2994,2894,8156,2994,2962,3087,5846,8999,2627,2971,2587,6134,3210,3141,2865,3213,3240,3309,2950,4311,3016,2986,3074,3311,5047,6485,3182,6507,2997,2987,2980,5759,2907,2872,2945,4037,3037,6130,6312,2673,3132,4428,2634,5597,6016,2506,2984,7373,3289,4528,3190,2985,2758,2989,2867,3100,6446,2693,3000,2905,3219,3107,3163,5699,2877,3130,3275,3090,2648,7087,3089,7016,3234,3133,3593,4216,2921,3026,7954,6362,3109,2923,2723,5408,3177,3008,3162,3554,10193,2756,4338,2496,2834,3085,2850,2773,2999,2796,2936,5803,7991,2799,2761,3069,5994,3218,3186,2918,2733,2592,3236,3043,5145,2917,3243,2953,9519,6528,3922,3362,3095,2645,2732,2929,3272,3284,3183,6475,3366,6832,2667,3029,2844,3019,3174,2882,5863,5826,3566,8646,3227,4928,3776,2673,8938,3066,3292,7585,140,210,251,154,108,148,125,114,106,136,160,156,144,121,131,172,179,195,245,150,281,170,175,118,161,153,301,208,156,262,157,135,169,177,128,134,200,139,102,445,137,122,92,98,711,115,114,198,262,297,127,162,231,198,233,146,154,232,232,367,234,258,176,145,306,167,302,147,179,150,201,167,156,429,237,171,122,120,183,148,230,111,201,482,234,147,152,389,319,301,154,442,448,128,115,348,181,140,93,395,216,124,180,129,129,124,137,215,285,166,198,167,182,157,167,154,261,148,184,114,199,135,202,169,179,266,243,135,120,212,404,155,123,332,322,136,127,441,162,342,153,158,154,174,608,100,113,348,208,183,174,493,136,181,511,169,126,214,109,139,126,162,575,132,151,195,256,360,151,157,161,186,166,178,462,363,139,124,228,132,168,209,280,108,258,140,330,168,278,108,99,152,503,152,171,139,186,152,326,125,141,152,197,128,635,135,147,167,101,116,102,207,114,292,198,360,174,161,174,190,134,128,493,101,112,480,177,202,167,159,125,273,127,243,485,285,129,113,355,155,162,137,168,446,129,209,467,129,206,185,232,164,468,223,129,147,177,479,341,125,160,122,200,186,241,139,142,527,385,128,158,139,122,144,426,157,207,143,144,585,145,373,107,164,142,126,156,162,110,313,426,179,122,224,99,316,104,341,194,100,10,28,13,15,3,7,22,7,6,9,14,7,6,5,10,8,23,9,9,29,9,13,9,13,15,7,11,14,8,10,7,5,7,22,6,15,5,10,4,5,5,6,12,7,18,8,6,5,11,12,9,15,8,26,8,15,16,5,9,10,6,8,20,6,16,9,14,6,8,7,5,16,8,5,9,5,17,9,7,8,4,6,6,6,9,11,10,12,7,12,6,9,12,4,9,8,5,10,19,5,22,6,24,23,6,8,9,12,4,11,6,9,5,9,6,13,25,10,11,10,7,7,8,16,8,19,7,29,5,5,11,14,6,13,14,12,22,5,23,9,5,10,13,8,8,6,8,6,8,6,26,7,10,8,10,8,6,10,33,21,9,9,8,13,11,5,5,8,7,5,8,7,24,6,9,10,11,17,7,18,12,9,10,7,8,6,10,13,14,22,10,10,8,4,8,7,5,7,6,8,0,0,0,0,0,0,0,0,0,0,0,0,0,0,0,0,0,0,0,0,29,31,23,23,26,31,31,29,26,26,29,29,31,27,29,32,29,31,25,23,22,23,18,16,19,21,24,23,18,18
DILLON_T0,BatchB,0,3103,6422,3318,3291,2571,2618,5242,3057,4630,6867,3540,6091,5682,3523,5939,2784,2806,3013,3086,3184,2856,2779,2933,7190,2838,2988,5979,2994,2864,3429,2991,3127,3445,2856,2848,3250,2891,8005,2760,3015,6588,2971,2794,3187,3110,6074,2957,3065,3118,2929,4366,6043,2891,2559,8688,2976,2925,3282,5771,9228,2868,2788,2859,6212,3053,3136,2760,2927,3144,2872,2786,3806,2705,3417,3110,3437,5231,6687,3066,6838,3067,3002,2765,5956,2753,3157,2920,4758,2971,5768,5669,2699,2792,4353,2966,5870,6648,2780,2843,7648,3133,5587,3231,3076,3191,2803,2818,2925,7302,2858,3486,3303,3462,2848,2692,5322,3036,3087,3302,2682,2723,6188,3210,5892,3199,2890,3293,4441,3160,2957,7491,5741,3211,3018,2350,5885,2803,2851,3286,3472,11268,3043,4630,2765,2742,2981,2696,3060,2899,3154,3111,6238,9062,2998,3022,3199,5975,3390,3038,2684,2665,2988,3135,2983,5252,3095,2758,3063,9140,6301,3886,3165,3005,2885,2806,2926,3366,3001,3130,7680,3193,6913,3224,2987,2924,3221,3162,2785,5769,5818,3317,8535,3572,5191,4222,2896,7765,2970,3104,9043,141,182,232,161,87,132,145,93,128,144,175,238,147,132,131,182,167,161,280,111,292,164,147,145,158,159,260,177,134,290,216,127,143,185,127,126,205,153,129,359,111,139,105,119,679,93,132,225,241,248,110,152,162,182,215,160,165,203,213,257,274,320,113,135,296,202,406,150,145,160,210,139,153,361,246,160,133,100,193,201,206,98,158,479,235,160,172,321,285,238,141,382,541,115,153,341,157,125,117,309,187,108,156,140,136,130,128,204,237,188,191,214,220,157,201,139,250,121,209,101,182,141,171,196,224,258,273,155,109,203,283,145,158,326,245,113,118,426,176,469,171,190,171,151,541,86,129,386,216,215,165,493,141,187,569,159,171,219,130,172,145,181,462,99,159,196,202,346,154,166,146,224,192,149,447,316,150,124,199,114,179,197,264,107,235,146,382,171,288,108,103,161,522,238,193,169,164,168,364,183,123,150,228,110,498,136,151,177,101,100,94,190,109,312,228,333,207,195,125,192,156,128,448,121,110,554,143,243,207,189,103,247,147,268,497,260,148,124,361,164,142,149,170,424,115,215,480,138,186,172,235,165,538,227,153,154,240,511,353,152,159,131,240,160,234,181,133,431,451,133,161,146,152,148,420,162,203,118,125,549,153,306,124,160,138,159,163,174,121,271,489,157,171,246,160,293,108,308,244,87,11,27,15,13,3,7,18,9,6,9,13,7,9,8,8,9,24,10,10,30,8,11,9,12,16,6,13,14,9,12,6,7,7,20,4,18,6,9,5,5,4,6,12,8,18,6,7,5,7,11,8,17,9,22,9,11,18,5,7,11,7,7,19,7,15,8,15,6,9,8,4,16,8,6,6,6,16,13,7,9,3,6,5,5,10,12,11,11,7,14,6,9,11,5,9,7,8,9,19,5,20,7,20,24,8,7,8,11,5,9,5,7,5,10,5,12,23,7,13,9,8,8,9,15,8,15,7,27,6,5,12,15,7,10,11,14,17,5,24,9,5,10,13,8,6,7,9,5,9,7,22,7,12,11,8,9,6,7,28,20,12,8,7,12,15,4,4,9,6,5,12,9,16,6,11,11,13,22,8,20,16,10,10,7,6,6,9,10,11,23,7,10,8,4,6,7,4,6,6,7,1,1,1,1,1,1,1,1,1,1,1,1,1,1,1,1,1,1,1,1,24,27,20,20,22,24,21,27,20,22,25,25,25,23,26,24,25,25,22,20,23,21,18,16,21,21,25,20,21,18
DILLON_T1,BatchB,1,2913,5821,2828,2773,2787,2822,5348,2857,4905,6304,3112,6131,5291,3390,6168,2850,3146,2792,3113,2884,3147,2867,3167,7920,2647,3060,5420,3287,3155,2770,3684,3125,2993,2710,2843,3252,3133,6884,2748,3006,6303,2828,2783,2664,3129,6765,3160,2800,3134,3080,4710,6595,2557,2783,8006,2720,2909,2838,5837,8197,2906,2944,2938,6525,3243,3066,2898,2737,3436,3007,2794,4430,2606,3078,2888,2909,5010,6371,3032,6167,3347,2609,2908,6725,2692,3116,3061,4408,2879,6476,6255,2692,3152,4497,2483,6594,5798,3113,3040,8219,3194,5082,2936,2940,2736,2956,2804,2699,7441,2805,3076,2828,3549,2491,3261,5719,3103,2774,3386,2581,2825,6487,3010,6608,2907,3482,3146,4093,2739,2821,7516,6311,3293,2700,2987,5778,3132,3209,3557,3196,10979,2632,4184,3022,2938,2592,2799,2946,2972,2948,2852,6221,8068,2877,2825,3233,6337,2966,2761,2849,2677,3061,3469,2755,5873,2623,3174,3095,9918,6532,4026,2945,2800,2859,2750,3060,3401,2621,3136,6991,3533,7390,2831,2781,3220,3133,3152,2864,6951,5954,2974,7589,3584,5129,4178,3126,8313,2965,2741,7278,184,141,214,166,100,147,107,113,123,124,176,228,161,145,180,173,161,206,262,132,305,161,159,121,136,146,254,235,111,293,218,135,166,201,134,151,203,127,122,352,132,137,114,113,716,127,117,217,268,228,121,143,209,245,242,195,172,264,231,290,304,269,159,145,344,168,355,157,128,144,185,124,135,333,211,142,141,121,208,180,220,123,170,459,213,152,173,361,274,283,130,421,497,108,149,297,195,109,115,388,181,106,161,142,150,125,125,175,225,170,179,194,214,173,176,132,268,119,176,121,189,131,199,223,241,307,221,150,123,180,332,157,115,313,297,126,107,396,186,329,184,183,139,164,612,96,129,373,192,202,177,492,156,170,518,156,173,195,121,151,125,186,446,96,152,180,255,307,160,203,160,238,172,185,475,356,140,134,194,158,170,222,268,122,276,132,391,150,234,134,94,146,489,162,173,138,186,162,351,141,145,146,219,129,592,120,129,203,100,116,128,221,136,332,175,321,157,204,145,193,158,134,435,105,137,527,204,194,181,165,134,341,160,306,426,256,132,116,342,151,118,177,146,344,154,225,515,139,206,184,243,161,543,240,163,187,191,465,366,151,155,123,268,172,238,138,163,483,404,121,159,146,136,150,461,128,187,121,151,558,157,266,142,160,152,134,185,149,147,331,390,165,167,315,142,387,105,351,206,95,12,25,14,12,4,5,21,7,6,10,14,6,8,6,10,10,20,12,9,32,12,12,10,10,12,6,10,10,8,11,6,7,9,25,5,19,6,9,5,6,5,6,11,7,18,7,8,6,10,7,8,16,7,27,7,12,20,7,9,9,9,8,20,6,18,9,15,6,7,10,6,16,7,6,8,6,17,10,7,9,5,7,9,6,10,14,8,8,8,11,6,8,10,5,9,7,7,9,14,4,23,7,21,17,6,9,9,10,5,8,5,8,5,8,5,13,22,9,13,9,7,9,8,14,8,14,6,21,6,5,12,11,7,15,15,16,20,5,26,7,5,10,10,8,7,7,8,5,8,7,26,6,11,10,8,9,5,7,32,16,10,9,7,12,15,5,5,9,6,3,9,9,16,6,11,10,14,18,6,16,14,9,10,6,7,8,9,10,10,19,10,11,13,4,6,7,4,5,6,6,0,0,0,0,0,0,0,0,0,0,0,0,0,0,0,0,0,0,0,0,128,149,111,111,123,140,127,138,122,119,133,144,146,124,136,126,133,141,117,114,20,23,19,17,22,20,23,21,21,19
DRAKE_T0,BatchB,0,3172,6391,2818,3084,2893,2592,5190,2965,4567,6163,3146,6097,4956,3548,6433,2709,2972,3152,3033,2600,2995,3013,3051,7663,3142,2950,6696,2943,3178,2823,3350,2960,3013,2879,3092,3114,2739,7519,3161,3327,6512,3075,2647,2961,2960,5970,3157,2865,3169,2876,4413,6212,3079,3071,7657,2995,2963,3089,5647,8907,2552,2977,3189,6171,3054,3099,2916,2923,3168,2971,2845,4164,2654,3306,3167,3003,4826,5941,2981,6153,2814,3094,2908,5672,2635,2968,2779,5083,3274,6197,6406,3082,2752,4151,2989,6071,7184,2578,3245,7932,2859,4639,3207,3126,2973,2675,3052,3181,6900,2597,3259,3113,3821,2850,2764,5423,3110,2853,3242,2752,2860,5940,3229,6621,3197,2781,3265,4287,2690,2892,7681,5644,3348,2852,2727,6059,3133,2968,3364,3371,9560,3003,4164,2944,2964,2914,3087,2981,3190,2996,2721,7002,8487,3080,3064,3060,5789,3284,2670,3550,2625,3100,3028,2842,4948,2690,3389,3067,9744,7345,4259,2896,2823,3020,2816,3071,3255,2819,3005,6337,3046,6917,3000,3241,3245,2879,3148,2833,6292,5976,3036,9157,3553,5177,3991,2993,7979,3196,2961,8172,155,209,226,179,87,146,124,142,134,145,180,247,160,141,150,213,157,182,265,157,296,128,154,115,147,152,260,213,142,325,219,125,155,201,143,121,200,143,92,384,105,158,108,113,764,112,118,241,224,279,139,172,186,199,272,164,166,214,244,320,223,283,142,155,343,216,340,137,130,145,188,178,140,334,212,147,115,124,196,153,211,113,161,437,210,133,147,331,270,322,151,399,501,110,116,349,193,145,88,327,195,114,203,149,165,120,133,162,214,227,191,245,207,151,156,137,261,132,185,112,175,140,187,175,242,284,230,147,97,204,371,158,143,270,264,132,119,485,166,381,202,152,150,177,563,99,157,349,188,218,136,559,136,143,461,196,163,211,108,122,137,162,435,120,131,226,228,313,160,228,142,206,185,197,500,438,118,122,190,128,135,233,265,114,252,108,322,157,237,105,93,160,513,150,129,148,195,167,409,154,139,127,179,123,564,151,142,198,107,115,115,180,136,305,196,299,173,227,158,206,129,113,465,98,126,614,221,211,206,165,126,237,141,292,416,287,131,116,381,160,146,158,165,396,158,231,463,128,180,175,243,182,467,276,167,157,197,438,405,152,184,111,259,180,232,126,123,491,463,123,185,166,125,140,393,161,187,115,149,510,125,316,152,194,159,176,157,158,128,334,492,194,149,285,129,316,90,319,234,113,11,24,16,14,4,6,23,8,5,8,13,7,8,7,11,10,26,9,8,32,10,15,10,13,13,6,10,12,8,10,7,5,8,18,5,14,8,9,3,7,4,5,12,8,17,8,8,6,9,8,9,15,9,25,8,12,20,7,8,12,8,8,17,7,13,10,13,6,9,8,5,16,8,5,6,5,17,11,6,8,4,6,6,5,9,13,9,11,9,10,5,8,10,4,10,6,6,10,17,4,20,8,16,17,6,8,9,11,4,8,5,9,5,7,5,12,24,9,12,9,8,9,9,12,7,16,7,21,7,4,9,13,8,9,12,18,21,6,24,8,4,8,13,9,7,8,9,4,8,7,26,8,12,9,7,9,6,6,28,20,9,8,8,11,16,5,4,9,8,5,10,8,16,6,11,10,12,18,9,14,14,8,12,7,7,7,9,12,10,24,9,11,10,4,7,6,4,5,6,7,3,3,3,3,3,3,3,3,3,3,1,1,1,1,1,0,0,1,1,0,116,123,98,110,102,129,113,116,109,108,115,130,122,104,117,103,118,123,102,98,21,23,19,19,20,22,21,20,19,19
DRAKE_T1,BatchB,1,3357,5846,2919,3196,2830,2679,5395,2628,5381,5842,3208,6032,4984,3113,7345,3219,3034,2833,3305,2961,2829,2838,3003,8070,2769,2836,5783,3079,3330,2825,3182,3122,3116,2810,3214,3086,2886,7417,3077,3210,7033,3045,2752,3197,3102,6068,2855,3132,3009,3134,4879,6377,2767,2878,7740,3154,2942,3077,5349,7754,2603,3189,2850,5815,2983,3184,2837,3347,3209,3263,2794,4236,2946,2877,2674,3165,5263,6504,3102,5948,3519,3300,2809,5752,2635,3069,2667,4152,2893,6363,6589,2954,2654,3869,2754,6288,6262,2973,2937,7253,2781,4676,2863,3399,2814,2888,2805,3157,7149,2577,3078,3069,3448,2739,3079,5069,3143,2874,3014,2719,2898,6952,2691,6909,3313,3053,3333,4679,2450,2734,8051,6534,3115,3219,2483,6277,2817,3125,3288,3375,10349,3095,4115,3016,2901,2871,2841,2881,3152,3055,3004,6076,7712,3121,2977,3341,5609,3522,3014,2673,2927,2954,2880,2981,5048,2976,3337,2897,10144,6425,4096,3314,2768,2607,2776,3147,3181,2886,3078,7426,2848,6731,2720,3011,2990,3274,3012,2778,6228,6171,3500,7544,3895,5005,4264,2715,8205,2911,2983,8661,169,196,217,174,96,132,127,106,108,121,178,265,163,120,164,193,159,183,258,138,289,169,140,122,134,145,252,238,120,292,227,135,160,187,121,139,183,147,118,372,142,137,109,118,856,101,93,191,262,274,147,162,211,199,225,182,139,231,236,252,260,271,141,141,286,209,344,173,140,135,195,139,156,389,161,187,123,127,162,155,270,114,152,406,291,182,167,276,285,314,136,420,502,116,156,301,132,141,108,386,222,97,155,131,150,123,132,174,189,212,174,243,208,199,190,138,276,131,160,114,154,144,206,190,213,342,282,134,126,182,380,166,135,318,303,110,119,428,198,430,163,151,168,145,568,102,124,339,189,201,171,454,127,161,495,158,142,209,121,128,170,159,461,130,142,181,245,321,147,198,157,157,163,164,441,398,133,125,206,128,142,222,243,126,291,128,334,169,216,94,95,131,553,174,160,157,148,142,365,120,143,145,203,144,641,148,141,173,96,114,112,191,137,267,210,287,215,202,136,187,186,137,410,126,117,635,169,222,158,156,132,273,160,285,375,314,135,130,314,159,131,155,147,325,140,237,498,123,214,136,222,142,570,259,147,163,212,487,388,148,146,172,274,172,268,134,148,520,447,108,164,168,165,171,403,125,197,117,131,541,159,342,153,160,155,154,196,153,141,338,489,150,144,248,125,317,99,283,226,124,9,29,15,14,3,6,25,9,7,10,12,7,6,7,8,7,22,12,9,31,7,12,10,14,14,7,11,13,8,14,7,7,7,20,6,17,5,11,4,7,5,8,13,8,16,7,7,6,9,8,8,16,8,30,8,11,24,6,7,12,7,8,19,6,13,11,13,6,9,9,5,12,7,6,9,5,18,10,7,7,4,6,6,6,11,12,12,10,7,10,4,10,11,5,11,5,5,11,16,5,23,6,19,18,6,6,9,13,5,8,5,8,5,9,6,12,30,9,13,11,8,8,10,18,9,16,6,21,6,4,12,14,7,12,13,16,21,7,21,9,5,10,12,7,7,8,9,5,8,7,22,7,11,12,10,8,6,8,29,22,9,8,7,10,16,5,6,8,8,4,8,6,17,6,7,8,14,19,8,13,16,11,10,6,7,6,7,14,10,30,6,11,9,5,6,7,5,5,5,7,1,1,1,1,1,1,1,1,1,1,0,0,0,0,0,0,0,0,0,0,41,44,31,36,34,44,41,44,41,34,40,38,38,38,40,36,40,40,35,33,22,21,18,18,21,21,23,22,21,18
RIPLEY_T0,BatchB,0,3065,5532,3041,3056,2421,2779,5122,3076,4724,6096,2886,5753,5183,3169,6575,2629,3112,2933,3494,2926,2778,2693,3533,8040,3056,3285,6471,3023,3164,3331,3331,2865,2661,2863,3252,2947,2608,7549,2730,3061,6872,3377,3010,3046,2644,5891,3540,3208,3265,2916,4454,6182,3000,2671,8360,2795,3026,3221,6573,9415,2738,2752,2926,6572,3070,3099,3033,2828,3235,3226,2823,4245,2725,2709,2686,2791,5734,7647,3046,6601,2889,2606,2986,6169,2910,3066,3099,4204,3047,5565,6342,2766,2692,4477,2919,5884,6461,2924,3268,7309,2922,5133,2657,3028,2860,3175,2681,2909,7578,2817,3019,3334,3876,3333,3243,5919,3278,3122,2956,3063,2905,6227,3162,6378,3113,3314,3117,4274,3033,2965,7614,5776,2912,2859,2688,5604,2739,3296,3328,3342,10214,3005,4003,3204,2893,2667,2494,2944,3291,3162,3082,6769,8485,2950,2938,3358,5754,2849,2788,2805,2975,2785,3339,2922,5173,2720,2887,2858,9337,6546,4087,2510,2832,2629,2626,2962,3625,3121,3065,7511,2926,7126,2681,3293,2910,3379,2798,2830,6449,5429,3115,8602,3598,5611,4096,2806,8223,2861,2843,8469,167,213,192,168,97,149,130,104,140,140,210,220,173,127,129,151,166,180,253,128,305,156,162,126,141,171,219,219,125,332,212,124,173,195,156,147,243,163,151,448,148,137,94,112,802,125,104,182,264,265,128,156,219,199,253,172,155,266,218,282,242,285,150,119,361,207,457,191,159,137,249,136,131,317,213,167,128,111,194,141,199,105,211,520,219,127,149,334,271,293,137,439,512,108,149,254,133,171,97,394,267,118,180,144,160,112,144,192,174,202,144,231,199,150,186,137,251,134,178,136,163,153,168,159,252,305,262,143,126,203,359,165,139,305,312,140,178,413,195,268,147,176,129,154,584,110,138,464,233,191,168,419,127,178,515,166,157,197,129,131,143,150,479,113,143,204,229,405,142,203,161,192,188,195,440,327,177,158,241,142,162,202,225,133,260,128,333,195,270,102,100,138,442,172,167,193,166,179,370,115,145,173,222,127,517,133,139,174,100,139,113,169,129,300,193,369,168,192,162,223,144,132,490,97,128,534,171,192,186,193,96,272,147,247,466,300,152,103,371,180,156,150,175,319,127,250,518,124,186,151,243,150,541,231,146,163,182,491,340,148,160,128,226,173,222,146,136,385,431,123,162,106,149,199,382,129,155,121,164,579,138,355,132,177,153,130,162,174,120,284,435,172,143,264,132,288,100,362,172,106,9,24,16,12,3,8,22,8,6,8,14,7,7,6,10,8,19,11,11,32,8,18,11,16,15,6,9,12,10,10,8,6,6,22,6,16,7,10,5,6,5,7,13,7,18,8,8,5,9,8,9,15,8,38,8,13,18,6,7,11,7,7,15,6,15,9,15,6,7,7,5,18,8,7,7,5,16,11,7,7,3,6,7,6,11,13,10,11,10,12,5,8,11,5,9,7,5,8,21,5,22,7,19,18,6,10,8,10,4,10,5,8,4,8,8,12,25,7,16,11,7,9,7,14,6,14,7,23,6,4,10,17,7,12,14,16,21,5,26,8,5,12,13,8,7,8,8,5,9,7,27,6,13,11,8,8,5,9,33,21,9,8,7,12,14,4,5,9,7,4,9,10,18,5,11,8,15,22,7,18,13,9,9,5,8,6,8,9,10,20,9,14,9,4,6,6,4,5,6,7,0,0,0,0,0,0,0,0,0,0,0,0,0,0,0,0,0,0,0,0,112,128,102,95,126,137,119,130,113,109,113,112,131,123,120,116,122,134,113,100,21,22,19,17,19,21,22,21,19,18
RIPLEY_T1,BatchB,1,3054,6036,3280,3106,2512,2851,5457,2707,4908,5690,3227,5903,5023,3289,6833,2662,3149,3025,3111,3092,2623,2749,2909,7222,3073,3306,6329,3074,2876,2676,3243,2909,2991,2859,2955,3322,2988,8057,2434,3224,6709,3102,2955,2884,2858,5922,3417,3001,2686,2803,4740,6661,2585,2988,7990,2795,2931,3054,5708,8458,2540,3091,2831,6875,2833,3132,3058,2957,2953,2798,3175,4320,2683,2762,2863,3013,5247,7098,2956,6442,3165,2469,2913,6358,2654,3244,2595,4263,3024,6705,6342,3075,2868,4336,3023,5595,6640,2583,3132,7189,2911,4621,3021,2868,2946,2895,2925,2913,7152,2518,3292,2947,3412,2510,2888,5399,2855,3097,3405,2808,2920,6647,2789,6988,2997,3143,3265,4780,2960,2633,8600,5714,3285,2834,2800,5407,3061,3095,3263,3326,11315,2901,4101,2869,3029,2999,2621,2960,3316,3016,2821,6792,9176,3052,3172,3468,5776,2865,3039,2783,2665,2943,3485,2689,5008,2930,3280,3047,9326,6957,4267,2988,2889,2428,2879,2903,3114,3214,3242,7156,2967,7198,2661,3187,2815,3344,2997,2865,6387,6035,2992,7997,3753,5043,4143,2927,8952,2740,3037,8039,134,186,202,183,84,168,122,115,136,144,182,222,155,130,164,170,168,173,257,141,314,169,153,129,162,145,271,200,158,298,188,130,170,189,127,130,245,137,119,417,134,125,108,102,719,125,109,193,245,277,124,171,211,160,191,162,174,195,235,272,205,275,170,141,341,176,395,157,136,137,190,163,127,379,197,201,125,124,154,168,248,93,186,488,218,133,133,328,329,291,152,437,554,106,144,317,205,139,106,332,180,105,178,148,159,122,140,184,235,228,181,200,183,206,161,143,252,128,189,122,189,137,216,146,158,272,268,160,99,168,357,168,155,306,324,130,116,375,189,384,123,145,187,186,586,102,154,395,209,169,164,475,124,140,469,175,141,172,128,141,146,152,478,118,144,185,226,360,162,166,140,175,182,149,464,318,150,126,192,131,172,191,252,121,268,134,382,181,239,102,92,150,502,153,157,142,158,162,437,116,141,160,207,130,486,162,161,178,102,105,119,188,155,320,232,329,185,253,168,189,171,140,399,112,103,455,210,211,203,134,118,269,167,232,421,266,125,118,324,179,145,141,174,371,136,295,468,140,169,137,230,139,509,224,138,127,185,522,340,132,154,148,243,145,228,139,140,386,431,124,164,119,128,141,463,144,176,126,137,555,160,410,164,196,147,139,161,174,126,316,422,137,115,307,133,332,115,344,177,107,10,28,18,12,3,7,23,6,6,7,12,7,8,7,12,7,21,12,11,32,9,16,9,13,16,7,9,16,7,12,6,7,8,21,5,17,7,10,4,6,5,6,11,6,19,6,8,6,10,10,9,17,9,41,7,11,23,5,7,11,7,8,16,6,15,8,11,5,9,10,5,16,9,6,8,4,16,9,7,12,3,6,6,5,11,12,10,9,7,11,6,7,10,5,8,6,6,8,16,5,20,6,20,19,5,10,8,10,5,8,4,7,5,7,6,13,19,8,14,10,7,6,8,15,8,14,6,22,6,4,11,13,7,11,13,17,19,6,19,9,5,9,14,7,6,8,8,4,8,6,23,7,11,11,8,8,6,8,33,19,11,7,7,10,16,5,4,9,8,4,9,8,18,5,9,10,14,19,8,20,14,8,11,6,6,6,10,13,12,20,7,15,11,4,6,7,5,5,6,7,0,0,0,0,0,0,0,0,0,0,0,0,0,0,0,0,0,0,0,0,1850,2256,1567,1660,1808,2217,2113,1982,1638,1703,1866,1841,1903,1882,1935,1879,1923,2071,1495,1594,21,21,17,18,21,22,24,19,19,19
SPUNKMEYER_T0,BatchB,0,2831,5855,3018,3163,2540,2562,5643,3058,5680,5791,2941,5982,5730,3034,6451,3224,2861,2871,3070,2766,3019,3132,3295,8451,2864,2903,5732,3156,3131,3087,3438,3230,2953,2950,2968,3162,3056,7351,3071,2939,6265,2995,2998,3343,2822,6318,3049,3092,3030,2893,4456,6667,2834,2841,8405,3059,3225,3128,6279,8463,2946,2870,3211,6956,3150,3007,3190,2889,2962,2888,2759,4462,2921,2880,2946,3179,5286,6237,3099,6204,2911,3106,2733,5509,2505,2779,3107,4352,3459,6100,5761,2803,2773,3895,2673,5767,6569,2959,3251,7422,2835,5032,2799,3102,3254,2801,2937,2784,7044,2767,3071,3088,3668,3165,2864,6510,3140,3314,3199,2852,2761,6011,2898,6231,3312,3096,3131,4378,2919,2672,7931,6055,3289,2650,2867,6514,3288,2779,3283,3720,10443,2847,5112,2988,2750,2793,2706,2921,2921,2733,2843,5707,8800,2821,2795,3272,5983,3007,2774,2366,2793,2923,3438,2580,5372,3047,3176,3196,10370,6503,3966,3106,2824,2899,2764,2940,3133,3052,2925,7587,3348,6645,3056,3028,3018,3183,3033,2784,5920,6090,3215,7765,3498,5055,4299,2657,7493,2878,2789,9039,145,200,280,155,93,122,118,111,126,136,149,219,188,127,162,154,159,178,270,148,266,176,168,130,164,173,239,232,126,314,191,131,160,177,133,124,230,155,113,397,105,139,112,129,761,118,102,150,315,238,124,139,231,184,230,163,181,205,242,289,333,265,168,184,289,213,383,163,156,144,193,145,161,363,194,143,118,132,182,167,207,109,171,482,252,148,149,365,305,296,149,362,473,116,137,298,154,143,102,351,236,136,167,122,155,132,154,185,213,228,205,203,242,148,209,146,220,145,186,103,186,138,213,156,183,305,317,133,106,214,358,172,120,325,257,127,137,472,187,386,171,171,140,177,531,84,129,329,190,199,156,552,114,215,516,149,152,239,110,150,119,155,495,117,145,194,240,427,148,174,145,175,198,168,474,412,135,133,210,154,152,188,216,115,257,158,288,125,264,118,92,165,416,140,167,146,191,163,401,107,141,178,233,141,723,144,147,200,96,107,118,194,121,307,283,315,182,202,121,194,151,102,570,110,153,510,189,217,154,182,141,264,138,296,451,275,139,131,352,166,144,192,179,394,150,267,446,163,163,147,232,169,468,206,139,159,167,626,350,130,157,142,247,179,206,160,142,507,387,127,143,131,127,175,366,127,174,121,195,559,155,326,118,160,140,142,158,182,121,245,511,166,136,287,166,294,113,327,240,105,10,24,15,13,3,8,19,7,7,10,11,7,7,6,8,9,24,11,8,33,8,13,12,19,12,7,9,13,7,12,8,5,7,22,5,13,7,11,4,6,4,5,15,8,18,6,8,6,8,10,8,15,9,30,6,11,21,5,7,10,7,7,22,6,14,10,16,6,8,7,6,12,10,6,7,4,18,9,7,7,5,7,6,6,11,11,9,11,8,12,6,7,12,5,10,7,8,8,22,5,21,5,17,16,6,9,9,11,5,11,6,7,5,8,7,13,22,9,14,11,7,7,6,17,8,18,7,21,5,4,11,14,6,13,17,15,17,6,20,7,5,9,12,9,8,8,9,6,8,7,22,6,11,10,9,6,6,8,29,21,11,6,8,13,13,5,5,10,6,4,10,9,18,5,10,9,10,21,9,21,15,8,12,7,7,7,7,10,12,20,8,11,11,5,5,7,4,6,5,8,9,8,7,7,8,7,7,8,7,8,10,10,9,10,9,9,8,10,10,8,17,18,15,14,15,19,17,18,15,15,17,15,16,15,16,15,18,17,15,13,23,22,19,17,20,21,24,20,19,20
SPUNKMEYER_T1,BatchB,1,3103,5749,2876,3139,2853,2506,5280,3106,5085,5902,3040,5845,4925,2830,7208,2767,3182,3163,3339,3212,3112,2980,2950,7579,3160,2954,5744,3289,2910,3209,3280,3152,2801,2757,3239,3240,2843,7193,2529,2709,6490,3055,2687,3172,3002,5828,3127,2868,2878,2850,4468,6697,2774,2862,7319,2802,2888,3001,5818,8740,2881,2642,3118,6142,3236,3492,2884,2929,3387,2823,2701,4017,2652,3387,3001,3037,5000,5895,2919,6864,3132,2540,2659,5993,2725,2781,2987,4245,3289,6140,5871,2604,2870,4077,2757,6158,6447,2620,2815,6955,3308,5148,3154,3090,3120,2812,2464,2900,7342,2611,2804,2815,3728,2682,3315,5550,3303,3032,3105,2965,2733,5983,2955,6380,2953,2797,3380,4296,2733,2953,7541,5437,3065,2880,2802,6291,3109,3271,3366,3154,10915,2922,4338,3081,2546,2950,2978,2911,2954,3354,2789,6207,7920,2863,3173,3357,6402,2832,2684,2830,2786,2641,3195,2944,5707,2904,3079,2708,8944,7201,3814,3143,2819,3031,2622,2959,3154,2763,2863,7156,3032,7146,2818,3567,2719,3116,3323,3102,7312,5587,2882,8222,3808,5111,4763,2597,7953,2765,2972,8400,141,163,224,153,107,160,145,139,116,149,159,231,143,148,134,184,151,215,244,118,305,160,150,119,154,163,242,199,126,283,185,114,190,189,111,156,204,144,107,365,136,169,98,110,821,116,125,222,270,268,154,150,210,158,235,175,188,228,228,286,226,270,172,157,271,170,410,134,120,164,175,136,161,382,223,171,118,112,217,154,265,109,186,517,216,132,182,354,259,289,141,449,521,97,159,318,157,148,104,380,177,110,166,137,145,120,138,200,272,196,179,220,219,166,201,138,257,112,196,110,188,113,204,193,265,308,254,142,124,189,382,180,151,337,279,111,140,586,197,375,151,142,132,187,482,108,138,363,184,171,185,577,136,205,527,179,164,193,120,134,138,184,439,116,167,179,226,451,168,175,180,175,171,180,444,383,116,137,246,144,154,180,244,101,266,131,413,157,276,100,99,126,404,166,177,143,147,165,390,132,173,138,178,147,665,132,128,174,93,120,95,200,125,250,210,318,144,218,156,195,136,124,469,119,128,510,184,206,195,164,122,290,132,326,516,267,130,133,379,183,147,155,177,349,123,219,456,136,164,163,292,155,490,249,159,168,186,480,323,131,155,141,250,159,263,135,135,509,412,113,143,141,136,154,339,127,203,119,155,621,156,391,150,175,150,113,174,173,129,305,465,155,166,257,114,276,100,283,196,114,13,22,15,10,4,7,21,9,6,8,9,7,8,7,9,10,22,13,8,30,8,13,9,14,17,8,13,13,9,10,6,5,7,20,6,14,7,10,5,7,5,6,14,7,17,7,8,6,8,9,8,18,8,25,6,13,21,6,9,13,8,8,18,7,14,9,12,6,9,8,5,15,8,6,9,4,18,10,7,9,5,5,7,5,8,12,10,9,8,11,5,7,14,5,8,6,6,9,23,5,19,6,21,16,8,9,11,12,5,8,8,9,6,9,7,12,30,8,12,11,8,8,8,12,8,13,6,27,6,4,13,15,7,13,14,15,19,5,20,9,4,9,16,7,7,7,10,5,10,5,20,6,10,12,8,10,5,10,31,22,12,8,8,13,15,4,5,8,6,4,9,7,21,6,10,8,11,19,8,18,13,8,10,6,8,7,9,12,12,22,6,12,9,4,7,6,4,6,6,8,2,2,2,2,2,2,2,2,2,2,0,0,0,0,0,0,0,0,0,0,367,378,308,311,308,367,315,372,308,326,356,339,348,328,374,345,378,350,310,300,20,23,18,16,20,22,23,22,19,19
