sample_id,batch,timepoint,HK_001,HK_002,HK_003,HK_004,HK_005,HK_006,HK_007,HK_008,HK_009,HK_010,HK_011,HK_012,HK_013,HK_014,HK_015,HK_016,HK_017,HK_018,HK_019,HK_020,HK_021,HK_022,HK_023,HK_024,HK_025,HK_026,HK_027,HK_028,HK_029,HK_030,HK_031,HK_032,HK_033,HK_034,HK_035,HK_036,HK_037,HK_038,HK_039,HK_040,HK_041,HK_042,HK_043,HK_044,HK_045,HK_046,HK_047,HK_048,HK_049,HK_050,HK_051,HK_052,HK_053,HK_054,HK_055,HK_056,HK_057,HK_058,HK_059,HK_060,HK_061,HK_062,HK_063,HK_064,HK_065,HK_066,HK_067,HK_068,HK_069,HK_070,HK_071,HK_072,HK_073,HK_074,HK_075,HK_076,HK_077,HK_078,HK_079,HK_080,HK_081,HK_082,HK_083,HK_084,HK_085,HK_086,HK_087,HK_088,HK_089,HK_090,HK_091,HK_092,HK_093,HK_094,HK_095,HK_096,HK_097,HK_098,HK_099,HK_100,HK_101,HK_102,HK_103,HK_104,HK_105,HK_106,HK_107,HK_108,HK_109,HK_110,HK_111,HK_112,HK_113,HK_114,HK_115,HK_116,HK_117,HK_118,HK_119,HK_120,HK_121,HK_122,HK_123,HK_124,HK_125,HK_126,HK_127,HK_128,HK_129,HK_130,HK_131,HK_132,HK_133,HK_134,HK_135,HK_136,HK_137,HK_138,HK_139,HK_140,HK_141,HK_142,HK_143,HK_144,HK_145,HK_146,HK_147,HK_148,HK_149,HK_150,HK_151,HK_152,HK_153,HK_154,HK_155,HK_156,HK_157,HK_158,HK_159,HK_160,HK_161,HK_162,HK_163,HK_164,HK_165,HK_166,HK_167,HK_168,HK_169,HK_170,HK_171,HK_172,HK_173,HK_174,HK_175,HK_176,HK_177,HK_178,HK_179,HK_180,HK_181,HK_182,HK_183,HK_184,HK_185,HK_186,HK_187,HK_188,HK_189,HK_190,HK_191,HK_192,HK_193,HK_194,HK_195,HK_196,HK_197,HK_198,HK_199,HK_200,IMM_001,IMM_002,IMM_003,IMM_004,IMM_005,IMM_006,IMM_007,IMM_008,IMM_009,IMM_010,IMM_011,IMM_012,IMM_013,IMM_014,IMM_015,IMM_016,IMM_017,IMM_018,IMM_019,IMM_020,IMM_021,IMM_022,IMM_023,IMM_024,IMM_025,IMM_026,IMM_027,IMM_028,IMM_029,IMM_030,IMM_031,IMM_032,IMM_033,IMM_034,IMM_035,IMM_036,IMM_037,IMM_038,IMM_039,IMM_040,IMM_041,IMM_042,IMM_043,IMM_044,IMM_045,IMM_046,IMM_047,IMM_048,IMM_049,IMM_050,IMM_051,IMM_052,IMM_053,IMM_054,IMM_055,IMM_056,IMM_057,IMM_058,IMM_059,IMM_060,IMM_061,IMM_062,IMM_063,IMM_064,IMM_065,IMM_066,IMM_067,IMM_068,IMM_069,IMM_070,IMM_071,IMM_072,IMM_073,IMM_074,IMM_075,IMM_076,IMM_077,IMM_078,IMM_079,IMM_080,IMM_081,IMM_082,IMM_083,IMM_084,IMM_085,IMM_086,IMM_087,IMM_088,IMM_089,IMM_090,IMM_091,IMM_092,IMM_093,IMM_094,IMM_095,IMM_096,IMM_097,IMM_098,IMM_099,IMM_100,IMM_101,IMM_102,IMM_103,IMM_104,IMM_105,IMM_106,IMM_107,IMM_108,IMM_109,IMM_110,IMM_111,IMM_112,IMM_113,IMM_114,IMM_115,IMM_116,IMM_117,IMM_118,IMM_119,IMM_120,IMM_121,IMM_122,IMM_123,IMM_124,IMM_125,IMM_126,IMM_127,IMM_128,IMM_129,IMM_130,IMM_131,IMM_132,IMM_133,IMM_134,IMM_135,IMM_136,IMM_137,IMM_138,IMM_139,IMM_140,IMM_141,IMM_142,IMM_143,IMM_144,IMM_145,IMM_146,IMM_147,IMM_148,IMM_149,IMM_150,IMM_151,IMM_152,IMM_153,IMM_154,IMM_155,IMM_156,IMM_157,IMM_158,IMM_159,IMM_160,IMM_161,IMM_162,IMM_163,IMM_164,IMM_165,IMM_166,IMM_167,IMM_168,IMM_169,IMM_170,IMM_171,IMM_172,IMM_173,IMM_174,IMM_175,IMM_176,IMM_177,IMM_178,IMM_179,IMM_180,IMM_181,IMM_182,IMM_183,IMM_184,IMM_185,IMM_186,IMM_187,IMM_188,IMM_189,IMM_190,IMM_191,IMM_192,IMM_193,IMM_194,IMM_195,IMM_196,IMM_197,IMM_198,IMM_199,IMM_200,IMM_201,IMM_202,IMM_203,IMM_204,IMM_205,IMM_206,IMM_207,IMM_208,IMM_209,IMM_210,IMM_211,IMM_212,IMM_213,IMM_214,IMM_215,IMM_216,IMM_217,IMM_218,IMM_219,IMM_220,IMM_221,IMM_222,IMM_223,IMM_224,IMM_225,IMM_226,IMM_227,IMM_228,IMM_229,IMM_230,IMM_231,IMM_232,IMM_233,IMM_234,IMM_235,IMM_236,IMM_237,IMM_238,IMM_239,IMM_240,IMM_241,IMM_242,IMM_243,IMM_244,IMM_245,IMM_246,IMM_247,IMM_248,IMM_249,IMM_250,IMM_251,IMM_252,IMM_253,IMM_254,IMM_255,IMM_256,IMM_257,IMM_258,IMM_259,IMM_260,IMM_261,IMM_262,IMM_263,IMM_264,IMM_265,IMM_266,IMM_267,IMM_268,IMM_269,IMM_270,IMM_271,IMM_272,IMM_273,IMM_274,IMM_275,IMM_276,IMM_277,IMM_278,IMM_279,IMM_280,IMM_281,IMM_282,IMM_283,IMM_284,IMM_285,IMM_286,IMM_287,IMM_288,IMM_289,IMM_290,IMM_291,IMM_292,IMM_293,IMM_294,IMM_295,IMM_296,IMM_297,IMM_298,IMM_299,IMM_300,LOW_001,LOW_002,LOW_003,LOW_004,LOW_005,LOW_006,LOW_007,LOW_008,LOW_009,LOW_010,LOW_011,LOW_012,LOW_013,LOW_014,LOW_015,LOW_016,LOW_017,LOW_018,LOW_019,LOW_020,LOW_021,LOW_022,LOW_023,LOW_024,LOW_025,LOW_026,LOW_027,LOW_028,LOW_029,LOW_030,LOW_031,LOW_032,LOW_033,LOW_034,LOW_035,LOW_036,LOW_037,LOW_038,LOW_039,LOW_040,LOW_041,LOW_042,LOW_043,LOW_044,LOW_045,LOW_046,LOW_047,LOW_048,LOW_049,LOW_050,LOW_051,LOW_052,LOW_053,LOW_054,LOW_055,LOW_056,LOW_057,LOW_058,LOW_059,LOW_060,LOW_061,LOW_062,LOW_063,LOW_064,LOW_065,LOW_066,LOW_067,LOW_068,LOW_069,LOW_070,LOW_071,LOW_072,LOW_073,LOW_074,LOW_075,LOW_076,LOW_077,LOW_078,LOW_079,LOW_080,LOW_081,LOW_082,LOW_083,LOW_084,LOW_085,LOW_086,LOW_087,LOW_088,LOW_089,LOW_090,LOW_091,LOW_092,LOW_093,LOW_094,LOW_095,LOW_096,LOW_097,LOW_098,LOW_099,LOW_100,LOW_101,LOW_102,LOW_103,LOW_104,LOW_105,LOW_106,LOW_107,LOW_108,LOW_109,LOW_110,LOW_111,LOW_112,LOW_113,LOW_114,LOW_115,LOW_116,LOW_117,LOW_118,LOW_119,LOW_120,LOW_121,LOW_122,LOW_123,LOW_124,LOW_125,LOW_126,LOW_127,LOW_128,LOW_129,LOW_130,LOW_131,LOW_132,LOW_133,LOW_134,LOW_135,LOW_136,LOW_137,LOW_138,LOW_139,LOW_140,LOW_141,LOW_142,LOW_143,LOW_144,LOW_145,LOW_146,LOW_147,LOW_148,LOW_149,LOW_150,LOW_151,LOW_152,LOW_153,LOW_154,LOW_155,LOW_156,LOW_157,LOW_158,LOW_159,LOW_160,LOW_161,LOW_162,LOW_163,LOW_164,LOW_165,LOW_166,LOW_167,LOW_168,LOW_169,LOW_170,LOW_171,LOW_172,LOW_173,LOW_174,LOW_175,LOW_176,LOW_177,LOW_178,LOW_179,LOW_180,LOW_181,LOW_182,LOW_183,LOW_184,LOW_185,LOW_186,LOW_187,LOW_188,LOW_189,LOW_190,LOW_191,LOW_192,LOW_193,LOW_194,LOW_195,LOW_196,LOW_197,LOW_198,LOW_199,LOW_200,HVAR_001,HVAR_002,HVAR_003,HVAR_004,HVAR_005,HVAR_006,HVAR_007,HVAR_008,HVAR_009,HVAR_010,HVAR_011,HVAR_012,HVAR_013,HVAR_014,HVAR_015,HVAR_016,HVAR_017,HVAR_018,HVAR_019,HVAR_020,HVAR_021,HVAR_022,HVAR_023,HVAR_024,HVAR_025,HVAR_026,HVAR_027,HVAR_028,HVAR_029,HVAR_030,HVAR_031,HVAR_032,HVAR_033,HVAR_034,HVAR_035,HVAR_036,HVAR_037,HVAR_038,HVAR_039,HVAR_040,HVAR_041,HVAR_042,HVAR_043,HVAR_044,HVAR_045,HVAR_046,HVAR_047,HVAR_048,HVAR_049,HVAR_050
JUDE_T2,BatchB,2,3142,6127,3386,2930,2831,2690,5760,3065,5365,6326,3198,5626,5251,2983,6367,2836,3202,2940,2813,2949,3059,3019,3518,7833,2653,2816,6091,2981,2971,3250,3239,3162,2514,2946,3047,3163,3034,7676,2478,3052,5985,2731,2761,2896,3049,4891,3269,2696,3062,2764,5261,7376,3058,2842,6989,2912,3017,3234,6070,8188,2582,2944,3114,6369,2997,2995,2792,2687,3320,2640,2607,4209,2854,2998,2905,2904,5293,6358,3095,6182,2918,2953,3037,5653,2791,2894,3106,4233,3002,5946,6116,2978,3073,3920,2880,5953,6806,2829,3245,7216,2937,4960,2908,3229,3044,2802,2697,3016,6693,2492,3117,2933,3821,2548,3507,6181,2955,2931,3117,3219,2913,6402,2665,6044,3024,2915,3586,4291,2770,2886,7807,6172,3154,2974,2620,6328,3241,3108,3209,3407,10356,3252,4050,2953,3011,2670,2806,2812,3229,2802,2990,5563,8568,2789,2683,3192,6422,3040,2727,2894,2982,2479,3357,2809,5805,2614,3255,2938,9844,6451,3742,2965,2835,2804,2737,2918,3236,2918,3201,7273,3339,7475,2810,2889,2930,3173,3288,2718,6240,5891,3341,8595,3182,4785,4395,3050,9207,2660,2988,8203,147,210,231,142,110,164,131,121,111,149,183,168,143,150,154,191,150,175,222,113,262,149,150,112,143,160,223,186,154,268,180,139,130,190,125,102,222,133,125,396,135,147,90,126,611,122,122,226,228,264,125,168,208,182,248,179,170,246,247,300,341,313,193,118,278,206,344,140,145,140,204,155,164,445,190,130,121,118,208,143,222,99,174,485,213,144,155,336,285,326,137,354,486,112,153,380,193,151,99,289,222,96,168,166,163,118,125,183,202,165,206,189,212,145,185,150,217,105,191,112,176,128,233,190,234,311,262,153,116,210,378,153,119,361,268,126,115,459,211,395,159,174,221,140,565,97,155,337,204,176,160,462,123,154,536,191,129,214,112,165,165,181,561,111,136,189,261,374,170,164,138,182,180,169,519,382,127,145,215,114,148,192,238,95,234,125,383,174,296,102,94,130,404,173,164,142,189,138,381,106,140,173,201,144,536,120,134,196,92,97,102,186,117,342,216,405,205,194,133,208,171,125,394,106,115,610,181,200,181,143,150,259,159,299,435,296,142,128,303,160,138,179,204,384,141,275,453,155,171,143,241,147,579,218,150,161,196,441,420,141,141,130,229,161,262,120,122,457,449,116,147,136,150,126,462,116,182,110,138,533,143,288,130,188,160,135,156,138,110,292,421,148,136,291,122,327,82,358,205,102,10,25,13,13,4,6,19,8,6,8,12,6,8,6,9,9,20,10,9,31,9,13,12,16,20,7,11,13,7,12,6,6,7,19,5,15,7,9,4,7,5,6,14,7,20,7,10,5,9,8,8,13,8,33,7,11,19,5,7,10,8,10,13,4,20,8,15,7,9,8,5,16,7,5,9,6,15,11,7,8,4,5,7,5,9,14,8,10,8,13,6,8,14,5,7,8,7,9,18,4,20,6,23,25,6,10,9,10,6,11,6,7,5,8,6,14,22,7,13,12,5,7,9,17,8,15,7,19,6,4,11,12,6,11,15,13,15,7,22,9,5,9,15,7,6,8,10,6,7,5,17,7,10,9,10,9,6,8,22,18,11,9,8,12,15,6,5,10,6,4,10,7,20,6,9,8,14,18,8,26,14,8,11,7,7,5,10,10,11,19,9,12,10,5,7,7,4,5,5,8,0,0,0,0,0,0,0,0,0,0,0,0,0,0,0,0,0,0,0,0,105,105,80,94,85,102,90,110,80,80,91,95,92,85,92,94,101,99,79,72,23,21,20,17,21,21,23,21,20,19
SABRA_T2,BatchB,2,2928,6041,3155,3273,2801,2897,5396,2697,4950,6469,2977,5699,4617,3174,6398,3076,3075,2594,3079,2962,2885,2732,3101,8035,3106,3145,6473,3017,3114,2781,3065,3002,2811,2998,2702,3224,2920,7201,2761,3127,6650,3050,2760,3024,3240,5579,3327,2912,2754,3114,4152,6101,2502,3107,7244,2941,2858,3607,5424,8501,2921,2987,2894,6084,2673,3049,3411,2926,3319,3265,2404,4359,2610,3301,3071,2884,5390,6224,2955,6583,2909,3242,2926,6537,2927,3455,2787,4804,2911,6479,5812,2709,2901,4432,2428,6100,6633,2651,2984,7349,3052,4752,3160,3461,2892,2889,3270,2905,7249,2800,2840,3084,3663,2563,2850,5615,2697,3220,2963,3221,3145,6763,3224,6621,3018,2969,3323,4996,2864,2572,8055,5374,3224,2846,2883,6306,3182,3166,3038,3575,11594,2808,4111,2983,3052,2776,2865,2641,3274,3554,2852,6857,8520,2635,2710,3179,6456,3214,2448,2919,2733,2669,3176,2826,5315,2917,3126,2962,10538,6550,4167,3179,3130,3046,2844,2898,3486,3113,3000,7645,2988,6702,3165,3228,3038,3452,3406,2680,6450,6391,3021,7287,3226,5199,4234,3107,9752,2957,3041,8144,151,175,219,152,92,157,117,127,125,126,153,228,133,131,127,180,179,207,248,152,261,135,172,102,146,176,233,174,130,325,221,144,131,220,130,131,221,144,118,397,114,158,101,118,695,104,122,189,260,296,139,203,240,160,288,181,189,279,211,284,221,317,150,146,322,197,337,164,161,135,168,174,152,468,165,159,108,107,181,155,269,119,153,464,218,129,147,301,281,277,147,448,556,114,147,326,146,148,90,337,192,126,165,138,163,116,135,221,242,209,189,187,255,145,168,133,227,112,184,107,171,117,162,163,239,312,255,158,132,209,301,216,126,298,350,116,139,461,202,417,164,150,133,178,561,89,115,389,203,204,166,510,120,209,511,134,161,214,138,131,141,139,488,119,136,222,225,398,150,184,127,182,197,178,441,368,142,126,242,151,162,207,295,113,272,138,326,171,233,102,113,165,513,180,196,171,175,155,372,143,137,172,206,144,520,141,145,167,98,111,126,162,149,308,225,336,153,184,151,194,148,119,466,126,129,455,186,250,171,178,120,357,147,292,397,281,128,123,341,176,110,142,173,340,157,236,474,139,194,203,241,149,504,246,166,146,163,472,373,151,159,133,221,178,221,142,157,435,365,112,180,158,144,160,359,120,168,124,171,579,150,311,149,152,149,169,151,148,109,362,414,155,142,286,127,312,111,288,193,100,11,25,17,12,3,6,21,8,7,7,12,8,8,8,8,8,21,12,8,25,8,17,10,14,14,6,10,15,8,13,6,6,7,22,6,16,6,10,4,7,4,5,14,7,19,6,9,6,10,8,8,13,8,26,7,13,22,6,8,11,6,9,17,6,15,10,15,6,8,7,5,18,7,7,9,5,17,11,7,8,4,6,7,5,10,12,9,12,6,10,5,8,13,4,11,6,6,8,19,4,26,7,21,23,7,9,10,12,5,10,6,7,6,8,5,11,25,10,12,8,7,6,7,15,9,16,6,19,5,3,9,12,7,10,13,14,20,6,28,10,4,10,12,7,6,6,10,4,7,8,22,8,10,8,8,9,6,7,24,22,11,7,8,14,16,4,5,7,7,3,7,8,14,5,8,7,15,18,8,19,16,8,10,6,6,6,9,12,11,17,8,11,11,4,6,6,4,5,7,7,0,0,0,0,0,0,0,0,0,0,0,0,0,0,0,0,0,0,0,0,19,21,18,17,19,20,22,23,18,18,20,20,19,21,20,19,21,22,16,17,21,22,18,17,21,23,23,21,19,20
JOHNER_T2,BatchB,2,2809,5792,3140,3468,2811,2728,5445,2881,5399,5526,2905,6152,5765,2735,6773,2555,3201,2963,2963,2797,2861,3044,3455,7867,2974,3207,7015,2883,3028,3566,3489,3157,2864,2328,3179,2944,3003,8171,2788,3091,7013,3240,2750,2979,2988,5809,2943,2940,3016,3057,4052,7111,2581,2784,6817,2901,3044,3206,5656,9446,2775,3204,2922,6015,2985,2741,3001,3135,3133,2929,3130,4493,2965,3780,2754,2782,4845,6625,2760,6324,2943,3011,2735,6271,3103,2770,2723,4232,2892,6944,5987,2824,2993,4758,2850,7151,6849,2720,3060,8173,2673,5449,2768,3117,2524,3069,2810,3064,7016,2889,3222,2716,3822,2917,2825,5788,2800,3241,3161,3208,2804,6848,3190,6341,3045,3100,3038,4456,2656,2734,7028,6100,3061,2979,2846,7010,2861,3169,3433,3230,10552,2958,4519,2965,2752,3090,2568,2839,3171,2824,2911,6560,8011,3059,2949,3194,5579,2868,2950,2749,2911,3195,3400,2981,5158,2841,2871,3302,9627,7528,3949,3406,3003,2835,2715,2892,3155,3182,2840,7612,3207,7017,2749,3199,3295,3078,2867,2486,6594,6160,3234,8269,3477,5084,4369,2542,8947,3015,3017,8649,164,214,242,165,89,140,135,120,134,111,201,198,143,117,130,157,155,205,235,128,332,200,162,130,139,141,228,200,115,318,211,126,146,181,136,135,177,123,115,439,150,135,113,119,839,97,131,208,232,253,113,149,225,210,211,170,139,228,184,253,251,278,159,121,291,155,447,172,133,136,217,175,131,442,190,184,124,124,227,159,209,100,183,452,219,141,147,321,270,310,133,395,443,98,124,269,187,115,104,333,203,108,170,132,112,114,164,165,252,243,199,273,206,159,149,152,225,125,166,111,166,141,211,173,234,276,267,122,128,214,317,151,133,340,294,131,129,411,198,394,200,147,171,151,651,109,134,376,201,168,143,552,157,167,462,140,137,206,123,167,115,162,455,124,153,201,224,374,134,186,161,190,201,170,445,389,152,140,229,142,150,187,258,111,279,128,373,153,289,112,99,159,451,148,163,149,196,140,371,138,165,168,181,147,587,139,149,157,114,106,119,203,128,300,249,281,212,204,168,218,146,114,413,128,136,527,182,253,166,149,119,286,168,301,477,305,149,112,367,184,145,167,168,459,152,262,481,129,208,146,238,158,487,197,155,167,191,449,332,149,156,135,230,193,252,112,119,467,372,143,154,133,116,165,392,136,178,134,136,649,167,345,160,152,171,132,145,148,140,319,478,148,153,296,114,381,118,334,191,104,11,20,14,16,3,8,22,10,9,7,12,6,9,7,8,8,18,12,8,36,9,16,10,12,15,6,10,12,9,12,7,5,6,19,4,17,7,8,4,7,4,7,12,6,14,7,6,5,8,11,8,15,9,25,8,16,24,5,7,11,7,7,17,5,18,8,14,6,8,7,5,17,8,6,9,6,21,7,7,7,4,5,6,6,8,14,8,10,9,11,6,9,10,5,11,6,7,6,18,6,22,6,19,18,7,9,10,10,4,10,5,8,5,8,6,12,26,7,13,10,5,8,10,16,8,16,6,27,5,4,14,13,7,13,15,14,16,6,25,11,5,9,12,8,6,8,9,4,8,8,24,7,11,9,10,7,5,8,28,19,12,7,7,11,16,4,5,7,6,5,9,8,21,5,9,7,15,19,7,19,14,7,11,6,8,8,10,9,10,24,8,13,8,5,7,6,4,5,5,8,0,0,0,0,0,0,0,0,0,0,0,0,0,0,0,0,0,0,0,0,12,13,9,10,11,13,11,12,10,10,12,12,10,12,11,11,12,12,10,9,21,22,19,17,21,24,22,20,20,18
FERRO_T2,BatchB,2,3113,6098,3417,2883,2591,2752,5108,2905,4866,5950,3241,5819,5244,3081,7040,2598,2947,2749,3534,2771,2778,2927,3245,7918,2624,3304,6051,3135,3032,3151,3409,2835,2846,2690,3131,3105,2916,8042,2755,3242,6402,3121,2817,3078,2935,6245,2740,2793,3256,2854,4712,6730,2734,3021,8349,2899,3036,3452,5722,9320,2579,2764,2843,6409,3060,2907,3040,2867,3127,2875,2704,4760,2849,3198,2945,2945,5257,6173,3017,5841,3011,2948,2770,5662,2733,2762,3022,4459,2823,6551,7051,3243,2868,4163,2623,6330,5924,2599,2980,7381,2845,5066,3249,3001,2978,3021,2950,2920,7530,2793,2909,3277,3472,2997,2968,5583,2945,3144,3092,2945,2639,6001,3191,5872,2854,3340,3184,4553,2873,3202,8087,5650,2877,2766,2694,6288,2929,3353,3513,3845,9954,3028,4086,3271,2810,2835,2740,2732,3244,3308,2725,6415,7903,2978,3047,3685,5717,3169,2712,2771,2634,2718,3451,2743,4998,3167,2998,3247,9647,6966,3814,3013,2855,2999,2772,2968,3183,2742,3207,7413,3386,7290,3215,2873,3145,2892,2990,2585,6466,6275,3156,8373,4086,5119,3883,3079,8897,2961,2894,7949,173,205,216,182,100,161,129,116,132,154,156,198,147,130,123,170,182,194,274,143,345,160,151,102,151,139,281,225,106,259,203,125,136,208,121,113,207,126,132,356,121,161,100,116,758,117,108,256,244,260,117,205,193,169,230,172,159,210,201,284,218,300,144,138,284,196,354,179,166,144,174,171,142,410,233,185,122,142,193,133,235,105,216,497,227,128,167,326,283,286,136,426,484,108,146,312,147,129,92,329,199,108,186,123,172,100,146,204,241,191,198,210,222,153,190,137,275,147,197,135,173,150,186,172,234,305,288,142,122,182,392,191,153,264,386,128,160,481,192,356,149,183,145,167,700,90,128,404,186,183,152,454,128,180,517,132,161,206,128,144,127,158,447,119,151,203,194,416,159,211,148,161,181,175,417,388,173,123,203,132,155,220,284,117,229,130,404,164,296,108,97,149,448,152,161,139,187,180,416,131,155,161,228,145,573,132,129,189,96,96,111,177,146,364,284,325,167,214,165,161,148,114,439,112,124,497,187,194,180,151,124,274,145,276,446,291,132,117,343,153,149,196,154,352,138,247,510,160,185,178,239,169,580,239,144,177,195,498,344,147,178,120,234,174,205,126,159,564,474,125,137,137,150,142,462,148,195,114,164,647,180,379,163,166,139,139,137,153,116,407,496,185,146,312,144,308,91,314,167,117,12,26,13,13,3,7,22,8,6,8,11,8,8,6,13,7,25,12,10,31,9,12,11,14,18,6,10,11,9,12,5,6,8,20,4,18,6,10,4,8,5,6,12,7,19,8,7,6,9,8,9,15,9,31,8,10,19,7,8,11,8,7,15,6,15,9,15,5,8,8,5,13,8,6,7,5,18,9,6,7,5,5,7,6,8,14,10,12,11,11,5,8,11,5,9,7,6,9,16,5,22,7,18,18,5,9,10,12,5,8,5,8,5,6,5,11,20,7,15,12,7,8,8,13,7,19,7,20,5,3,11,14,8,12,12,17,17,5,23,7,5,10,9,9,7,6,8,4,9,7,22,7,9,11,8,8,5,8,35,21,10,8,7,13,12,5,5,9,7,4,8,8,18,4,9,7,13,20,8,16,17,8,9,6,8,7,9,11,12,20,8,10,8,4,7,7,4,7,6,6,0,0,0,0,0,0,0,0,0,0,0,0,0,0,0,0,0,0,0,0,99,120,92,89,100,123,111,115,104,94,114,115,108,103,106,104,123,115,96,90,23,22,19,17,19,23,21,21,20,20
WIERZBOWSKI_T2,BatchB,2,2800,6473,3155,3089,2780,2770,5522,2793,5451,6146,3023,6602,5482,3299,6584,2632,2847,2594,2982,3054,2878,3016,3099,7901,3207,2979,5714,2655,2980,3022,3315,2671,2941,2718,3282,3016,3182,7434,2952,3329,6240,2912,3143,3095,3033,5869,3148,3274,3254,2903,4681,6837,2697,2835,8832,2765,3057,3197,5692,9744,2497,3112,3136,5576,2949,3240,2965,3119,2881,2857,2672,4606,2851,3088,2958,2909,5037,6818,3135,6390,3190,3080,2753,6703,2683,3141,3091,4056,2703,5395,6240,2891,2958,4458,2706,6064,6106,2835,3053,7463,2766,5227,2982,2610,2913,3396,2831,3021,7031,2547,3154,2912,3788,2776,3250,5847,2695,3065,3468,2857,2702,6397,2873,6307,3091,2914,3202,4440,2757,2706,8084,6160,3112,2812,2709,5642,3222,2935,3309,3627,10910,3071,4859,3004,2699,3317,2776,3269,2856,3124,3138,5818,8423,3114,2850,3250,5001,2990,3161,2983,2905,2989,3359,2887,5600,2826,3098,2629,11039,6881,4196,3169,3282,2905,2779,2970,3045,3276,3140,6981,3249,6705,2943,3348,2853,2896,2719,2882,6710,6195,3324,8975,3200,5400,3944,2723,8776,3051,2972,8790,155,194,275,179,95,111,141,120,127,131,181,217,141,126,133,192,173,193,268,140,302,152,156,102,156,169,275,185,121,314,219,117,153,197,150,110,204,156,139,410,129,171,107,132,669,97,94,182,291,279,130,137,201,189,249,178,153,237,241,279,245,295,145,120,334,169,350,164,116,157,179,152,132,394,201,143,122,131,178,168,211,99,185,541,256,136,157,301,339,308,144,407,494,108,140,306,157,120,98,300,234,113,190,129,135,131,133,194,238,235,194,227,244,149,142,150,259,144,173,119,178,133,196,159,240,262,278,156,95,197,341,170,135,351,337,120,126,437,174,446,156,130,149,173,570,98,112,332,258,181,181,560,127,165,530,167,189,213,131,138,169,179,477,133,148,173,224,391,138,170,135,201,183,180,550,312,157,122,212,133,150,199,236,107,244,148,337,176,265,110,95,146,474,168,167,121,195,131,414,137,131,145,207,137,800,145,141,158,93,107,95,155,158,312,232,378,197,237,139,177,190,126,449,102,94,502,169,267,149,154,119,265,161,275,402,334,119,125,352,187,150,127,166,331,138,262,485,124,204,167,208,147,596,250,140,128,191,509,322,146,161,131,211,174,268,137,120,450,377,120,148,145,140,138,420,141,180,90,139,481,177,300,131,149,191,130,173,162,115,282,486,171,156,254,131,368,81,269,190,126,10,20,16,15,4,8,21,8,6,9,15,8,8,6,9,6,22,12,10,24,8,14,11,12,15,7,11,15,8,13,7,7,6,21,4,14,7,10,5,6,5,7,12,7,17,8,8,6,9,9,8,16,8,27,10,12,18,6,7,11,7,7,14,6,12,8,15,7,10,8,5,13,8,6,9,5,15,8,6,6,4,6,8,6,11,12,9,9,7,9,4,7,11,5,9,6,6,9,19,6,24,7,21,20,6,9,11,10,5,9,6,8,5,7,6,12,30,7,14,12,7,8,9,16,8,18,7,22,6,3,11,11,8,11,14,12,22,5,28,7,4,11,10,6,6,7,9,4,9,7,22,8,12,10,9,8,6,10,30,20,8,9,6,11,19,5,4,8,7,3,9,8,17,5,9,7,10,20,8,19,15,7,11,7,8,8,8,10,9,26,7,12,9,5,6,6,4,5,6,8,0,0,0,0,0,0,0,0,0,0,0,0,0,0,0,0,0,0,0,0,14,15,12,12,13,16,15,14,13,12,14,13,14,13,14,14,16,14,13,12,21,22,17,20,21,21,23,23,19,20
HILLARD_T2,BatchB,2,2866,6500,3370,2938,2738,2738,5146,2749,5410,6011,2992,6619,5668,2801,6098,3086,3282,2900,3198,2526,3069,3040,3215,8114,3030,2822,5905,3291,2992,2981,3460,2935,3089,2826,3029,2986,2789,7877,2416,3200,6695,3012,2864,2974,2788,5796,3047,3395,3007,3059,4301,6266,3119,2969,7713,3072,3157,3188,5893,8919,2700,2984,3288,7252,3012,3107,2808,2956,3298,2852,2523,4158,2938,2859,2955,3355,5512,6024,3159,6102,3171,2724,2591,6249,2740,3124,3327,4967,2774,6075,6308,3011,2908,4125,2760,6230,5488,2776,2916,6711,3057,4981,3112,3041,3232,2904,2829,2975,8055,2639,3254,3026,3452,2896,3203,5477,2939,3152,2971,3077,3017,6324,3042,5811,3106,2813,3306,4420,3031,2746,7566,5746,2789,2760,3129,6295,3052,3240,3768,3420,9622,3104,4490,3148,2867,3278,2600,2775,3210,2894,2727,7190,8469,3167,3062,3431,6608,3227,3078,2925,2841,3030,2993,2860,5521,2850,2948,2847,9420,7064,4251,2954,2833,2823,2638,2700,3053,3055,2928,7267,3244,7327,3130,3161,2693,3077,2851,2712,5692,5648,3171,7603,3517,5226,4060,2634,8346,3055,3196,8299,160,209,203,162,98,169,121,120,128,135,200,224,151,155,126,181,179,222,286,169,305,146,151,146,155,173,290,234,124,296,186,134,170,178,130,158,204,141,113,425,117,129,87,117,810,124,115,207,253,264,112,159,189,226,224,180,165,278,263,292,212,281,169,121,276,214,424,166,175,137,184,153,155,473,197,160,132,118,220,156,233,108,178,410,209,115,185,285,294,267,129,445,553,109,142,371,177,135,108,368,186,118,178,134,157,122,150,182,237,208,169,238,242,181,198,116,283,131,191,126,161,128,236,194,222,328,249,162,125,194,344,159,131,324,303,127,126,394,178,376,192,143,114,168,589,122,127,483,173,208,140,494,166,165,475,162,176,203,138,134,130,159,479,129,142,234,251,339,137,197,174,178,189,191,434,404,131,102,184,133,139,218,252,120,290,160,364,158,279,123,96,165,441,163,170,160,155,144,420,133,153,136,194,131,563,138,140,179,99,146,99,196,144,283,211,306,188,213,153,198,160,116,410,127,129,504,160,212,168,171,118,258,143,306,424,244,134,115,291,161,152,123,159,372,133,266,448,128,188,147,258,147,491,266,171,166,181,514,457,143,152,121,193,167,317,145,134,476,402,118,140,131,131,183,460,131,169,115,155,540,165,325,158,205,124,148,157,149,125,329,441,163,130,260,156,326,96,278,210,104,13,22,15,13,3,7,21,7,6,8,14,6,7,7,9,8,20,9,11,32,11,12,9,15,16,7,8,13,9,11,7,6,7,20,4,15,7,10,5,6,5,6,14,6,15,8,8,9,8,10,9,18,7,31,6,10,22,6,9,12,7,8,16,5,17,12,15,7,7,8,5,13,8,6,8,6,16,12,6,7,5,5,7,5,9,11,9,12,7,10,5,7,14,6,9,7,6,7,15,5,25,6,19,20,7,6,8,11,5,9,6,7,6,8,5,11,23,9,11,11,9,6,9,14,7,17,6,19,6,5,10,16,7,10,17,15,16,6,20,9,5,10,11,7,5,7,8,5,7,7,27,7,15,9,10,7,5,8,29,18,9,7,7,13,16,4,4,7,7,3,9,8,19,5,8,8,15,27,7,19,14,8,12,8,7,7,9,12,11,22,9,9,9,4,7,6,4,6,7,7,0,0,0,0,0,0,0,0,0,0,0,0,0,0,0,0,0,0,0,0,110,125,90,101,113,123,121,116,107,100,117,110,118,113,124,111,131,115,95,91,22,21,19,19,21,21,23,22,21,19
CROWE_T2,BatchB,2,2854,6251,3099,3211,2694,2748,5146,3087,5413,6029,2923,6110,4677,3106,6589,2889,3236,3087,3063,2645,3076,2674,3211,8510,2965,2804,5972,3161,2976,2796,3085,2989,2875,3050,3271,3173,2898,8174,2964,3047,6840,2954,2871,2987,3364,5883,3207,3097,3404,3035,4901,6682,2393,2919,7125,3148,3329,3602,5738,9477,2946,3072,2771,6304,3240,3041,2603,2752,3043,2926,2788,4479,2529,2983,2934,3197,5272,5795,3031,6062,2989,2629,2982,6068,2811,3252,2755,4257,3036,6645,6691,3040,2856,4898,2623,6163,6169,2886,3302,7044,2851,4912,2830,3220,3128,2947,2579,3069,7394,2931,3097,3131,3393,3061,2868,6485,3412,2787,2635,2858,2518,5996,2930,6621,2698,3127,3412,4419,2903,2809,7750,6066,3342,3169,2757,6228,3229,2954,3522,3415,9584,2683,4607,2977,2956,2825,2885,2963,3470,2907,2948,6204,8459,2782,3009,3154,5931,3334,2963,2975,2909,2970,3280,2549,5380,2903,3455,3066,10225,6586,4311,2989,2887,2772,2897,3110,3407,3212,3209,7458,3375,6927,2652,3117,3031,3301,2938,2938,6405,5946,3365,7205,3446,4659,3955,2664,8459,2790,2822,8453,173,193,212,170,90,147,104,139,117,135,152,209,148,120,170,190,141,208,233,150,295,156,134,110,140,183,234,216,135,281,226,147,141,202,130,101,189,143,130,424,129,136,99,115,744,129,110,221,252,256,159,145,231,203,220,131,163,214,268,324,211,279,168,115,344,200,347,145,127,145,181,156,131,378,224,156,129,124,200,162,214,89,173,437,215,121,155,329,334,302,143,382,396,104,143,335,164,113,96,370,209,103,213,138,135,126,138,192,245,206,188,206,200,147,171,136,288,132,164,112,160,158,186,174,231,335,246,157,113,220,340,172,114,341,296,110,134,396,168,319,174,162,145,148,674,88,149,444,245,191,140,523,124,160,511,150,183,146,127,162,124,171,525,124,165,211,226,371,179,158,147,208,167,211,401,356,147,127,185,136,128,187,233,121,261,111,355,161,232,104,103,158,388,148,179,144,165,126,350,124,139,141,224,124,547,131,153,184,95,121,99,159,156,293,205,285,203,198,152,233,178,123,511,115,121,446,185,234,180,132,114,300,152,360,412,322,125,124,436,159,149,167,146,399,152,242,566,143,195,151,286,181,512,200,139,175,193,457,433,154,180,115,283,189,247,144,153,419,394,115,156,126,141,161,459,120,211,125,161,676,155,376,132,172,146,135,179,174,104,290,430,152,126,260,153,312,97,307,240,100,13,25,16,12,3,7,22,7,8,9,11,6,8,8,10,8,25,11,9,29,10,14,9,14,15,6,10,12,11,10,7,7,7,22,5,19,5,9,5,7,4,7,10,8,18,8,7,7,9,10,8,18,6,30,9,12,17,6,8,12,8,9,18,7,14,9,12,6,9,9,4,14,9,6,8,5,19,11,8,7,3,6,6,5,8,13,10,8,8,12,6,7,9,5,8,7,7,8,17,5,19,6,20,20,7,8,8,10,6,8,7,8,5,8,6,10,27,7,12,8,6,9,7,14,9,17,7,27,5,4,12,15,7,12,18,16,16,5,25,9,5,8,12,8,6,7,10,5,8,7,22,7,10,9,12,8,6,7,28,17,10,8,6,12,13,5,4,7,8,4,9,8,15,5,10,8,11,21,9,17,14,10,9,7,7,7,8,10,10,20,8,13,9,5,5,6,3,7,7,8,0,0,0,0,0,0,0,0,0,0,0,0,0,0,0,0,0,0,0,0,47,52,39,39,45,51,48,51,42,41,49,44,50,45,50,49,51,51,39,45,22,23,19,17,20,20,22,21,20,18
AARON_T2,BatchC,2,3078,2700,3254,3271,15660,2480,6980,13052,3062,3117,13190,11170,6763,20089,2872,3240,3189,2702,2887,3524,14205,10970,3193,7413,4841,14649,3003,13618,3261,8533,3407,2912,2902,5265,2877,3400,2889,6987,2959,3380,3020,2975,2682,2780,3003,3039,19476,2882,31557,17287,2963,2961,3051,3363,2965,3136,20022,6964,9547,3165,2913,2908,3245,19511,3113,3067,2919,13038,3179,3048,2966,6977,2895,3286,3168,3170,3182,16277,3349,20789,3082,3265,2822,8728,2751,3113,2805,2911,24010,2937,2920,2749,2825,3026,9813,18510,9300,2892,2929,2601,2966,3377,3167,4427,2754,2709,2751,2805,2908,2822,3004,2765,3290,5117,3012,2876,3102,3320,6670,13941,2872,3076,3069,3269,2955,2939,3065,2639,11185,3062,3043,2949,22647,2971,2599,8232,3000,3385,3137,13620,3052,2758,2701,3505,2606,2987,11891,2998,2961,3102,2799,12687,2624,2954,4862,3185,2877,37245,2954,17523,3237,7447,13405,10174,3087,2832,26273,19058,2826,26741,2869,2895,2902,2714,6866,11619,2900,2766,2834,2774,15707,9373,3230,3222,3057,3340,14829,2882,14333,3145,11578,2620,2696,9710,2815,4208,3128,23062,2956,3091,205,600,147,211,118,130,382,125,127,145,153,159,374,122,163,561,176,187,161,148,162,182,540,1520,133,145,1332,204,108,1185,132,139,156,170,121,111,110,505,113,508,143,1125,102,384,645,112,115,752,238,104,132,146,188,117,134,152,178,143,123,104,308,162,469,720,854,798,186,568,163,134,338,155,138,2331,1056,175,113,154,222,140,156,105,168,148,113,144,148,149,448,152,172,140,204,92,162,199,670,751,126,1007,174,113,200,117,132,117,149,313,166,217,201,491,1489,183,181,128,143,531,186,112,188,756,168,176,231,201,109,779,193,133,230,160,132,127,134,324,692,166,204,629,83,1980,166,161,225,703,161,170,718,187,169,169,142,487,227,144,167,749,135,362,156,575,167,1507,165,195,137,1009,149,144,117,749,555,179,149,928,1108,97,410,115,381,200,582,214,112,564,182,968,134,516,426,130,142,164,587,157,197,163,391,117,135,121,164,203,164,529,791,173,108,119,110,118,356,700,132,145,159,193,137,233,664,133,128,138,141,132,573,177,1753,150,108,151,149,95,191,963,123,410,125,172,144,136,145,192,141,107,161,125,190,174,123,163,1098,259,149,133,178,284,260,133,151,145,638,343,99,532,157,222,178,142,132,122,142,152,193,144,170,111,150,871,534,190,169,455,559,140,117,163,301,195,1175,537,167,421,137,169,266,353,97,98,31,10,24,18,4,6,16,50,13,9,5,8,6,38,8,8,33,5,8,12,14,5,10,36,10,36,10,11,12,12,6,30,6,9,24,12,6,10,9,24,15,32,38,7,38,50,11,5,9,8,7,8,9,56,7,8,6,41,37,15,19,8,32,16,10,10,8,14,33,6,26,43,8,6,8,5,12,12,7,45,3,14,7,6,9,46,6,22,138,11,6,8,11,4,14,9,6,9,7,4,8,7,17,6,21,17,8,10,4,8,6,8,4,7,6,5,9,7,6,10,20,7,18,7,9,5,36,11,6,4,11,55,7,5,8,22,8,19,8,12,13,9,11,7,8,17,63,16,8,6,36,7,12,8,18,8,6,9,47,7,12,9,7,7,7,59,5,10,8,4,33,7,6,6,7,34,14,7,9,6,8,12,10,24,13,7,8,51,6,7,28,19,10,28,7,7,14,6,37,8,0,0,0,0,0,0,0,0,0,0,0,0,0,0,0,0,0,0,0,0,39,42,36,34,35,42,40,40,39,35,41,38,41,36,46,38,43,43,34,33,23,22,19,18,20,20,24,22,19,18
CALL_T2,BatchC,2,3204,3157,3156,3033,15576,2755,8001,13189,2905,2852,12903,11907,6732,19907,3141,2991,2810,2873,3320,2795,13895,10630,3099,7329,5236,14559,3118,14592,3147,10022,3301,2732,2846,5065,3176,3454,3258,7130,2590,3047,2651,3229,2963,2765,3223,2982,22501,2766,28424,16946,3126,3194,3004,2958,2722,3033,15931,6255,9578,2826,2666,3102,2872,19527,3012,3321,2768,13447,3257,2869,2851,6722,2893,2876,2988,2904,3513,14881,2879,22355,3027,3091,2940,9090,2960,3301,3053,3206,24137,2851,3066,2988,2842,3205,9489,16770,8961,2805,2684,2452,2805,2986,2384,4279,2916,2945,2878,2745,2895,2708,2910,3045,2763,4789,2754,2934,2954,3005,7472,13505,2745,2989,3118,2884,2985,2690,3070,2983,12187,2886,2934,3023,23478,2840,2970,7511,3218,3261,3467,13706,2658,2891,2551,2930,2601,3252,11415,3022,3034,3124,3000,11178,2834,2673,4346,3030,2849,41291,2738,18516,2864,8050,17167,9862,3248,2624,25403,18768,2868,27028,2867,3002,2993,2879,7238,11016,3204,3063,3054,3177,15797,9067,2745,3197,3107,3302,15676,2749,15087,3298,11992,2765,2988,10354,3065,4073,3051,23876,2982,2779,156,714,117,173,94,172,358,141,109,129,214,100,393,117,131,640,160,178,145,126,163,155,520,1425,178,182,1316,216,135,1315,93,123,184,203,121,148,93,366,124,521,108,1127,112,327,779,104,101,834,299,112,123,190,204,115,137,189,127,129,159,137,311,130,488,725,844,864,157,529,158,146,357,151,156,2009,906,146,135,163,170,164,159,104,214,141,151,141,155,140,451,113,134,146,224,85,152,145,605,716,107,885,225,107,198,135,144,127,119,323,181,206,162,488,1288,152,170,151,133,579,182,94,169,869,178,186,197,215,92,705,195,126,190,185,134,115,161,298,828,157,163,578,107,1589,165,165,224,840,125,162,680,224,154,162,110,536,149,129,153,742,136,437,131,538,196,1565,158,184,136,939,182,150,130,834,499,169,182,1277,938,93,436,113,394,166,838,230,92,554,142,907,172,486,402,138,133,159,596,147,192,182,450,114,124,157,174,168,166,476,724,192,109,112,112,99,370,796,140,142,154,190,138,231,725,117,141,103,113,137,614,200,1750,176,120,176,140,112,162,906,162,520,117,140,137,150,149,186,105,108,146,139,202,148,140,196,1513,207,193,154,206,253,237,140,156,142,681,264,106,498,137,250,164,118,149,137,139,126,185,172,210,109,131,826,606,174,155,497,530,157,128,153,239,188,1121,589,144,396,147,163,297,419,108,108,37,10,23,12,3,8,12,38,17,9,4,7,6,28,8,7,28,7,10,11,14,5,11,31,11,33,13,12,14,15,6,28,6,7,22,10,7,9,9,20,12,18,37,7,30,52,9,8,9,11,9,8,7,48,6,5,6,46,35,15,21,8,38,12,9,10,7,17,35,7,33,41,7,6,8,5,10,10,8,46,4,12,8,5,8,46,8,21,146,11,5,8,10,5,13,6,6,9,9,4,9,6,24,6,18,20,10,8,4,8,5,8,5,7,5,5,10,7,8,10,21,7,15,7,8,6,28,11,5,4,13,45,5,4,7,17,7,21,9,12,10,9,14,8,6,18,68,17,7,8,38,8,11,5,18,9,7,10,52,7,12,7,6,7,7,64,4,8,6,4,26,9,6,6,10,36,13,10,7,7,9,16,11,24,13,6,8,59,7,7,22,19,9,27,6,6,15,5,27,8,4,3,3,3,4,3,3,4,3,3,2,2,2,2,2,2,2,2,2,2,37,37,29,32,32,40,39,38,34,35,36,38,38,36,41,36,37,39,34,31,294,267,211,208,255,270,282,270,233,224
OUTLIER_C_T2,BatchB,2,2910,6205,3431,3100,2679,2668,5404,2990,5340,6047,2981,6501,5915,3409,6756,2775,2653,2810,3252,3374,3195,3035,3425,8484,2993,3073,6476,3389,2933,2978,3316,3305,2874,2799,3211,3169,3017,7646,2906,2708,6426,3394,3087,3346,3126,5031,2994,3034,3181,2882,4430,6372,2922,3179,6977,2850,3160,3161,5940,10344,2576,2918,2725,6195,3075,3460,2817,2816,2795,3303,2726,4548,2653,3203,3254,3008,5204,6586,3236,6492,2991,2722,3102,5773,2796,2895,2798,4643,3217,5919,6102,2823,2831,4431,2728,5743,6433,3045,3079,7207,2896,4739,2975,3034,2924,2893,2800,3094,7218,2613,3393,2838,4068,2885,2936,5741,2821,2812,3284,2943,2575,6627,3360,6084,3052,3332,3093,4117,2613,2738,7584,5640,3009,3014,2848,5581,2814,2993,3620,3116,10019,2576,4124,3065,3024,2919,2901,2732,3233,2937,2734,6616,7937,2882,3048,3325,6203,2974,2993,2754,2995,3081,3468,2942,5794,3158,3084,3055,9917,6437,4102,2927,2683,2698,2801,3130,3470,2948,2815,7254,3012,7304,3364,3414,3250,3207,3012,2786,6423,5914,2831,8470,3679,5142,4281,2792,8125,2940,3174,7995,141,216,219,171,111,148,112,120,128,150,180,215,156,122,151,204,180,195,285,127,272,151,133,109,172,183,263,189,129,348,248,151,164,215,121,133,219,122,135,430,126,142,113,95,694,115,115,231,268,245,159,183,230,197,229,163,187,236,204,311,231,311,136,117,320,174,356,155,128,159,193,142,140,321,219,161,138,120,185,157,251,100,204,407,246,105,148,302,255,274,128,476,417,121,143,337,162,141,110,338,198,104,173,163,146,120,145,199,260,245,190,211,182,162,164,154,253,147,177,124,158,153,188,168,190,295,331,136,115,197,305,210,113,300,287,107,120,451,207,318,156,161,144,166,555,93,114,303,204,192,175,475,154,175,432,165,171,207,123,144,145,158,482,124,150,206,256,402,134,172,175,202,174,162,480,377,117,157,194,151,133,222,220,108,253,116,332,152,261,123,114,143,467,191,158,127,146,144,401,119,133,164,205,145,553,150,155,175,90,118,137,162,128,339,217,336,176,213,151,187,170,116,471,104,143,489,168,208,216,145,116,266,154,284,447,267,128,112,419,148,140,158,154,424,147,224,562,135,180,188,189,162,510,219,159,163,188,577,361,168,135,102,209,184,238,117,147,481,445,111,148,153,141,137,435,132,192,122,141,544,161,288,142,169,154,134,162,184,133,279,538,157,136,314,139,307,104,305,192,100,10,28,13,14,4,7,20,7,7,8,11,6,7,6,8,9,20,9,9,27,9,13,11,14,14,6,11,12,8,13,7,6,6,19,5,17,7,10,4,6,5,5,10,7,16,6,8,6,8,9,8,14,7,30,7,11,17,7,7,12,7,7,19,8,20,10,13,6,8,9,6,14,8,6,7,5,20,13,7,7,4,6,7,8,11,11,11,11,7,12,6,7,11,5,9,6,6,11,17,4,17,7,21,22,7,8,10,12,5,8,7,7,5,7,7,13,29,8,9,10,8,9,8,13,10,14,7,19,7,4,11,17,7,9,13,16,16,6,21,9,5,9,15,7,6,7,11,4,8,8,21,9,11,11,9,8,6,7,36,20,10,6,6,14,16,4,5,8,7,5,10,7,19,6,10,10,12,20,10,17,16,8,10,7,7,6,10,12,10,28,7,12,11,4,5,6,3,6,6,7,8928,7751,7299,8236,9046,7525,7261,8137,7281,8367,114,134,142,148,150,151,134,133,152,137,573,582,594,679,658,691,624,659,687,631,677,610,628,627,578,679,621,650,678,676,23,20,19,17,20,22,23,20,21,18
APONE_T2,BatchC,2,3061,2966,2891,3406,14970,3075,7000,13785,2883,2961,12873,13171,7508,18477,3427,2606,3024,2717,3101,3055,15004,11739,3373,7642,5527,14802,2878,15365,2971,9323,3459,2970,3185,5086,3086,3015,2896,8146,2649,3094,2965,2856,2467,3078,2988,3164,19334,3076,26437,16656,3078,3138,2738,3424,2988,3225,15218,6416,10866,2824,2565,2944,2937,18388,3105,3255,2775,13747,3223,2853,2445,7243,2825,3056,2972,3230,3076,17000,3120,21756,2743,2693,2825,8955,2778,3239,2900,3263,22898,2868,3114,2734,2941,3074,10235,15603,9244,2688,3063,2620,2960,3026,2768,4365,2826,3086,2808,3142,2848,2719,2871,3101,3179,5209,2955,2893,3196,2805,7314,14244,2730,2916,2786,3244,2952,3082,3538,2901,12570,3164,3081,2637,22444,2884,2684,7430,2733,3315,3330,14604,3009,2661,2716,2929,2840,3371,11049,2977,3438,2836,3072,10602,2939,2901,3984,3022,2981,35186,3072,18628,2762,7976,15670,10391,3373,3038,27066,20422,3130,24789,2909,3257,2805,2982,6519,12761,3062,2810,2844,3219,15198,9406,2796,3031,2997,2725,15059,2651,14393,3508,11423,3049,2831,9978,2927,3719,2865,25417,3169,2753,152,620,150,158,116,124,369,115,134,150,172,103,395,132,133,630,156,192,189,140,128,132,541,1593,157,164,1209,228,125,1346,103,141,165,201,107,115,103,446,117,558,102,1007,123,298,804,129,128,861,246,130,134,158,202,128,147,155,182,118,155,106,300,131,441,838,741,737,137,633,154,153,328,203,141,2469,743,158,118,199,159,179,179,108,201,158,116,134,149,137,371,128,146,151,192,97,138,166,703,693,94,1103,226,104,195,151,118,123,136,357,175,228,164,495,1097,163,173,137,131,531,152,116,171,748,191,208,208,176,116,743,178,118,195,170,131,130,146,261,829,163,195,554,94,1571,165,179,199,816,134,160,599,205,156,169,126,485,169,147,143,632,132,450,139,535,184,1537,125,196,123,969,171,168,188,751,469,163,175,1139,1104,105,398,136,450,196,697,188,97,568,159,848,173,440,451,143,146,173,512,157,174,140,398,141,152,158,194,190,175,558,851,172,103,116,113,99,326,677,146,143,171,166,125,200,717,136,125,121,126,153,551,209,1755,164,124,134,141,96,172,799,127,498,134,143,111,164,150,181,147,106,195,147,203,152,152,197,1203,214,151,146,154,328,238,140,127,131,726,319,124,487,152,185,158,101,171,158,129,167,175,147,216,118,136,847,562,208,151,449,381,147,155,142,251,167,1094,599,131,424,116,194,244,422,134,113,30,11,23,15,4,8,11,47,15,8,5,6,7,36,9,7,26,7,9,11,13,5,12,36,9,27,12,10,12,10,7,19,7,9,21,8,8,9,8,21,14,21,32,9,37,64,9,7,8,8,8,8,9,67,8,7,6,43,42,12,19,9,35,15,7,8,7,15,39,6,33,39,7,5,7,6,11,9,6,39,4,14,9,6,7,43,9,24,161,9,5,7,11,5,14,8,7,9,8,5,9,6,26,6,17,21,9,8,5,9,7,7,5,10,6,5,9,7,6,12,21,7,16,6,8,8,32,10,6,4,10,57,7,4,8,20,8,18,10,12,12,10,12,9,6,20,70,16,8,9,55,8,11,5,22,8,6,7,57,7,16,7,6,6,7,53,4,9,8,4,33,8,8,6,10,39,13,11,7,7,10,16,8,23,13,7,8,57,6,6,17,15,11,24,7,7,11,6,35,7,8267,7701,6923,8171,8754,7968,7530,9268,7818,8288,65394,70501,66203,64071,66021,61051,52609,69934,63028,56740,2,3,2,2,2,3,3,3,2,2,3,2,3,2,2,2,3,3,2,2,22,22,19,17,22,21,23,21,19,18
BURKE_T2,BatchC,2,2932,2920,3325,3160,16220,2850,7035,12625,3019,2780,14167,12728,6563,20497,2926,2707,2923,3098,3010,3477,12963,10941,3134,7505,5022,15043,3096,15327,2650,9076,3643,3106,2936,4996,3451,3032,3081,7440,2811,3100,3199,3186,3112,2962,2937,2859,20755,3128,29452,16811,2870,3103,2826,2979,2650,3001,17860,6662,9668,3318,2723,2920,2951,20446,2694,3497,3150,12755,3128,2942,2594,6042,2821,3186,3036,3362,2847,16809,3166,20950,2750,2945,2972,7979,2644,3283,3071,3083,24027,3151,3051,2937,2874,2874,11140,15626,8051,2928,3283,2509,3025,3272,3009,4622,2859,2848,3089,3238,3006,2719,3165,2917,2967,5661,2929,2959,2962,2877,7059,13960,2484,3200,2892,3368,3216,3020,3221,2641,12368,2875,3081,2707,19377,2936,2840,7673,2932,3331,3481,14135,2885,2884,2693,2849,2827,2632,11724,2919,3026,2859,2892,10822,2832,2900,3981,3227,3180,36477,2596,18314,2985,8433,16384,10508,3135,3037,24108,18462,2763,24124,2928,3206,2907,2660,7390,12136,3035,2785,2741,3130,14693,9700,2984,3026,2996,3188,16038,2817,13770,3247,11582,2993,2787,11091,2645,4326,3231,24472,3030,3088,161,601,168,173,90,145,389,113,127,134,191,110,477,127,155,598,153,175,151,130,145,162,492,1356,164,145,1262,186,128,1185,113,124,183,200,140,143,91,439,126,580,124,955,109,310,709,116,133,956,316,127,129,191,256,126,155,171,137,139,158,119,343,140,476,660,846,726,157,589,127,153,357,172,130,2095,878,162,146,184,143,163,146,114,165,175,107,141,156,142,471,145,166,135,196,94,134,132,657,659,100,865,213,107,158,161,134,105,153,283,148,193,152,549,1353,145,188,124,154,578,179,125,175,770,194,168,218,193,113,775,170,148,201,180,147,122,143,302,796,149,185,518,103,1888,166,171,211,831,115,150,716,252,159,194,150,589,169,140,146,636,118,363,159,550,189,1423,146,175,126,967,166,179,157,787,525,200,165,1292,801,114,527,130,345,216,783,210,93,621,165,780,145,420,484,127,132,179,678,158,177,183,489,124,127,166,167,192,159,502,1017,193,95,112,99,93,340,671,137,142,205,167,165,191,619,119,131,116,128,146,551,214,1686,162,116,166,129,110,210,941,129,411,140,166,169,155,189,190,124,86,162,159,191,161,147,173,1031,220,142,183,159,279,264,135,164,109,665,319,120,459,143,204,180,110,173,133,99,184,169,160,188,117,155,900,540,237,144,564,439,160,123,150,285,154,1068,612,140,459,136,182,256,393,97,111,29,10,22,14,3,6,12,55,16,9,5,7,6,31,10,8,37,5,8,10,13,8,9,35,11,39,9,12,13,12,6,25,6,8,22,8,7,12,8,23,14,23,29,8,36,47,10,6,9,9,7,7,8,57,7,8,5,46,51,14,23,9,41,10,9,8,7,14,34,8,31,36,8,6,8,5,10,10,7,41,4,12,6,5,8,45,8,22,134,10,5,8,16,5,14,6,6,11,7,3,8,5,24,6,23,17,8,9,5,8,5,8,6,6,6,5,11,7,6,9,20,7,22,6,8,7,29,10,6,5,13,51,6,4,7,19,7,14,8,12,11,9,12,8,7,21,65,15,9,6,49,6,12,5,17,7,6,9,56,8,15,8,7,7,8,55,4,7,6,4,35,9,5,5,7,30,17,7,9,6,9,15,10,26,15,7,10,51,7,7,18,18,8,22,6,6,12,5,38,8,1103,1035,902,1055,1247,927,879,1027,969,969,6854,7721,7034,6723,6145,6028,6219,7563,6382,6827,3,3,3,3,3,3,3,3,3,3,3,3,3,3,3,3,3,3,3,2,20,23,18,18,20,22,22,22,19,19
DISTEPHANO_T2,BatchC,2,2957,2837,3022,3145,16179,2821,7096,12670,2769,3004,13827,12075,6842,19865,3080,2900,3192,2799,2877,2698,12208,10936,3374,6976,5324,17683,2892,15447,2869,9410,3536,2732,3143,4744,2980,3128,2982,7644,2918,2933,2989,3158,2919,3410,3073,3099,21159,3104,37533,17959,3031,2623,2671,2965,2700,2718,19098,6378,8666,3271,2667,3059,3250,23246,3245,3210,2966,13862,2922,2955,2465,6824,2851,2746,2876,3085,3119,15617,3187,20003,3008,2950,3162,9216,2723,3410,2792,2923,25124,3140,2957,2968,2751,3189,10963,18146,8875,2720,2951,2881,3014,3080,2842,4275,2598,3254,2840,3087,3280,2798,3166,3098,2927,5055,3193,2925,3005,2932,6977,15479,2947,3319,2967,3243,3292,2902,3333,2849,12679,2805,3137,2703,22451,3223,2614,8503,2766,3287,3249,13189,3040,2849,2315,3013,2931,2688,10442,3082,3038,2976,3042,11621,2940,2668,4147,3359,3293,34387,2650,18563,2808,8980,16634,9795,3184,2731,23362,19162,2798,27235,3058,3309,2852,2584,6969,11923,3168,3034,2730,3335,15932,9629,2760,3160,3109,3125,13486,2953,13562,3432,10313,2741,3015,10308,2688,4240,3224,21093,3073,3193,171,607,184,139,101,139,412,108,141,162,225,119,422,142,143,595,169,165,150,154,136,176,448,1666,148,160,1110,224,129,1236,113,150,162,181,120,143,99,456,109,540,131,1002,119,367,961,115,105,827,283,123,126,123,199,102,161,164,185,137,141,126,316,133,474,910,715,770,165,621,139,162,337,130,154,1975,796,146,136,174,200,155,182,123,203,193,115,133,138,142,488,177,157,141,191,94,116,178,666,731,112,818,201,98,167,164,145,134,116,354,153,221,189,643,1377,126,144,139,145,595,201,97,162,719,222,200,216,178,125,773,191,148,176,191,131,127,154,311,883,156,149,498,115,1684,133,125,218,686,145,161,658,200,161,180,109,453,203,154,135,729,119,390,127,572,170,1610,138,192,133,916,143,143,166,827,483,162,191,1116,1021,83,492,133,384,220,708,197,105,620,154,794,151,511,457,134,124,149,518,146,210,161,486,147,162,139,194,238,140,575,895,198,96,114,116,99,376,795,131,154,169,160,175,176,702,123,156,112,109,164,631,212,1649,175,129,140,153,110,193,750,129,364,122,136,164,160,161,182,170,122,187,144,180,149,129,135,1205,228,164,126,170,232,269,162,171,123,704,345,116,530,130,213,200,163,151,120,130,166,173,129,193,121,125,841,492,190,164,437,511,133,129,171,326,175,1412,620,131,419,142,185,222,418,93,100,36,9,23,16,3,6,15,44,17,9,5,6,7,32,10,6,30,6,8,11,15,5,8,24,10,26,11,11,10,14,5,27,6,8,25,8,6,8,10,21,13,24,34,7,41,44,6,7,10,10,7,10,8,60,8,7,6,36,36,14,21,8,42,12,10,8,7,21,34,8,33,47,7,6,9,5,12,9,6,47,4,14,7,6,8,39,7,26,144,11,6,9,12,4,12,7,7,9,7,4,9,5,25,6,22,19,10,9,4,9,8,7,5,9,4,5,9,9,6,9,18,8,12,7,10,7,27,8,6,4,11,47,7,4,6,18,7,18,7,14,12,8,11,7,6,17,60,15,8,6,33,8,12,5,21,9,6,7,54,6,10,7,6,6,8,54,5,7,7,4,25,8,6,5,7,30,14,7,7,7,8,16,11,22,14,6,9,51,7,6,22,22,7,24,6,8,12,5,25,7,975,860,859,927,857,812,843,937,886,937,6645,6856,5379,6814,6388,5719,5500,6133,5556,5495,3,3,3,2,3,3,3,3,2,3,2,3,3,3,3,3,3,3,3,2,21,23,18,17,20,23,26,22,18,19
HICKS_T2,BatchC,2,2931,2936,2941,3120,17295,2720,6850,13481,2491,2824,12244,12327,7519,18511,3273,2953,2820,2984,3082,2993,13689,11260,3010,8219,4882,15443,3070,14346,2773,8030,2832,2928,2965,5701,3366,3139,2856,9173,3035,3335,2891,2930,2892,3086,2967,2752,19156,3000,31295,16256,3112,3218,2937,3009,2736,2889,19225,6676,9385,2955,2664,3031,3582,22420,3103,3274,2921,13133,3050,2918,2525,6762,3029,3161,3059,2966,3006,16383,3087,22339,3320,3176,2746,9342,2620,3100,2526,3060,23466,3053,3103,2862,2821,2987,9603,15321,8529,2646,3072,2725,3293,3114,2974,4571,2728,2795,2878,3434,3421,2630,2924,3091,2988,4828,3101,2888,3006,3253,6200,13088,2784,3436,3019,3587,3197,3315,3086,3173,13158,2754,2839,2600,23278,2880,2723,8005,3212,3218,3284,14664,3334,2579,2863,2796,2916,3039,10178,3163,3258,2805,2816,11212,2983,2555,3987,3196,2936,37707,2887,16978,2708,7645,17447,11007,3754,2955,24643,18032,3062,25429,2779,2956,2593,2679,6906,12190,3405,2621,3050,2690,15915,9444,2963,3128,3354,3439,15795,2691,15184,3230,11489,3073,2736,9642,2925,4033,3249,22904,2782,3194,194,625,136,154,92,182,399,122,118,139,178,103,400,119,127,617,156,253,149,118,153,160,491,1291,171,183,1186,229,151,1175,124,143,152,198,93,142,94,468,117,565,114,956,104,331,909,93,121,986,248,108,124,189,207,100,138,150,182,145,159,121,354,147,480,819,846,811,162,615,141,154,359,177,130,2177,971,168,136,154,194,149,174,96,190,142,108,124,157,157,459,159,139,155,220,88,172,149,566,680,85,847,199,99,156,148,130,114,129,372,165,218,186,488,1582,158,172,138,144,543,153,128,170,829,194,180,198,162,122,671,175,138,176,180,117,123,167,369,828,178,169,643,115,1618,165,141,199,853,122,193,772,190,148,161,156,534,186,169,142,654,121,373,146,591,180,1488,121,198,125,918,189,192,150,938,437,203,132,975,875,96,441,130,470,216,790,222,107,623,154,869,195,398,462,143,139,139,544,192,207,165,402,116,130,168,136,189,194,498,854,170,97,102,108,116,459,788,161,146,172,199,128,206,678,126,131,112,112,133,505,223,1847,138,119,133,143,102,186,882,146,325,118,167,166,148,132,193,144,107,186,146,204,183,132,160,1299,233,153,173,165,295,237,175,150,127,700,312,121,528,138,232,180,118,160,133,121,156,190,155,158,114,142,916,552,225,152,505,505,155,135,138,281,201,1099,616,163,523,132,156,276,436,106,108,34,10,23,15,3,7,13,49,14,9,4,7,9,32,10,10,30,5,9,9,16,6,12,26,11,32,11,11,12,12,6,28,7,8,25,7,6,10,7,27,16,26,41,7,35,46,8,6,11,8,9,9,8,53,8,6,6,45,45,18,20,9,37,11,8,9,7,13,35,8,33,60,7,7,7,5,11,10,8,33,4,12,6,6,9,44,9,24,151,11,5,8,12,6,13,7,6,9,9,5,11,7,24,6,22,17,7,8,4,8,6,9,6,8,7,5,8,7,6,11,21,7,16,7,8,8,35,12,7,5,11,55,8,4,7,17,6,24,7,12,14,8,12,7,7,20,81,17,8,7,40,7,14,6,18,9,6,8,54,7,14,6,6,6,8,55,5,8,8,3,29,9,6,6,10,30,16,10,7,6,10,14,10,24,13,7,8,39,6,7,18,14,9,25,6,5,12,6,34,6,20960,18723,17962,16953,20198,17357,16229,18545,17164,20407,99352,100846,85622,94044,91462,79572,82159,96860,89495,84646,4,4,3,3,4,5,4,4,4,4,4,4,4,4,4,4,4,4,3,3,21,22,20,18,21,21,23,19,19,17
HUDSON_T2,BatchB,2,2991,6550,3030,3093,2840,3159,5429,3225,5431,6465,3268,6294,4880,2931,7021,2746,3018,2789,3312,2706,3186,2760,3130,7479,3107,2916,6114,3253,3266,3023,3207,2757,2899,3176,2646,3286,2949,7638,2919,2841,7115,2786,2694,3043,2965,5909,3435,2869,3001,3171,4475,6181,2673,2716,7538,2871,2752,3223,5863,9034,2750,2955,2900,6537,3345,3063,2923,2982,2882,2909,2434,4367,2819,3238,2947,3074,5181,6367,2995,6611,2772,2808,2756,6717,2832,3070,3010,4032,2928,7021,6170,2955,2920,4178,2589,5737,5862,3034,2963,7396,3099,4863,2954,2829,3060,2902,2712,2897,7063,2529,3136,2758,3375,2995,2932,5445,3142,2909,2908,3201,3485,7087,3200,6381,3400,3097,2907,4370,2814,2804,7329,5792,3189,3060,3177,5696,2826,2948,3365,3861,10952,2811,4976,3035,2876,3032,2796,3004,3088,3086,3117,6314,6796,2834,3109,3063,6106,3081,3127,2726,2920,3002,3988,2680,5719,2817,3145,2827,9347,7127,3918,2970,2409,3049,2590,3104,3207,3082,2905,7024,3259,7500,2915,3136,2896,3405,3164,2724,6658,6701,3127,8010,3760,4802,4227,2878,8861,2979,3035,7110,201,172,215,188,109,142,103,139,119,126,175,221,169,158,159,176,181,198,234,123,241,154,139,113,157,152,223,241,105,353,231,119,163,218,146,126,220,137,128,380,104,122,114,106,827,108,136,196,252,268,145,166,190,199,232,186,138,203,219,262,238,275,160,151,277,192,331,165,140,187,184,133,157,452,197,157,102,126,156,151,261,108,170,411,210,123,169,306,364,245,128,334,490,111,173,365,164,135,101,415,210,120,147,158,121,128,122,168,223,260,175,197,237,162,160,134,327,140,181,128,178,152,170,176,205,296,256,118,114,196,305,197,160,361,269,116,131,404,169,364,174,176,148,185,518,83,169,436,189,220,158,448,120,220,490,129,164,181,128,126,137,188,425,103,146,248,238,337,129,187,166,170,160,208,474,347,147,141,215,121,169,211,262,102,263,130,343,143,276,98,86,173,433,163,199,142,178,125,372,129,110,163,218,140,578,130,151,143,109,105,112,222,162,334,228,377,192,173,140,185,175,122,446,119,117,564,211,217,151,155,137,310,153,295,403,282,139,114,330,177,133,132,166,411,141,214,453,145,198,169,230,167,503,222,148,159,191,449,314,145,130,122,195,189,222,148,160,508,396,113,174,149,133,138,409,128,190,119,134,604,167,323,132,171,154,138,155,144,128,273,537,159,155,297,133,271,109,324,258,108,10,27,12,14,4,7,25,9,9,7,11,7,7,8,9,7,20,12,9,36,8,15,11,15,14,5,13,14,8,13,7,6,6,19,7,14,6,12,4,5,4,6,12,6,15,9,7,5,11,9,8,17,10,33,6,12,20,7,6,10,6,6,16,7,16,9,13,6,6,8,5,15,9,6,7,5,17,11,7,7,4,6,8,4,7,13,9,10,7,11,5,7,12,5,9,7,6,7,16,5,26,8,24,19,6,9,8,10,6,8,5,8,5,8,8,11,26,6,15,11,6,7,9,14,8,20,6,22,6,4,10,10,7,10,14,16,20,6,24,9,5,8,11,9,6,7,9,5,8,7,25,6,11,9,9,8,6,7,30,21,10,8,7,12,18,6,5,8,5,3,8,8,18,6,8,8,15,23,6,23,13,8,9,7,6,6,8,13,12,20,11,10,8,4,5,6,6,5,5,7,8009,6685,6180,7070,7409,6372,6185,6686,6606,6822,17351,18113,15020,16825,16599,13998,14518,16689,15998,14797,8,8,6,6,7,9,7,8,7,7,8,8,8,7,8,8,8,8,8,7,22,21,16,16,19,22,24,21,20,18
TULLY_T2,BatchB,2,3096,6074,2862,3300,2512,2835,5661,2865,5282,5506,2884,6017,5154,3157,6046,2882,2832,2934,3196,2807,3031,2957,2850,7390,3111,3018,6019,3028,3175,3363,3431,2942,2812,3028,3201,3244,3146,7177,2753,2893,6903,3233,3058,2864,3038,5981,2950,2951,3084,2710,4821,6817,2823,2927,7712,3238,3488,3028,5529,9498,2490,2939,3282,6418,2986,3055,3078,2812,3183,2940,3161,4092,2797,2892,2835,3322,5026,6708,3225,7016,3152,2674,2899,6809,2846,2823,3023,4574,3126,5909,5909,2762,2917,4719,2784,5813,6651,2867,3277,7405,2642,4939,2894,3048,2851,2771,2636,2881,6714,2769,2691,3176,3829,2457,2759,5565,3243,3342,3394,2914,2747,5869,3263,7167,3475,3244,3283,4774,2912,3022,8190,6008,3100,2973,2738,6749,3189,3595,3438,3428,10287,2784,4415,2628,2763,2642,2766,2983,3412,3000,3084,6027,8573,2665,3451,3749,5949,3243,2663,3218,2735,3123,3008,3066,4973,2999,3336,2830,8973,6694,3874,3317,2976,2658,2701,2904,3311,2721,2999,7190,3297,6251,3034,3415,3272,3581,2838,2780,6673,5956,3370,7061,3444,5229,4223,2713,7320,2693,2848,9129,136,178,207,150,95,158,117,123,105,144,206,205,174,132,147,206,167,162,217,148,265,177,146,128,163,162,208,233,101,257,207,150,187,186,135,109,214,130,164,462,108,153,107,128,736,100,107,233,228,254,133,167,204,194,225,189,174,193,209,274,216,274,166,154,343,178,417,149,172,140,161,143,161,370,204,167,132,131,193,169,264,131,190,470,255,134,175,252,314,280,144,385,543,118,149,361,174,136,102,333,235,87,169,140,155,110,150,196,238,203,170,241,173,171,169,124,295,149,213,120,140,154,154,163,220,291,268,151,101,183,344,225,132,362,338,121,121,470,175,345,154,151,149,169,562,99,129,391,193,177,132,526,139,175,436,159,145,211,112,145,129,152,460,128,145,173,219,391,156,182,162,193,166,200,470,402,134,143,206,131,117,157,284,97,336,134,305,155,327,106,88,165,492,152,160,175,206,153,296,135,130,141,212,148,533,151,124,180,112,118,116,190,137,272,204,397,183,188,154,177,150,130,496,109,136,429,149,189,157,158,113,269,170,284,453,235,146,137,380,139,138,165,172,340,134,252,599,141,209,150,226,160,557,232,147,164,178,463,379,142,153,115,239,187,262,115,156,468,434,110,162,142,129,198,444,123,175,123,147,514,159,359,151,162,143,137,161,159,138,324,428,168,130,277,131,315,112,322,186,96,8,22,14,17,4,6,18,9,7,9,13,9,8,8,10,7,23,10,11,26,9,15,10,13,15,6,10,13,8,10,8,5,7,19,5,15,7,13,3,6,4,5,15,7,19,7,8,6,9,8,9,14,8,29,9,11,18,6,7,13,7,9,16,6,16,9,12,5,11,8,6,14,7,6,7,5,16,10,7,8,4,5,7,7,10,9,11,9,7,11,5,9,13,5,7,6,6,9,16,5,21,6,20,19,6,8,9,15,5,9,6,8,5,7,6,14,25,8,15,10,8,7,7,14,7,15,5,21,6,3,12,14,7,11,12,12,19,5,27,9,6,9,14,8,8,7,9,6,7,6,27,6,13,12,9,8,5,9,29,19,11,7,7,11,16,4,6,9,8,4,11,8,21,5,10,8,16,22,9,20,12,8,9,5,6,6,8,12,9,20,8,13,10,4,6,6,3,6,6,6,266,271,263,256,295,243,224,265,241,276,43101,49029,37768,47378,41346,41889,40273,43360,44323,41174,0,0,0,0,0,0,0,0,0,0,0,0,0,0,0,0,0,0,0,0,22,23,19,17,20,23,23,20,17,20
BOGGS_T2,BatchC,2,2857,2818,3620,3440,16828,2634,6501,12174,2905,2776,12370,11306,6685,18242,3080,2786,2909,2643,2927,2834,12170,11023,3155,7541,5162,14760,3224,14247,3114,9376,3420,2852,2931,4936,2877,3055,2788,8200,3034,2840,2887,3023,2704,3123,3225,3284,22900,3026,29982,16571,2973,3001,2957,2837,2760,3106,18154,6520,10306,2993,2776,2840,3020,21830,3055,3146,3228,13200,3371,3170,2802,7587,2884,3034,3061,3107,2750,15707,3237,22178,2833,2756,3108,8385,2988,2922,3029,2985,22860,3059,2858,2960,3113,3125,11164,15449,9045,2809,3129,2469,2933,3124,2934,4493,2674,3070,2623,2969,3027,2892,3144,3020,3015,4916,2844,2930,3257,3149,6876,14555,2776,3141,2980,3534,2911,2931,3182,2971,13038,2695,3345,2479,22544,3088,2545,7555,3236,3200,3607,13542,3015,2895,2412,3219,2876,3038,10860,2893,3104,3097,3088,10647,2769,2823,4077,3220,2740,33851,2702,18767,2804,7741,15251,10126,3198,2866,22255,20136,2824,25470,2556,3077,3173,2891,7381,12862,3421,3129,3045,2945,15348,9448,3070,3309,3215,3247,14341,2835,13970,3304,12597,2893,2983,9993,2939,4330,3177,24769,2992,3095,174,775,183,171,104,179,385,89,103,138,192,113,466,161,158,531,153,225,141,131,131,143,459,1343,133,145,1240,218,139,1118,97,111,171,179,144,133,93,464,129,570,130,923,121,360,745,121,124,822,240,99,157,190,247,123,145,187,142,123,142,113,285,129,498,762,813,807,125,565,146,150,345,161,141,1952,1063,157,119,166,206,148,148,106,156,193,112,108,151,133,445,134,147,127,188,93,155,137,588,604,105,998,190,105,149,160,121,111,127,315,185,176,195,562,1224,154,179,158,160,526,225,118,170,727,186,173,230,198,119,799,199,136,199,188,126,110,127,377,786,176,170,635,123,1859,158,144,213,880,115,202,754,200,203,172,137,521,169,159,182,692,113,433,151,501,183,1667,147,217,120,1102,170,185,169,868,511,174,183,1052,915,99,491,143,369,190,677,209,111,517,174,735,172,420,421,177,134,182,643,137,164,136,502,128,142,147,203,221,175,397,839,188,111,114,124,117,434,709,143,148,206,202,131,195,621,113,131,123,126,170,549,239,1356,173,110,152,141,112,190,996,127,448,160,131,127,141,163,181,144,93,184,155,204,136,162,152,1342,233,143,167,172,250,248,137,172,120,707,293,135,514,151,219,191,126,166,146,129,144,163,131,151,122,147,893,486,167,163,624,618,139,121,169,300,175,1150,666,159,440,125,188,242,505,93,96,35,9,31,13,5,5,13,45,19,9,5,8,8,31,8,10,25,6,10,12,15,5,10,34,12,26,11,10,15,12,6,20,7,9,24,8,6,10,9,28,15,23,38,7,33,32,8,7,12,9,7,8,7,65,7,9,7,32,27,14,18,8,40,10,8,8,7,19,35,7,24,51,8,5,9,5,11,10,7,44,4,10,7,8,7,43,11,28,129,13,5,7,12,4,10,6,6,8,7,4,10,7,26,6,17,19,9,7,4,7,6,8,6,9,6,4,7,7,6,10,20,8,13,7,9,7,28,11,6,5,8,39,7,4,6,20,7,16,10,14,10,8,14,10,8,18,73,16,8,7,44,7,10,6,15,9,7,7,66,8,12,7,7,7,9,69,6,9,6,4,40,9,7,6,9,34,14,9,8,8,10,16,8,26,18,7,8,58,6,7,21,17,9,32,6,7,14,6,35,7,177,164,145,170,168,150,148,187,157,177,234,254,224,260,228,212,221,251,231,243,14,15,11,13,13,16,15,15,12,12,13,14,14,14,14,14,14,15,14,11,22,24,19,18,20,22,23,21,19,18
CLEMENS_T2,BatchB,2,2964,6544,2830,3095,2732,2643,5556,3033,4948,6158,3171,6247,5414,2975,7215,2952,2717,2762,3242,2785,2932,2911,3566,8270,2982,3281,5713,2900,2887,2878,3677,2877,2802,2674,2919,3019,2837,7653,2874,3396,6433,3057,2947,2989,2936,5675,3013,2905,3253,2656,4405,6427,2844,2772,7710,2873,3056,3185,5849,8751,2751,3215,3075,6419,3303,3188,3140,2693,3237,3087,2753,4707,3225,3192,3118,2921,4788,6630,3515,6674,2897,2725,2940,5239,2615,3408,2893,3929,3089,6448,6502,2780,3182,4546,2627,5781,6605,2942,3283,8320,2832,4868,2826,2949,3280,3128,2994,2828,7290,2714,2841,3275,3764,2765,2858,5470,3224,3261,3263,2808,2586,5930,3088,6818,2798,3095,3112,4485,2994,2598,7829,6380,3436,3197,2745,5840,3099,2985,3543,3336,10814,2982,4488,2970,3205,2450,2854,3011,3089,3126,2668,6013,8682,2837,2676,2997,5494,2960,2882,2495,2601,3065,3656,2840,5029,2938,3365,3042,10789,6282,4183,2868,3066,2788,2755,3275,3139,3066,2657,7087,2861,6742,2734,3041,3380,2960,3020,2890,6327,5839,3413,7933,3354,5044,4158,3123,7603,2828,2997,8539,166,161,263,157,97,148,103,110,131,174,175,194,156,128,136,188,166,167,258,130,302,155,169,122,150,153,234,228,118,285,205,109,169,218,146,129,234,139,114,427,123,149,93,111,790,110,101,200,257,248,153,136,262,174,237,184,149,272,246,323,255,278,151,131,322,149,337,164,129,139,213,156,128,376,211,135,149,122,189,155,246,117,182,525,251,134,129,336,318,325,116,404,516,97,158,286,148,152,98,322,182,93,156,133,148,122,124,209,206,243,156,221,193,158,175,166,252,116,200,108,168,154,194,151,270,298,270,157,110,204,288,191,120,307,331,100,120,490,197,350,181,150,141,150,575,95,125,360,188,193,190,536,109,168,580,145,172,184,123,136,137,150,471,132,156,207,260,390,158,149,144,215,176,149,495,363,160,140,189,157,165,193,258,124,250,146,360,182,301,108,102,167,417,189,204,189,207,167,364,113,131,138,219,154,495,150,141,162,100,125,114,193,119,316,195,304,158,188,178,180,144,101,417,113,123,462,168,226,176,165,131,298,137,267,438,271,132,95,400,149,133,153,139,330,148,278,387,166,200,150,238,146,550,247,155,155,191,520,328,142,156,110,250,160,241,155,157,491,435,143,162,130,122,176,420,144,205,107,124,531,150,331,184,138,133,138,128,152,140,267,465,170,135,279,128,410,117,327,236,110,12,23,14,12,3,7,22,8,7,8,11,7,9,7,9,9,18,11,9,30,11,17,9,16,14,7,8,12,8,10,8,6,7,18,6,13,7,8,4,6,5,5,13,7,17,6,7,5,9,8,7,16,8,32,7,10,17,5,7,9,8,8,19,5,16,10,13,6,10,9,5,17,8,7,8,5,17,10,9,8,4,5,7,6,9,10,8,10,10,11,6,7,12,4,10,5,5,9,17,4,23,7,22,20,5,7,9,9,5,7,6,8,5,9,6,12,24,8,11,11,7,7,7,19,11,15,6,24,6,5,13,13,7,10,13,16,19,6,25,9,6,9,12,8,6,7,9,5,8,7,22,6,10,9,8,10,6,8,26,26,9,8,8,11,17,5,5,8,7,5,8,7,17,5,10,9,14,15,9,20,13,9,11,6,6,7,8,11,14,19,8,11,9,5,6,7,5,5,6,8,1000000,947938,920823,1000000,1000000,924857,921055,988784,944116,1000000,1000000,1000000,1000000,1000000,1000000,1000000,1000000,1000000,1000000,1000000,0,0,0,0,0,0,0,0,0,0,0,0,0,0,0,0,0,0,0,0,24,21,19,18,21,22,24,20,19,20
DIETRICH_T2,BatchB,2,2901,5518,3432,3126,1770,3092,5784,3018,5241,6005,3180,3017,5571,3007,6424,783,2920,2827,3072,3047,3087,2657,2979,8671,3175,2957,5136,2933,3054,3183,2760,3211,4646,3032,3117,3157,2688,7237,4238,2935,13456,2765,2706,3469,3213,6558,2253,2861,2970,3142,4747,6855,2763,2789,7344,2856,2962,3016,5623,9582,2720,2796,2758,5828,3330,3074,3159,3098,2023,3090,2942,4512,3958,2579,2781,3004,5270,7367,3040,6241,7061,2741,2944,7563,2695,2968,2670,4225,3122,5822,12482,3213,2601,4326,1935,6802,6880,3044,2928,7325,2680,4943,5393,6685,2707,2874,2817,3318,8213,2765,3213,3208,3613,2569,3224,6001,2867,3030,3953,3434,2653,6717,3496,5945,3040,3569,8107,4508,2934,1591,8198,5391,2636,2930,2645,2786,3017,3413,3525,3221,11165,2682,4194,2979,2931,2682,2600,2885,3177,2828,2840,5648,8347,3083,2500,3224,5821,2860,3062,2700,2653,2707,3319,3145,3641,2811,1696,2937,10591,7088,4348,2274,2632,2858,2805,2626,3553,2614,3042,7015,3298,7422,2750,3277,2972,8032,2684,3026,10028,6688,3210,7683,3479,4900,4624,2754,6744,2944,3231,7925,158,229,229,139,39,156,117,136,110,155,147,235,154,136,109,178,148,176,234,115,315,169,144,149,131,313,245,228,106,279,182,119,138,225,270,120,204,150,122,423,118,141,86,101,709,114,99,184,251,220,174,61,180,169,351,178,177,235,172,304,203,284,151,118,342,195,350,175,155,179,196,102,134,356,195,152,155,109,197,134,108,127,177,1384,241,127,148,319,297,300,51,404,435,108,159,333,148,177,97,316,217,106,156,124,167,96,137,703,271,260,196,225,176,68,170,123,273,127,181,113,144,163,189,163,191,373,262,142,54,190,378,161,145,485,345,132,118,410,174,434,207,150,143,147,553,110,138,469,178,177,180,566,140,159,400,177,103,218,134,127,132,160,477,113,136,207,199,99,134,163,119,194,275,192,440,445,141,210,148,128,131,171,219,109,221,136,307,148,200,122,161,152,482,183,210,145,183,172,322,73,157,152,224,175,586,109,102,89,141,129,109,203,129,232,390,338,199,52,150,196,154,131,529,103,119,553,144,222,181,165,112,312,49,306,475,297,177,139,377,204,159,136,153,376,129,222,567,132,184,163,297,169,534,254,122,153,206,540,373,143,151,119,227,165,273,168,127,442,416,115,163,132,123,160,404,138,181,111,145,550,142,332,188,129,148,133,164,147,127,315,413,144,149,261,164,329,130,316,199,109,9,21,16,12,3,7,26,9,5,9,12,6,7,3,9,9,21,8,13,27,8,16,12,15,12,7,16,12,8,14,5,7,6,17,5,14,7,11,4,6,5,5,13,7,10,6,9,6,11,9,8,17,7,25,8,11,20,6,8,13,7,6,18,6,15,9,14,7,10,7,6,17,8,5,9,4,22,10,6,8,6,5,6,8,11,15,10,10,12,4,6,7,10,5,8,2,8,9,15,5,21,7,17,17,8,8,9,14,5,15,6,8,5,8,8,13,22,6,13,15,6,7,8,18,9,15,6,16,8,4,11,8,8,9,11,14,14,7,22,7,5,9,10,6,7,10,8,5,4,6,21,2,15,9,9,6,8,8,29,19,7,7,7,11,13,7,4,8,6,4,10,7,12,6,9,9,17,16,7,19,16,8,10,6,6,5,8,12,9,23,4,12,13,5,5,9,4,6,7,7,14515,12335,12294,12126,13904,11962,11941,14771,12480,13419,23356,26745,24212,23602,43381,21480,22076,27034,24366,24735,10,12,9,9,10,12,7,12,10,9,10,11,11,11,11,25,11,12,10,9,23,21,19,18,19,22,24,21,19,8
JACOBS_T2,BatchB,2,3096,6074,2862,3300,2512,2835,5661,2865,5282,5506,2884,6017,5154,3157,6046,2882,2832,2934,3196,2807,3031,2957,2850,7390,3111,3018,6019,3028,3175,3363,3431,2942,2812,3028,3201,3244,3146,7177,2753,2893,6903,3233,3058,2864,3038,5981,2950,2951,3084,2710,4821,6817,2823,2927,7712,3238,3488,3028,5529,9498,2490,2939,3282,6418,2986,3055,3078,2812,3183,2940,3161,4092,2797,2892,2835,3322,5026,6708,3225,7016,3152,2674,2899,6809,2846,2823,3023,4574,3126,5909,5909,2762,2917,4719,2784,5813,6651,2867,3277,7405,2642,4939,2894,3048,2851,2771,2636,2881,6714,2769,2691,3176,3829,2457,2759,5565,3243,3342,3394,2914,2747,5869,3263,7167,3475,3244,3283,4774,2912,3022,8190,6008,3100,2973,2738,6749,3189,3595,3438,3428,10287,2784,4415,2628,2763,2642,2766,2983,3412,3000,3084,6027,8573,2665,3451,3749,5949,3243,2663,3218,2735,3123,3008,3066,4973,2999,3336,2830,8973,6694,3874,3317,2976,2658,2701,2904,3311,2721,2999,7190,3297,6251,3034,3415,3272,3581,2838,2780,6673,5956,3370,7061,3444,5229,4223,2713,7320,2693,2848,9129,136,178,207,150,95,158,117,123,105,144,206,205,174,132,147,206,167,162,217,148,265,177,146,128,163,162,208,233,101,257,207,150,187,186,135,109,214,130,164,462,108,153,107,128,736,100,107,233,228,254,133,167,204,194,225,189,174,193,209,274,216,274,166,154,343,178,417,149,172,140,161,143,161,370,204,167,132,131,193,169,264,131,190,470,255,134,175,252,314,280,144,385,543,118,149,361,174,136,102,333,235,87,169,140,155,110,150,196,238,203,170,241,173,171,169,124,295,149,213,120,140,154,154,163,220,291,268,151,101,183,344,225,132,362,338,121,121,470,175,345,154,151,149,169,562,99,129,391,193,177,132,526,139,175,436,159,145,211,112,145,129,152,460,128,145,173,219,391,156,182,162,193,166,200,470,402,134,143,206,131,117,157,284,97,336,134,305,155,327,106,88,165,492,152,160,175,206,153,296,135,130,141,212,148,533,151,124,180,112,118,116,190,137,272,204,397,183,188,154,177,150,130,496,109,136,429,149,189,157,158,113,269,170,284,453,235,146,137,380,139,138,165,172,340,134,252,599,141,209,150,226,160,557,232,147,164,178,463,379,142,153,115,239,187,262,115,156,468,434,110,162,142,129,198,444,123,175,123,147,514,159,359,151,162,143,137,161,159,138,324,428,168,130,277,131,315,112,322,186,96,8,22,14,17,4,6,18,9,7,9,13,9,8,8,10,7,23,10,11,26,9,15,10,13,15,6,10,13,8,10,8,5,7,19,5,15,7,13,3,6,4,5,15,7,19,7,8,6,9,8,9,14,8,29,9,11,18,6,7,13,7,9,16,6,16,9,12,5,11,8,6,14,7,6,7,5,16,10,7,8,4,5,7,7,10,9,11,9,7,11,5,9,13,5,7,6,6,9,16,5,21,6,20,19,6,8,9,15,5,9,6,8,5,7,6,14,25,8,15,10,8,7,7,14,7,15,5,21,6,3,12,14,7,11,12,12,19,5,27,9,6,9,14,8,8,7,9,6,7,6,27,6,13,12,9,8,5,9,29,19,11,7,7,11,16,4,6,9,8,4,11,8,21,5,10,8,16,22,9,20,12,8,9,5,6,6,8,12,9,20,8,13,10,4,6,6,3,6,6,6,266,271,263,256,295,243,224,265,241,276,43101,49029,37768,47378,41346,41889,40273,43360,44323,41174,0,0,0,0,0,0,0,0,0,0,0,0,0,0,0,0,0,0,0,0,22,23,19,17,20,23,23,20,17,20
RAINS_T2,BatchB,2,2991,6550,3030,3093,2840,3159,5429,3225,5431,6465,3268,6294,4880,2931,7021,2746,3018,2789,3312,2706,3186,2760,3130,7479,3107,2916,6114,3253,3266,3023,3207,2757,2899,3176,2646,3286,2949,7638,2919,2841,7115,2786,2694,3043,2965,5909,3435,2869,3001,3171,4475,6181,2673,2716,7538,2871,2752,3223,5863,9034,2750,2955,2900,6537,3345,3063,2923,2982,2882,2909,2434,4367,2819,3238,2947,3074,5181,6367,2995,6611,2772,2808,2756,6717,2832,3070,3010,4032,2928,7021,6170,2955,2920,4178,2589,5737,5862,3034,2963,7396,3099,4863,2954,2829,3060,2902,2712,2897,7063,2529,3136,2758,3375,2995,2932,5445,3142,2909,2908,3201,3485,7087,3200,6381,3400,3097,2907,4370,2814,2804,7329,5792,3189,3060,3177,5696,2826,2948,3365,3861,10952,2811,4976,3035,2876,3032,2796,3004,3088,3086,3117,6314,6796,2834,3109,3063,6106,3081,3127,2726,2920,3002,3988,2680,5719,2817,3145,2827,9347,7127,3918,2970,2409,3049,2590,3104,3207,3082,2905,7024,3259,7500,2915,3136,2896,3405,3164,2724,6658,6701,3127,8010,3760,4802,4227,2878,8861,2979,3035,7110,201,172,215,188,109,142,103,139,119,126,175,221,169,158,159,176,181,198,234,123,241,154,139,113,157,152,223,241,105,353,231,119,163,218,146,126,220,137,128,380,104,122,114,106,827,108,136,196,252,268,145,166,190,199,232,186,138,203,219,262,238,275,160,151,277,192,331,165,140,187,184,133,157,452,197,157,102,126,156,151,261,108,170,411,210,123,169,306,364,245,128,334,490,111,173,365,164,135,101,415,210,120,147,158,121,128,122,168,223,260,175,197,237,162,160,134,327,140,181,128,178,152,170,176,205,296,256,118,114,196,305,197,160,361,269,116,131,404,169,364,174,176,148,185,518,83,169,436,189,220,158,448,120,220,490,129,164,181,128,126,137,188,425,103,146,248,238,337,129,187,166,170,160,208,474,347,147,141,215,121,169,211,262,102,263,130,343,143,276,98,86,173,433,163,199,142,178,125,372,129,110,163,218,140,578,130,151,143,109,105,112,222,162,334,228,377,192,173,140,185,175,122,446,119,117,564,211,217,151,155,137,310,153,295,403,282,139,114,330,177,133,132,166,411,141,214,453,145,198,169,230,167,503,222,148,159,191,449,314,145,130,122,195,189,222,148,160,508,396,113,174,149,133,138,409,128,190,119,134,604,167,323,132,171,154,138,155,144,128,273,537,159,155,297,133,271,109,324,258,108,10,27,12,14,4,7,25,9,9,7,11,7,7,8,9,7,20,12,9,36,8,15,11,15,14,5,13,14,8,13,7,6,6,19,7,14,6,12,4,5,4,6,12,6,15,9,7,5,11,9,8,17,10,33,6,12,20,7,6,10,6,6,16,7,16,9,13,6,6,8,5,15,9,6,7,5,17,11,7,7,4,6,8,4,7,13,9,10,7,11,5,7,12,5,9,7,6,7,16,5,26,8,24,19,6,9,8,10,6,8,5,8,5,8,8,11,26,6,15,11,6,7,9,14,8,20,6,22,6,4,10,10,7,10,14,16,20,6,24,9,5,8,11,9,6,7,9,5,8,7,25,6,11,9,9,8,6,7,30,21,10,8,7,12,18,6,5,8,5,3,8,8,18,6,8,8,15,23,6,23,13,8,9,7,6,6,8,13,12,20,11,10,8,4,5,6,6,5,5,7,8009,6685,6180,7070,7409,6372,6185,6686,6606,6822,17351,18113,15020,16825,16599,13998,14518,16689,15998,14797,8,8,6,6,7,9,7,8,7,7,8,8,8,7,8,8,8,8,8,7,22,21,16,16,19,22,24,21,20,18
WREN_T2,BatchB,2,3058,6403,3370,3350,2897,2827,5455,2915,4964,5656,2899,6488,5009,3244,6976,2793,3037,2629,2894,2921,2980,3062,3117,7929,3190,3198,6012,2935,2984,3242,3262,2958,2763,2816,2932,3213,3426,8247,2709,3320,7594,3193,3130,3215,3102,6365,3098,2955,2984,2988,4278,6693,2803,3018,7935,2886,3167,3407,5387,9208,2883,2852,2863,6323,3021,3008,2754,2644,2997,2906,2541,3995,2746,3025,2930,2951,4739,5858,3073,6102,2718,3010,3014,5805,2733,2820,2720,4459,2742,5809,6125,3160,2863,4453,2573,5980,5823,2991,2916,6873,2868,5296,2973,3130,3054,2970,2938,3163,6570,2454,2907,3089,3678,2780,2859,5348,2866,3386,3479,2690,2876,6663,3191,7221,3229,3163,3451,4314,2770,3188,7344,5985,3239,2961,2896,6389,2739,3097,3430,3462,10878,2625,4235,2940,2926,3115,2856,2666,3336,3059,3146,6559,7998,2632,3055,3247,5598,3481,2996,2538,2839,3099,3201,2771,5129,2739,3140,2965,8601,6103,4073,3258,2755,2832,2582,3007,3549,3050,2941,6500,3434,6847,2616,3269,2921,3074,3210,2609,6787,5398,3268,8294,3765,4674,3843,3112,7885,2964,2909,8297,157,201,213,190,88,148,132,105,115,158,194,198,173,140,114,196,178,166,257,120,296,147,125,111,150,173,295,219,130,223,192,145,197,186,146,120,195,152,123,392,139,158,99,103,694,124,115,211,294,221,147,173,226,190,271,182,140,230,220,259,262,218,175,136,309,174,455,156,127,138,191,160,148,409,197,166,119,106,170,150,226,101,189,431,245,115,157,313,299,264,153,539,512,112,146,333,151,141,104,376,210,109,160,145,124,116,131,199,228,228,206,220,206,142,172,134,241,130,202,101,188,146,196,163,210,314,271,145,116,195,322,186,134,289,357,126,142,398,191,344,165,130,148,135,539,101,106,301,174,188,122,466,126,143,469,141,137,191,131,137,148,145,484,167,153,186,228,363,166,219,159,214,166,167,552,323,130,115,172,105,141,181,261,95,218,108,321,146,281,130,89,151,438,201,158,155,191,160,425,107,121,149,167,158,569,146,151,172,101,125,130,224,128,358,267,342,188,242,145,178,134,118,378,120,110,395,189,202,199,152,122,273,139,304,441,296,142,138,416,153,148,153,195,344,133,252,521,147,187,139,262,159,556,223,144,169,160,535,363,160,157,128,216,185,213,119,121,542,359,121,152,159,134,158,372,170,162,116,140,571,152,409,138,167,134,143,239,165,128,354,428,178,132,250,125,359,98,325,221,122,8,22,12,12,3,7,23,9,5,8,12,8,8,7,9,7,25,12,8,32,9,16,11,13,14,8,11,12,7,11,9,6,7,21,5,13,7,11,4,7,5,7,13,8,21,7,7,6,8,6,6,18,7,22,8,10,20,6,6,12,6,6,16,7,12,9,14,7,8,7,5,12,7,7,8,4,19,10,7,10,4,6,7,6,9,12,10,12,8,11,5,7,13,5,9,7,6,7,19,5,18,6,27,17,7,11,8,9,4,9,6,6,6,7,6,13,24,8,11,12,6,7,7,15,10,16,6,24,6,3,11,15,6,10,13,15,18,5,22,10,6,8,12,7,7,7,8,4,9,8,26,6,13,10,8,7,5,9,24,23,11,6,8,12,14,4,5,10,6,4,8,8,21,5,10,8,12,22,9,21,17,8,10,6,6,8,8,11,10,18,8,10,12,5,5,6,5,8,5,9,10253,9479,8645,10684,11111,8572,9046,10635,10832,10399,239981,264899,213901,246254,225464,232488,220240,266028,231451,209033,1,1,1,1,1,1,1,1,1,1,1,1,1,1,1,1,1,1,1,1,20,23,19,16,21,22,25,21,19,19
BELLOT_T2,BatchC,2,2823,2827,3091,2747,16281,2734,6181,13504,2994,2687,13258,11923,5992,20866,3291,2563,3046,2796,3223,2880,13757,11523,3198,7405,6150,15491,3030,13896,2828,8719,3284,3312,2733,5065,3238,3216,3357,8342,2599,3109,3033,3208,2708,2937,3114,3102,19770,2649,31765,16167,2878,3242,2654,3083,2794,3165,17030,6413,9712,3235,2706,2932,2889,19287,3038,3326,2930,12484,3428,2836,3273,6792,2808,2726,3090,3047,3079,14934,3387,20650,3249,3355,3051,8966,2513,3334,3151,3118,24685,3166,2724,2567,2886,3216,9943,15399,8823,2882,2945,2693,2740,3044,2857,4977,2607,3064,2809,2851,3137,2549,3005,2890,2678,5098,3036,2917,3155,2962,6518,14401,2846,2918,3125,3155,3209,3163,3379,2818,11829,2703,3042,2665,22406,2786,2739,8288,2993,3076,3117,13120,3134,3061,2438,3002,3110,2853,10550,3153,2693,3057,2893,11915,2855,2922,3979,3135,2733,37537,2983,18355,2729,7175,16623,10220,3205,3027,27589,20369,3162,26379,3045,3224,2795,2743,7303,12046,2806,2949,2738,3019,17717,10224,2931,2850,2992,3386,14949,2602,15019,3158,12133,2771,3060,9340,2994,4464,2754,22453,2771,2901,183,663,170,175,86,172,328,105,126,136,189,105,471,133,128,563,181,201,158,145,140,162,400,1668,155,170,1172,210,127,1210,109,124,146,162,142,122,108,398,111,574,126,1157,102,311,698,106,105,871,257,129,163,139,215,126,153,198,152,143,150,109,376,158,517,811,839,785,173,640,125,147,312,159,146,2030,1109,152,115,174,199,146,172,115,170,127,90,116,148,180,467,146,153,157,168,114,133,155,721,625,86,909,177,111,171,127,135,139,151,377,183,234,178,626,1655,147,180,151,153,475,173,114,185,778,195,176,209,150,114,805,192,130,235,215,141,122,141,337,708,162,201,530,101,1579,144,174,186,877,123,179,665,190,149,170,142,448,182,161,168,730,139,426,131,597,171,1485,152,181,130,1066,153,200,147,833,502,182,158,1131,1107,103,403,152,347,194,719,206,104,569,166,922,144,512,379,156,125,154,653,182,177,160,407,113,145,156,174,218,158,577,842,191,90,132,101,96,421,794,170,166,171,187,153,177,816,115,131,114,117,160,542,195,1518,151,112,139,134,100,157,771,136,432,123,158,132,156,153,191,131,107,203,142,167,167,129,172,1346,217,154,129,179,260,284,154,170,139,713,340,120,453,138,204,189,122,184,128,133,142,188,150,147,115,159,975,562,188,149,556,418,142,118,145,324,156,976,649,136,458,126,155,264,421,91,100,33,8,19,13,3,6,13,58,16,9,5,6,8,42,9,6,27,6,10,10,13,6,10,38,11,37,10,10,13,11,7,27,6,9,17,9,6,11,8,20,12,23,31,7,39,43,9,6,9,9,11,9,10,63,6,5,6,42,33,13,24,8,48,10,10,6,7,15,46,9,36,49,7,6,8,4,13,10,7,39,4,12,7,5,10,36,8,19,130,11,4,8,12,4,10,6,5,7,8,5,8,7,22,6,24,25,9,7,6,7,6,8,5,9,6,7,10,8,6,9,23,7,17,6,7,7,39,11,5,4,8,43,6,6,6,16,8,15,8,12,12,7,12,9,8,24,63,14,7,7,36,7,12,7,21,9,6,8,64,8,12,9,6,7,7,60,5,9,6,4,23,8,6,4,9,35,12,9,7,8,7,18,11,26,17,6,9,49,9,8,21,22,12,32,6,5,13,6,39,6,0,0,0,0,0,0,0,0,0,0,0,0,0,0,0,0,0,0,0,0,8,8,6,6,7,9,8,8,7,7,8,7,8,8,8,8,8,8,7,6,22,21,19,18,20,22,23,21,20,18
CHRISTIE_T2,BatchC,2,2815,3219,3205,2914,16556,2780,6404,11816,3040,3058,13645,11381,7088,20516,3210,3086,3040,3166,3084,3066,14115,11168,3433,7207,5680,16311,2995,14201,3088,8155,2975,2768,3043,4963,3142,3270,2963,7974,2924,2893,2878,3202,2738,2974,2875,2829,20708,3284,33926,16443,2926,3054,2514,3251,2982,2562,16344,6490,10548,3077,2691,3048,3148,18837,3324,2790,2761,13388,3248,2701,2647,6877,2709,3347,3189,3049,2858,15784,3072,18900,3128,2668,2800,10007,2949,2953,2754,2619,24964,3224,3386,3348,2661,2781,9986,17272,7917,2730,3290,2858,3059,3084,3017,4334,2611,3226,2815,2976,2990,2930,3041,3299,2756,5636,3098,2743,2916,3087,6823,12021,2978,2922,2887,3051,2997,3334,3189,2823,11213,2832,3103,2757,25103,3105,2485,7717,3056,3111,3416,13492,3191,2831,2613,3064,2821,3027,11846,2622,2978,3089,3058,11205,2553,2910,4104,3266,2683,33523,2969,19322,2875,9061,15166,9647,3136,2831,24765,19314,2929,29551,2730,3199,2631,2782,7774,12883,2940,3181,3016,2919,14930,9669,3026,2877,3240,3294,15316,2798,14693,3088,12226,3251,3085,10822,2934,3796,3215,21074,2898,3082,168,747,138,155,83,149,431,103,117,143,154,100,369,136,132,531,170,189,139,153,122,153,451,1454,167,144,1193,196,123,1162,119,126,119,168,122,137,97,401,153,490,116,1153,102,359,738,100,128,891,263,110,112,143,241,130,170,183,160,139,151,100,326,114,448,711,937,692,123,653,147,159,376,193,124,2312,798,178,113,166,171,180,154,92,165,152,139,127,157,141,398,142,132,158,215,85,162,162,637,736,121,985,201,101,154,148,155,120,134,329,186,192,189,467,1584,162,200,127,158,527,156,107,150,792,195,175,218,152,101,787,200,129,194,163,146,126,149,299,923,163,192,532,93,1790,149,168,193,692,149,180,728,202,177,179,126,628,205,164,134,821,153,384,131,473,201,1735,140,202,136,1074,130,175,159,941,499,185,155,866,816,102,469,133,406,191,745,208,115,653,146,857,175,460,477,141,165,142,626,140,165,174,433,133,147,142,133,213,160,491,1053,164,108,136,116,107,410,815,122,165,191,195,149,191,627,112,128,108,130,132,483,206,1334,148,111,165,155,98,194,1055,110,415,162,150,142,162,167,176,130,102,194,122,174,176,144,170,1314,223,141,186,153,193,241,128,142,133,696,328,117,495,165,206,159,139,150,152,129,122,171,121,221,123,142,838,460,191,184,546,564,145,129,144,329,183,996,574,154,489,140,176,238,406,84,101,35,9,20,15,3,8,14,52,14,8,5,6,8,31,8,9,24,6,10,11,13,6,11,29,10,29,12,12,11,10,9,21,6,9,22,8,6,9,7,24,14,23,29,6,43,45,8,5,9,9,8,8,8,43,7,7,5,44,32,17,23,9,34,14,10,9,6,16,36,9,30,54,8,6,8,4,13,9,7,35,4,14,7,6,8,39,10,27,151,12,5,8,12,5,12,6,7,10,9,5,10,5,27,6,23,14,8,7,4,10,5,9,5,9,6,5,8,8,7,11,19,9,18,5,9,7,24,11,5,3,10,53,7,5,7,21,6,15,8,12,12,8,14,9,6,19,85,13,8,8,46,7,13,6,23,8,7,9,63,7,14,8,7,7,9,68,5,7,6,4,29,9,5,6,10,34,15,8,8,8,9,15,9,26,16,7,7,54,6,6,25,17,8,27,7,6,13,8,34,5,0,0,0,0,0,0,0,0,0,0,0,0,0,0,0,0,0,0,0,0,22,25,16,19,20,24,25,23,19,19,21,24,23,22,21,21,23,24,18,19,24,20,17,17,23,20,24,22,20,18
FRANK_T2,BatchC,2,3023,2911,2853,3091,14820,3015,7175,13024,3210,3132,13213,12402,5991,19966,3323,3029,3008,2892,2906,2976,14467,10590,2910,7055,5775,15072,3130,15218,3290,9364,3191,2949,3314,5067,2920,3142,2897,7901,3009,3188,3012,2910,2875,2862,3087,2919,20569,2777,30399,17882,3311,2945,2581,2934,2764,2795,18008,6358,9966,2932,2605,2902,3036,19159,2767,3077,3007,13356,3161,2919,2757,6676,3185,3004,2944,2992,2960,14931,3082,21561,2865,2913,3034,9351,2625,3068,3381,3440,24804,3077,2990,2746,3064,2762,10275,17747,9403,2679,2789,3041,3176,3107,2738,4872,2867,2993,2822,3072,2756,2554,2929,3341,2843,5210,3059,3172,2835,2985,6478,14677,3024,2873,3126,3413,2876,3070,3342,2995,12814,2786,3039,2595,22417,3184,2665,8443,3129,2903,3334,13865,2893,2842,2330,3081,2574,2832,10657,2864,2862,2777,3082,11566,2718,2777,3805,3114,2997,37316,3144,16778,2906,7326,16016,9575,3163,3062,26177,18295,2738,28341,2901,3228,2892,2697,7061,13028,3224,3250,3094,2921,15585,9210,2729,3042,2971,3135,14854,2685,14968,3442,12104,2688,3195,10828,2596,4022,3256,22821,2979,2998,170,677,135,176,105,161,396,125,121,133,168,131,377,134,154,630,140,204,157,115,143,152,516,1357,191,181,1345,194,136,1215,127,125,153,185,113,157,87,430,122,542,124,971,107,376,807,135,123,1058,277,114,122,159,199,125,145,206,137,135,136,102,288,133,533,718,789,770,166,607,150,177,347,146,186,2253,999,174,121,159,196,151,139,92,179,161,116,134,116,157,454,163,142,159,233,86,145,147,654,746,90,938,210,121,212,136,124,126,132,346,173,210,181,574,1306,175,200,120,143,506,212,112,187,751,136,185,236,136,128,699,190,126,189,163,131,113,185,349,907,174,162,575,88,1636,149,158,185,793,122,174,709,198,146,150,136,444,185,156,145,850,126,435,144,555,198,1383,143,216,146,985,157,195,148,807,584,156,151,907,978,86,528,122,422,182,765,194,107,552,201,844,144,446,489,158,160,206,682,142,162,171,397,121,152,185,192,155,168,466,804,180,79,107,108,91,411,746,161,157,174,185,132,182,586,117,117,113,119,142,548,189,1452,161,111,145,148,105,174,938,127,413,131,159,139,168,173,230,127,122,205,128,189,142,154,158,1281,180,161,164,201,265,250,158,134,117,657,319,103,707,155,235,159,107,150,168,135,159,154,137,195,106,134,770,584,177,144,502,481,138,152,177,282,151,1382,529,136,492,179,177,271,408,105,103,33,9,25,14,3,6,12,52,16,9,5,8,9,35,8,9,27,6,9,11,14,6,11,32,11,33,12,9,17,13,7,25,6,9,19,10,7,10,7,25,15,23,34,7,36,43,7,6,9,9,8,6,8,64,6,7,6,43,36,15,17,9,36,10,12,9,8,16,33,7,30,50,8,7,7,5,10,9,7,48,4,11,6,6,9,37,8,25,128,12,5,7,9,4,12,8,6,8,10,5,6,6,28,7,26,19,8,9,5,10,6,8,6,7,5,5,8,6,7,10,19,10,16,7,8,6,34,10,7,4,11,40,8,4,7,20,6,15,8,12,14,7,15,8,6,23,67,13,7,6,36,7,11,6,23,8,7,7,56,7,12,8,6,6,7,53,4,7,7,4,27,7,6,7,9,32,14,8,8,6,9,16,9,25,14,7,7,58,7,7,23,16,9,20,6,5,12,6,35,7,0,0,0,0,0,0,0,0,0,0,0,0,0,0,0,0,0,0,0,0,46,49,38,42,46,50,51,48,43,43,48,44,49,48,47,46,47,50,40,36,21,21,18,17,22,21,25,21,19,18
FROST_T2,BatchC,2,3076,2581,3298,3023,15356,2912,7267,12846,3029,2519,12403,12959,6746,20399,2987,2896,3009,2857,3079,2792,13961,11598,3320,7118,4925,15199,2957,15151,2823,9432,3020,2905,3009,4278,3074,3294,2775,7710,3051,3248,3171,3017,2626,3138,3217,2746,19201,2735,33022,17442,2942,3114,2599,3250,2976,2938,17756,7121,10251,3254,2773,3070,2925,20543,3045,2730,3128,13693,3283,3018,2701,6790,3152,2942,2925,2969,3010,15030,3405,21605,3632,3176,2615,8888,2785,2714,3117,2922,22640,2910,2745,3104,2496,2894,10055,16270,8902,2804,3007,2808,2899,3296,3047,4184,2641,2960,2897,2987,3146,2816,2617,3114,2909,5534,2814,2524,3010,2764,7046,15263,2996,2742,3360,3138,3309,3014,3363,2854,12785,2831,2963,2813,23717,2819,2682,7949,2701,3038,3580,15175,3092,2783,2695,3229,2767,2879,10680,2586,3164,3237,2981,10555,2853,2914,4078,3180,3035,38556,2681,19154,2918,8074,18522,11458,3192,2611,28322,19657,3261,26757,3019,3173,2757,2900,8058,12461,3440,2954,2959,2906,15958,9709,2760,3396,3139,3328,15885,2768,14558,3137,11817,3041,2702,9406,2994,3879,2913,24143,3026,2916,186,533,127,170,94,142,404,122,134,123,140,114,358,122,136,666,171,152,150,118,130,160,551,1421,155,131,1281,196,139,1446,116,119,167,203,130,116,82,420,104,573,114,1103,101,294,765,127,139,827,266,145,178,160,245,113,165,152,156,121,126,113,281,178,541,798,812,760,141,576,173,121,331,136,161,2062,866,133,101,186,206,184,186,110,210,167,123,109,156,167,401,145,168,140,173,98,150,147,725,671,110,1096,214,109,190,155,170,141,148,311,192,231,224,515,1277,170,178,123,166,512,172,130,179,776,188,160,240,173,101,776,167,127,209,161,129,116,139,308,936,147,179,582,98,1538,155,161,179,769,121,170,663,203,138,182,133,412,186,164,132,572,114,429,151,525,181,1461,144,195,138,918,155,184,160,712,489,204,164,937,1237,95,485,140,385,195,704,222,102,464,190,876,167,474,438,143,118,143,604,148,178,146,319,114,151,143,170,203,157,441,720,171,100,106,102,118,407,635,131,167,184,198,179,203,618,127,128,121,146,149,547,220,1782,171,126,173,124,88,184,1088,130,498,122,173,143,156,163,200,136,108,190,120,169,156,144,172,1101,236,158,141,196,283,267,196,141,108,702,292,137,490,120,192,167,100,172,115,132,162,149,118,171,116,189,792,594,200,149,506,512,162,118,142,315,177,1203,587,130,501,182,187,292,395,111,119,27,10,21,14,3,7,12,46,16,9,5,7,8,28,12,10,24,6,10,12,13,7,14,33,11,37,11,10,14,12,7,28,7,9,25,8,7,9,6,20,15,23,36,7,38,38,9,5,11,8,9,11,7,60,7,7,6,39,37,19,18,9,33,13,9,9,7,14,47,8,29,39,7,5,9,5,11,13,7,39,4,12,5,5,9,39,9,19,122,12,5,7,12,6,11,6,8,10,9,5,8,5,25,8,25,18,11,8,5,10,7,9,5,7,7,5,11,9,7,12,18,7,13,6,6,5,25,11,6,3,11,50,8,4,7,20,7,15,6,13,13,9,11,7,6,23,63,16,8,7,36,7,11,6,20,7,7,8,52,6,12,8,7,5,7,64,5,8,8,4,34,7,5,6,9,34,14,10,8,6,9,13,10,28,15,6,8,55,6,7,19,18,11,19,6,5,12,6,39,8,0,0,0,0,0,0,0,0,0,0,0,0,0,0,0,0,0,0,0,0,133,160,115,125,126,157,133,149,125,130,145,136,164,138,131,141,153,151,118,109,20,21,19,17,18,23,24,22,18,20
GORMAN_T2,BatchC,2,2789,3000,3029,3049,17054,2784,7302,14341,2847,3164,13061,11273,6358,18282,3195,2863,3374,2847,3064,2890,13523,10684,3048,6864,5157,14872,3165,16302,3273,8515,3465,2869,2884,4835,2812,3324,3014,8500,3025,3020,2927,3156,3015,2918,2885,3028,17702,3162,28331,17008,3323,3017,2956,3026,2807,2718,16934,5937,9497,3164,3119,2875,3232,20218,3161,2883,3022,13205,3255,2650,2919,7500,2649,2905,3241,3313,3270,15632,3066,19673,3057,3290,3274,8521,2739,2783,2810,2973,23984,3392,2807,2944,2802,3074,9945,15652,9146,3119,3302,2646,2769,3235,2784,4414,2815,2924,2740,2443,3177,2747,3067,3130,2810,5174,3110,2966,2986,3152,6772,14809,3040,2884,3288,2831,3163,2925,3362,2699,13220,2893,3131,3008,22655,3277,2740,8088,2974,3232,3478,13732,3034,2788,2686,3130,2776,2639,11167,3010,3221,3312,2959,12513,2661,3037,4307,3265,3051,35519,3138,16564,2616,7984,15054,10946,2817,3015,23121,19982,2709,26765,2712,2991,2849,2842,7598,13211,3054,3040,2920,2906,15007,9465,2703,2937,3214,3364,13662,2647,14030,3471,12010,2914,2621,10294,2882,4117,3020,22834,3226,3145,168,604,148,203,92,143,352,120,125,145,226,130,435,123,144,516,180,197,188,133,143,150,446,1415,161,168,1177,269,125,1150,97,131,141,200,115,146,98,475,130,534,118,1025,105,329,768,135,132,981,299,130,130,148,174,130,162,171,174,125,148,107,341,132,512,660,680,738,164,650,121,149,389,126,154,1847,769,167,120,144,217,162,177,89,207,143,103,146,154,117,370,121,134,143,227,88,126,155,676,722,121,911,223,112,156,130,151,119,160,322,172,221,209,523,1423,179,169,145,162,530,179,112,154,724,202,179,198,158,118,704,208,163,193,163,131,121,145,348,928,188,152,535,93,1787,147,209,203,648,134,181,630,164,159,188,124,463,219,151,169,765,119,424,166,491,181,1635,152,198,121,1105,165,165,174,916,507,157,123,1041,1105,107,523,145,373,177,548,209,101,586,173,893,161,526,404,165,128,139,561,167,166,158,410,118,155,132,174,168,181,487,825,196,84,100,97,87,351,750,148,161,161,216,164,207,661,121,156,104,122,149,643,189,1626,169,143,164,176,90,178,1010,112,464,152,136,146,132,134,212,149,106,184,122,199,141,145,175,1260,242,159,120,178,276,230,146,146,119,856,436,132,599,133,227,163,114,175,134,132,138,165,132,149,120,168,809,577,200,183,573,505,138,119,147,262,167,994,530,126,503,139,166,211,440,92,118,33,8,25,13,4,6,16,58,16,9,5,8,7,35,8,9,28,6,9,11,18,8,9,33,11,28,13,10,16,13,6,25,8,8,22,7,6,10,10,23,13,25,34,7,40,58,7,6,8,8,7,9,8,54,7,7,7,39,31,16,23,9,32,13,9,10,6,19,33,7,40,38,7,7,8,4,11,12,6,45,4,13,7,6,7,48,9,19,120,11,6,10,13,5,14,7,5,8,8,6,8,7,29,8,20,17,10,9,6,8,6,8,5,10,7,6,9,9,7,10,21,8,14,6,8,6,31,9,6,4,11,46,7,5,6,20,6,17,7,13,14,10,10,8,7,24,66,14,9,6,36,9,10,7,21,8,7,7,64,6,14,7,6,6,7,45,4,9,7,4,21,10,5,5,9,28,10,6,9,6,8,21,10,19,15,6,8,49,7,6,26,18,8,19,5,6,14,7,39,6,2,2,2,2,2,2,2,2,2,2,3,3,3,3,3,3,3,3,3,3,12,13,10,10,12,14,12,13,11,11,11,12,12,13,13,12,13,13,11,10,23,21,17,18,18,20,23,21,17,18
NEWT_T2,BatchC,2,3287,2857,2896,3116,16249,2954,7195,12678,3012,2605,12805,11727,7155,20029,3215,2729,2773,2919,3145,2953,13693,11018,3305,7719,5255,16822,3085,14117,2879,9361,3488,2936,2817,4564,2830,3139,3217,8229,2920,3240,3232,3003,2899,2866,2687,3280,19620,3036,32344,17690,2839,3225,2649,3245,2860,2913,15900,6419,9740,3133,2935,3136,2997,21503,3328,3002,2992,11860,2939,2776,2812,8001,3134,3064,3131,3040,2702,15723,3246,22038,3224,2950,2893,9832,2537,3293,3063,2536,21900,3071,3029,2868,3224,3090,10259,15936,8489,2546,2896,2735,2750,3213,2853,4417,2755,2796,2847,2831,2773,2775,3036,3358,3000,5317,3311,2786,2781,2954,6735,14726,2860,2739,2932,3346,2758,3227,3405,2909,13368,2805,3343,2788,21400,2993,2700,7620,3365,3179,3256,14277,3200,2564,2200,3036,3021,2806,11855,2773,2948,2848,2830,11171,2566,2830,4271,3302,3116,37733,2778,19291,2940,7195,16007,10157,3070,2801,23244,18207,2904,25819,2965,3297,2948,2517,7577,11960,3073,3176,2945,3056,15083,9182,3139,3485,2984,3280,13236,2746,14146,2990,12237,2802,2819,9526,2682,3992,3353,22799,2907,2699,150,678,168,158,91,161,440,109,135,151,192,107,391,136,155,586,157,219,167,128,131,159,470,1706,116,129,1008,206,136,1316,108,141,173,185,145,127,92,384,106,466,123,1010,116,402,827,117,127,756,284,106,133,173,196,131,128,168,149,144,152,101,311,114,470,790,860,706,173,609,138,145,343,140,162,2313,857,184,134,167,188,140,188,103,195,156,124,145,157,154,504,159,136,144,239,89,153,139,626,644,117,852,209,115,149,114,126,109,168,309,158,230,175,564,1535,160,171,114,157,500,193,107,191,689,190,178,187,161,122,722,209,139,223,189,148,115,204,354,737,119,209,559,84,1929,166,149,189,680,130,158,565,199,143,172,154,468,153,158,170,770,143,329,133,568,177,1348,128,203,126,1030,137,164,159,813,588,211,172,1077,833,113,465,141,414,211,681,220,107,507,156,787,159,477,359,132,139,168,650,135,180,174,381,116,117,117,158,223,155,532,913,187,102,117,116,92,423,722,147,140,237,208,118,197,642,135,148,96,129,150,568,217,1992,143,131,178,157,99,199,864,158,404,128,167,116,152,144,192,146,93,194,158,186,152,148,149,1460,256,135,159,223,248,238,123,142,156,699,374,129,567,121,181,193,112,173,126,146,143,205,129,172,108,140,749,598,191,162,527,551,138,130,186,296,144,1095,640,145,418,124,142,247,417,96,88,37,8,23,14,3,5,13,54,16,8,4,7,8,37,11,8,24,7,11,11,14,6,9,26,11,30,12,13,14,11,7,23,8,6,23,8,5,12,7,22,11,22,37,7,38,40,9,6,9,8,9,8,8,63,9,8,6,44,41,19,20,8,36,10,10,8,8,16,42,8,25,49,8,7,8,5,8,8,6,35,4,13,6,6,10,44,8,29,176,9,6,9,11,5,11,8,6,9,6,6,8,7,26,6,17,21,9,8,5,7,6,7,5,8,6,5,11,9,7,11,19,9,17,5,8,7,27,11,6,4,11,52,9,4,8,18,9,19,8,14,10,8,12,9,5,23,61,15,7,6,42,7,12,5,20,9,4,8,43,6,13,7,5,8,8,58,4,10,6,4,28,8,7,5,9,32,12,10,8,7,9,17,9,22,15,7,9,55,7,7,20,15,9,25,5,7,11,6,34,7,0,0,0,0,0,0,0,0,0,0,0,0,0,0,0,0,0,0,0,0,20,25,18,19,19,26,23,23,20,18,23,21,23,20,21,22,24,23,19,17,22,21,18,17,20,22,24,23,21,19
PURVIS_T2,BatchC,2,3183,2836,2816,3165,15647,2775,6642,12434,3167,2749,14578,11896,7261,19396,2977,2454,3138,3044,2951,2965,13722,11136,3130,6895,5630,15587,3056,13482,3098,9609,3287,3091,2855,4849,3208,2970,3380,8381,2938,3280,3080,3105,2815,3408,3458,3146,18014,3294,37137,15742,3095,2871,2831,3161,3200,2965,19136,6114,10379,3141,2599,2940,3126,19852,3243,3219,3092,12821,3202,3137,2944,7191,3106,3097,3110,3018,3157,15317,3262,19231,2962,2742,2894,9913,2706,2866,2831,3275,22252,2833,3286,3114,3322,2710,9659,17610,8265,2856,3264,2877,3383,3322,2770,4383,2855,2935,2833,2848,3315,2611,3296,3149,2921,5215,2750,2678,2786,3342,6979,14526,2911,3008,3171,3096,3052,3197,3037,2713,13385,2720,2795,2666,21547,2855,2746,7789,2940,3304,3454,14985,2877,3067,2649,3062,2946,3027,11563,3025,3639,3042,2914,12038,2854,3147,4190,3221,3171,35818,3026,19689,2798,8132,14731,10129,3118,2846,25328,17424,2939,27149,2617,3061,3120,2947,7436,12367,3720,3177,2749,2998,15085,8028,2722,3517,3135,3369,13630,2824,13795,3032,12107,3426,2869,8960,2909,4509,3360,26724,3115,2972,163,645,156,139,113,152,377,109,137,151,152,112,449,131,148,629,151,181,182,124,163,162,648,1312,172,186,1491,215,123,1313,100,138,135,189,139,136,92,336,129,520,120,1105,107,338,908,112,121,985,307,105,138,191,212,130,135,172,142,142,133,83,302,168,566,756,767,829,155,555,135,119,315,179,154,2300,940,168,127,158,171,149,150,101,168,171,125,119,160,120,498,163,167,186,198,84,153,158,694,601,94,785,258,95,185,124,167,107,146,246,189,200,226,536,1574,157,173,117,155,557,186,103,170,721,240,179,202,181,117,870,156,114,220,186,136,125,147,384,866,174,176,570,86,1626,159,147,196,727,133,172,704,230,138,166,125,441,180,173,156,705,148,475,138,570,195,1628,150,140,114,1016,135,163,139,694,506,158,166,1000,1012,87,421,136,343,173,797,209,98,545,172,916,179,416,444,174,128,159,515,180,190,165,437,120,146,168,173,185,143,669,824,150,101,110,104,99,455,880,125,159,187,224,145,210,796,122,153,115,107,163,562,200,1705,167,113,176,143,95,168,731,120,351,118,162,141,155,160,178,163,106,192,124,216,159,138,143,1259,254,148,154,200,242,294,143,151,129,675,324,88,532,126,223,217,120,163,141,157,158,163,140,166,123,150,802,523,223,150,452,435,127,139,151,274,174,1020,634,125,461,160,195,299,407,104,110,33,10,23,13,3,7,12,39,14,8,5,8,7,33,9,8,28,6,8,11,13,6,10,45,12,26,13,10,13,13,5,20,7,8,22,8,6,10,7,23,13,27,33,7,34,48,6,6,9,9,8,8,10,53,6,8,6,39,33,15,20,9,33,15,8,11,7,15,34,7,38,41,9,5,9,4,11,12,6,40,4,14,7,5,7,39,10,23,152,14,5,9,11,4,9,7,7,9,8,4,9,5,21,6,22,16,10,8,4,10,7,11,5,9,7,5,10,8,6,10,22,7,15,6,9,7,26,9,6,4,11,45,7,5,6,18,7,17,9,16,10,9,14,7,7,20,58,14,9,7,37,9,10,6,20,9,7,8,61,8,11,9,6,7,7,59,5,7,7,3,29,8,6,5,9,30,19,8,9,8,10,16,9,24,14,7,9,49,5,7,23,13,9,17,5,7,13,6,37,8,0,0,0,0,0,0,0,0,0,0,1,1,0,1,1,0,0,1,0,0,4,4,3,3,4,4,4,4,4,4,4,4,4,4,4,5,4,5,3,3,23,22,20,16,19,24,24,20,19,18
TROY_T2,BatchC,2,2823,2827,3091,2747,16281,2734,6181,13504,2994,2687,13258,11923,5992,20866,3291,2563,3046,2796,3223,2880,13757,11523,3198,7405,6150,15491,3030,13896,2828,8719,3284,3312,2733,5065,3238,3216,3357,8342,2599,3109,3033,3208,2708,2937,3114,3102,19770,2649,31765,16167,2878,3242,2654,3083,2794,3165,17030,6413,9712,3235,2706,2932,2889,19287,3038,3326,2930,12484,3428,2836,3273,6792,2808,2726,3090,3047,3079,14934,3387,20650,3249,3355,3051,8966,2513,3334,3151,3118,24685,3166,2724,2567,2886,3216,9943,15399,8823,2882,2945,2693,2740,3044,2857,4977,2607,3064,2809,2851,3137,2549,3005,2890,2678,5098,3036,2917,3155,2962,6518,14401,2846,2918,3125,3155,3209,3163,3379,2818,11829,2703,3042,2665,22406,2786,2739,8288,2993,3076,3117,13120,3134,3061,2438,3002,3110,2853,10550,3153,2693,3057,2893,11915,2855,2922,3979,3135,2733,37537,2983,18355,2729,7175,16623,10220,3205,3027,27589,20369,3162,26379,3045,3224,2795,2743,7303,12046,2806,2949,2738,3019,17717,10224,2931,2850,2992,3386,14949,2602,15019,3158,12133,2771,3060,9340,2994,4464,2754,22453,2771,2901,183,663,170,175,86,172,328,105,126,136,189,105,471,133,128,563,181,201,158,145,140,162,400,1668,155,170,1172,210,127,1210,109,124,146,162,142,122,108,398,111,574,126,1157,102,311,698,106,105,871,257,129,163,139,215,126,153,198,152,143,150,109,376,158,517,811,839,785,173,640,125,147,312,159,146,2030,1109,152,115,174,199,146,172,115,170,127,90,116,148,180,467,146,153,157,168,114,133,155,721,625,86,909,177,111,171,127,135,139,151,377,183,234,178,626,1655,147,180,151,153,475,173,114,185,778,195,176,209,150,114,805,192,130,235,215,141,122,141,337,708,162,201,530,101,1579,144,174,186,877,123,179,665,190,149,170,142,448,182,161,168,730,139,426,131,597,171,1485,152,181,130,1066,153,200,147,833,502,182,158,1131,1107,103,403,152,347,194,719,206,104,569,166,922,144,512,379,156,125,154,653,182,177,160,407,113,145,156,174,218,158,577,842,191,90,132,101,96,421,794,170,166,171,187,153,177,816,115,131,114,117,160,542,195,1518,151,112,139,134,100,157,771,136,432,123,158,132,156,153,191,131,107,203,142,167,167,129,172,1346,217,154,129,179,260,284,154,170,139,713,340,120,453,138,204,189,122,184,128,133,142,188,150,147,115,159,975,562,188,149,556,418,142,118,145,324,156,976,649,136,458,126,155,264,421,91,100,33,8,19,13,3,6,13,58,16,9,5,6,8,42,9,6,27,6,10,10,13,6,10,38,11,37,10,10,13,11,7,27,6,9,17,9,6,11,8,20,12,23,31,7,39,43,9,6,9,9,11,9,10,63,6,5,6,42,33,13,24,8,48,10,10,6,7,15,46,9,36,49,7,6,8,4,13,10,7,39,4,12,7,5,10,36,8,19,130,11,4,8,12,4,10,6,5,7,8,5,8,7,22,6,24,25,9,7,6,7,6,8,5,9,6,7,10,8,6,9,23,7,17,6,7,7,39,11,5,4,8,43,6,6,6,16,8,15,8,12,12,7,12,9,8,24,63,14,7,7,36,7,12,7,21,9,6,8,64,8,12,9,6,7,7,60,5,9,6,4,23,8,6,4,9,35,12,9,7,8,7,18,11,26,17,6,9,49,9,8,21,22,12,32,6,5,13,6,39,6,0,0,0,0,0,0,0,0,0,0,0,0,0,0,0,0,0,0,0,0,8,8,6,6,7,9,8,8,7,7,8,7,8,8,8,8,8,8,7,6,22,21,19,18,20,22,23,21,20,18
VRIESS_T2,BatchC,2,2815,3219,3205,2914,16556,2780,6404,11816,3040,3058,13645,11381,7088,20516,3210,3086,3040,3166,3084,3066,14115,11168,3433,7207,5680,16311,2995,14201,3088,8155,2975,2768,3043,4963,3142,3270,2963,7974,2924,2893,2878,3202,2738,2974,2875,2829,20708,3284,33926,16443,2926,3054,2514,3251,2982,2562,16344,6490,10548,3077,2691,3048,3148,18837,3324,2790,2761,13388,3248,2701,2647,6877,2709,3347,3189,3049,2858,15784,3072,18900,3128,2668,2800,10007,2949,2953,2754,2619,24964,3224,3386,3348,2661,2781,9986,17272,7917,2730,3290,2858,3059,3084,3017,4334,2611,3226,2815,2976,2990,2930,3041,3299,2756,5636,3098,2743,2916,3087,6823,12021,2978,2922,2887,3051,2997,3334,3189,2823,11213,2832,3103,2757,25103,3105,2485,7717,3056,3111,3416,13492,3191,2831,2613,3064,2821,3027,11846,2622,2978,3089,3058,11205,2553,2910,4104,3266,2683,33523,2969,19322,2875,9061,15166,9647,3136,2831,24765,19314,2929,29551,2730,3199,2631,2782,7774,12883,2940,3181,3016,2919,14930,9669,3026,2877,3240,3294,15316,2798,14693,3088,12226,3251,3085,10822,2934,3796,3215,21074,2898,3082,168,747,138,155,83,149,431,103,117,143,154,100,369,136,132,531,170,189,139,153,122,153,451,1454,167,144,1193,196,123,1162,119,126,119,168,122,137,97,401,153,490,116,1153,102,359,738,100,128,891,263,110,112,143,241,130,170,183,160,139,151,100,326,114,448,711,937,692,123,653,147,159,376,193,124,2312,798,178,113,166,171,180,154,92,165,152,139,127,157,141,398,142,132,158,215,85,162,162,637,736,121,985,201,101,154,148,155,120,134,329,186,192,189,467,1584,162,200,127,158,527,156,107,150,792,195,175,218,152,101,787,200,129,194,163,146,126,149,299,923,163,192,532,93,1790,149,168,193,692,149,180,728,202,177,179,126,628,205,164,134,821,153,384,131,473,201,1735,140,202,136,1074,130,175,159,941,499,185,155,866,816,102,469,133,406,191,745,208,115,653,146,857,175,460,477,141,165,142,626,140,165,174,433,133,147,142,133,213,160,491,1053,164,108,136,116,107,410,815,122,165,191,195,149,191,627,112,128,108,130,132,483,206,1334,148,111,165,155,98,194,1055,110,415,162,150,142,162,167,176,130,102,194,122,174,176,144,170,1314,223,141,186,153,193,241,128,142,133,696,328,117,495,165,206,159,139,150,152,129,122,171,121,221,123,142,838,460,191,184,546,564,145,129,144,329,183,996,574,154,489,140,176,238,406,84,101,35,9,20,15,3,8,14,52,14,8,5,6,8,31,8,9,24,6,10,11,13,6,11,29,10,29,12,12,11,10,9,21,6,9,22,8,6,9,7,24,14,23,29,6,43,45,8,5,9,9,8,8,8,43,7,7,5,44,32,17,23,9,34,14,10,9,6,16,36,9,30,54,8,6,8,4,13,9,7,35,4,14,7,6,8,39,10,27,151,12,5,8,12,5,12,6,7,10,9,5,10,5,27,6,23,14,8,7,4,10,5,9,5,9,6,5,8,8,7,11,19,9,18,5,9,7,24,11,5,3,10,53,7,5,7,21,6,15,8,12,12,8,14,9,6,19,85,13,8,8,46,7,13,6,23,8,7,9,63,7,14,8,7,7,9,68,5,7,6,4,29,9,5,6,10,34,15,8,8,8,9,15,9,26,16,7,7,54,6,6,25,17,8,27,7,6,13,8,34,5,0,0,0,0,0,0,0,0,0,0,0,0,0,0,0,0,0,0,0,0,22,25,16,19,20,24,25,23,19,19,21,24,23,22,21,21,23,24,18,19,24,20,17,17,23,20,24,22,20,18
WILLIAMSON_T2,BatchC,2,3023,2911,2853,3091,14820,3015,7175,13024,3210,3132,13213,12402,5991,19966,3323,3029,3008,2892,2906,2976,14467,10590,2910,7055,5775,15072,3130,15218,3290,9364,3191,2949,3314,5067,2920,3142,2897,7901,3009,3188,3012,2910,2875,2862,3087,2919,20569,2777,30399,17882,3311,2945,2581,2934,2764,2795,18008,6358,9966,2932,2605,2902,3036,19159,2767,3077,3007,13356,3161,2919,2757,6676,3185,3004,2944,2992,2960,14931,3082,21561,2865,2913,3034,9351,2625,3068,3381,3440,24804,3077,2990,2746,3064,2762,10275,17747,9403,2679,2789,3041,3176,3107,2738,4872,2867,2993,2822,3072,2756,2554,2929,3341,2843,5210,3059,3172,2835,2985,6478,14677,3024,2873,3126,3413,2876,3070,3342,2995,12814,2786,3039,2595,22417,3184,2665,8443,3129,2903,3334,13865,2893,2842,2330,3081,2574,2832,10657,2864,2862,2777,3082,11566,2718,2777,3805,3114,2997,37316,3144,16778,2906,7326,16016,9575,3163,3062,26177,18295,2738,28341,2901,3228,2892,2697,7061,13028,3224,3250,3094,2921,15585,9210,2729,3042,2971,3135,14854,2685,14968,3442,12104,2688,3195,10828,2596,4022,3256,22821,2979,2998,170,677,135,176,105,161,396,125,121,133,168,131,377,134,154,630,140,204,157,115,143,152,516,1357,191,181,1345,194,136,1215,127,125,153,185,113,157,87,430,122,542,124,971,107,376,807,135,123,1058,277,114,122,159,199,125,145,206,137,135,136,102,288,133,533,718,789,770,166,607,150,177,347,146,186,2253,999,174,121,159,196,151,139,92,179,161,116,134,116,157,454,163,142,159,233,86,145,147,654,746,90,938,210,121,212,136,124,126,132,346,173,210,181,574,1306,175,200,120,143,506,212,112,187,751,136,185,236,136,128,699,190,126,189,163,131,113,185,349,907,174,162,575,88,1636,149,158,185,793,122,174,709,198,146,150,136,444,185,156,145,850,126,435,144,555,198,1383,143,216,146,985,157,195,148,807,584,156,151,907,978,86,528,122,422,182,765,194,107,552,201,844,144,446,489,158,160,206,682,142,162,171,397,121,152,185,192,155,168,466,804,180,79,107,108,91,411,746,161,157,174,185,132,182,586,117,117,113,119,142,548,189,1452,161,111,145,148,105,174,938,127,413,131,159,139,168,173,230,127,122,205,128,189,142,154,158,1281,180,161,164,201,265,250,158,134,117,657,319,103,707,155,235,159,107,150,168,135,159,154,137,195,106,134,770,584,177,144,502,481,138,152,177,282,151,1382,529,136,492,179,177,271,408,105,103,33,9,25,14,3,6,12,52,16,9,5,8,9,35,8,9,27,6,9,11,14,6,11,32,11,33,12,9,17,13,7,25,6,9,19,10,7,10,7,25,15,23,34,7,36,43,7,6,9,9,8,6,8,64,6,7,6,43,36,15,17,9,36,10,12,9,8,16,33,7,30,50,8,7,7,5,10,9,7,48,4,11,6,6,9,37,8,25,128,12,5,7,9,4,12,8,6,8,10,5,6,6,28,7,26,19,8,9,5,10,6,8,6,7,5,5,8,6,7,10,19,10,16,7,8,6,34,10,7,4,11,40,8,4,7,20,6,15,8,12,14,7,15,8,6,23,67,13,7,6,36,7,11,6,23,8,7,7,56,7,12,8,6,6,7,53,4,7,7,4,27,7,6,7,9,32,14,8,8,6,9,16,9,25,14,7,7,58,7,7,23,16,9,20,6,5,12,6,35,7,0,0,0,0,0,0,0,0,0,0,0,0,0,0,0,0,0,0,0,0,46,49,38,42,46,50,51,48,43,43,48,44,49,48,47,46,47,50,40,36,21,21,18,17,22,21,25,21,19,18
ANDREWS_T2,BatchC,2,2823,2827,3091,2747,16281,2734,6181,13504,2994,2687,13258,11923,5992,20866,3291,2563,3046,2796,3223,2880,13757,11523,3198,7405,6150,15491,3030,13896,2828,8719,3284,3312,2733,5065,3238,3216,3357,8342,2599,3109,3033,3208,2708,2937,3114,3102,19770,2649,31765,16167,2878,3242,2654,3083,2794,3165,17030,6413,9712,3235,2706,2932,2889,19287,3038,3326,2930,12484,3428,2836,3273,6792,2808,2726,3090,3047,3079,14934,3387,20650,3249,3355,3051,8966,2513,3334,3151,3118,24685,3166,2724,2567,2886,3216,9943,15399,8823,2882,2945,2693,2740,3044,2857,4977,2607,3064,2809,2851,3137,2549,3005,2890,2678,5098,3036,2917,3155,2962,6518,14401,2846,2918,3125,3155,3209,3163,3379,2818,11829,2703,3042,2665,22406,2786,2739,8288,2993,3076,3117,13120,3134,3061,2438,3002,3110,2853,10550,3153,2693,3057,2893,11915,2855,2922,3979,3135,2733,37537,2983,18355,2729,7175,16623,10220,3205,3027,27589,20369,3162,26379,3045,3224,2795,2743,7303,12046,2806,2949,2738,3019,17717,10224,2931,2850,2992,3386,14949,2602,15019,3158,12133,2771,3060,9340,2994,4464,2754,22453,2771,2901,183,663,170,175,86,172,328,105,126,136,189,105,471,133,128,563,181,201,158,145,140,162,400,1668,155,170,1172,210,127,1210,109,124,146,162,142,122,108,398,111,574,126,1157,102,311,698,106,105,871,257,129,163,139,215,126,153,198,152,143,150,109,376,158,517,811,839,785,173,640,125,147,312,159,146,2030,1109,152,115,174,199,146,172,115,170,127,90,116,148,180,467,146,153,157,168,114,133,155,721,625,86,909,177,111,171,127,135,139,151,377,183,234,178,626,1655,147,180,151,153,475,173,114,185,778,195,176,209,150,114,805,192,130,235,215,141,122,141,337,708,162,201,530,101,1579,144,174,186,877,123,179,665,190,149,170,142,448,182,161,168,730,139,426,131,597,171,1485,152,181,130,1066,153,200,147,833,502,182,158,1131,1107,103,403,152,347,194,719,206,104,569,166,922,144,512,379,156,125,154,653,182,177,160,407,113,145,156,174,218,158,577,842,191,90,132,101,96,421,794,170,166,171,187,153,177,816,115,131,114,117,160,542,195,1518,151,112,139,134,100,157,771,136,432,123,158,132,156,153,191,131,107,203,142,167,167,129,172,1346,217,154,129,179,260,284,154,170,139,713,340,120,453,138,204,189,122,184,128,133,142,188,150,147,115,159,975,562,188,149,556,418,142,118,145,324,156,976,649,136,458,126,155,264,421,91,100,33,8,19,13,3,6,13,58,16,9,5,6,8,42,9,6,27,6,10,10,13,6,10,38,11,37,10,10,13,11,7,27,6,9,17,9,6,11,8,20,12,23,31,7,39,43,9,6,9,9,11,9,10,63,6,5,6,42,33,13,24,8,48,10,10,6,7,15,46,9,36,49,7,6,8,4,13,10,7,39,4,12,7,5,10,36,8,19,130,11,4,8,12,4,10,6,5,7,8,5,8,7,22,6,24,25,9,7,6,7,6,8,5,9,6,7,10,8,6,9,23,7,17,6,7,7,39,11,5,4,8,43,6,6,6,16,8,15,8,12,12,7,12,9,8,24,63,14,7,7,36,7,12,7,21,9,6,8,64,8,12,9,6,7,7,60,5,9,6,4,23,8,6,4,9,35,12,9,7,8,7,18,11,26,17,6,9,49,9,8,21,22,12,32,6,5,13,6,39,6,0,0,0,0,0,0,0,0,0,0,0,0,0,0,0,0,0,0,0,0,8,8,6,6,7,9,8,8,7,7,8,7,8,8,8,8,8,8,7,6,22,21,19,18,20,22,23,21,20,18
GREGOR_T2,BatchC,2,2815,3219,3205,2914,16556,2780,6404,11816,3040,3058,13645,11381,7088,20516,3210,3086,3040,3166,3084,3066,14115,11168,3433,7207,5680,16311,2995,14201,3088,8155,2975,2768,3043,4963,3142,3270,2963,7974,2924,2893,2878,3202,2738,2974,2875,2829,20708,3284,33926,16443,2926,3054,2514,3251,2982,2562,16344,6490,10548,3077,2691,3048,3148,18837,3324,2790,2761,13388,3248,2701,2647,6877,2709,3347,3189,3049,2858,15784,3072,18900,3128,2668,2800,10007,2949,2953,2754,2619,24964,3224,3386,3348,2661,2781,9986,17272,7917,2730,3290,2858,3059,3084,3017,4334,2611,3226,2815,2976,2990,2930,3041,3299,2756,5636,3098,2743,2916,3087,6823,12021,2978,2922,2887,3051,2997,3334,3189,2823,11213,2832,3103,2757,25103,3105,2485,7717,3056,3111,3416,13492,3191,2831,2613,3064,2821,3027,11846,2622,2978,3089,3058,11205,2553,2910,4104,3266,2683,33523,2969,19322,2875,9061,15166,9647,3136,2831,24765,19314,2929,29551,2730,3199,2631,2782,7774,12883,2940,3181,3016,2919,14930,9669,3026,2877,3240,3294,15316,2798,14693,3088,12226,3251,3085,10822,2934,3796,3215,21074,2898,3082,168,747,138,155,83,149,431,103,117,143,154,100,369,136,132,531,170,189,139,153,122,153,451,1454,167,144,1193,196,123,1162,119,126,119,168,122,137,97,401,153,490,116,1153,102,359,738,100,128,891,263,110,112,143,241,130,170,183,160,139,151,100,326,114,448,711,937,692,123,653,147,159,376,193,124,2312,798,178,113,166,171,180,154,92,165,152,139,127,157,141,398,142,132,158,215,85,162,162,637,736,121,985,201,101,154,148,155,120,134,329,186,192,189,467,1584,162,200,127,158,527,156,107,150,792,195,175,218,152,101,787,200,129,194,163,146,126,149,299,923,163,192,532,93,1790,149,168,193,692,149,180,728,202,177,179,126,628,205,164,134,821,153,384,131,473,201,1735,140,202,136,1074,130,175,159,941,499,185,155,866,816,102,469,133,406,191,745,208,115,653,146,857,175,460,477,141,165,142,626,140,165,174,433,133,147,142,133,213,160,491,1053,164,108,136,116,107,410,815,122,165,191,195,149,191,627,112,128,108,130,132,483,206,1334,148,111,165,155,98,194,1055,110,415,162,150,142,162,167,176,130,102,194,122,174,176,144,170,1314,223,141,186,153,193,241,128,142,133,696,328,117,495,165,206,159,139,150,152,129,122,171,121,221,123,142,838,460,191,184,546,564,145,129,144,329,183,996,574,154,489,140,176,238,406,84,101,35,9,20,15,3,8,14,52,14,8,5,6,8,31,8,9,24,6,10,11,13,6,11,29,10,29,12,12,11,10,9,21,6,9,22,8,6,9,7,24,14,23,29,6,43,45,8,5,9,9,8,8,8,43,7,7,5,44,32,17,23,9,34,14,10,9,6,16,36,9,30,54,8,6,8,4,13,9,7,35,4,14,7,6,8,39,10,27,151,12,5,8,12,5,12,6,7,10,9,5,10,5,27,6,23,14,8,7,4,10,5,9,5,9,6,5,8,8,7,11,19,9,18,5,9,7,24,11,5,3,10,53,7,5,7,21,6,15,8,12,12,8,14,9,6,19,85,13,8,8,46,7,13,6,23,8,7,9,63,7,14,8,7,7,9,68,5,7,6,4,29,9,5,6,10,34,15,8,8,8,9,15,9,26,16,7,7,54,6,6,25,17,8,27,7,6,13,8,34,5,0,0,0,0,0,0,0,0,0,0,0,0,0,0,0,0,0,0,0,0,22,25,16,19,20,24,25,23,19,19,21,24,23,22,21,21,23,24,18,19,24,20,17,17,23,20,24,22,20,18
GOLIC_T2,BatchC,2,3023,2911,2853,3091,14820,3015,7175,13024,3210,3132,13213,12402,5991,19966,3323,3029,3008,2892,2906,2976,14467,10590,2910,7055,5775,15072,3130,15218,3290,9364,3191,2949,3314,5067,2920,3142,2897,7901,3009,3188,3012,2910,2875,2862,3087,2919,20569,2777,30399,17882,3311,2945,2581,2934,2764,2795,18008,6358,9966,2932,2605,2902,3036,19159,2767,3077,3007,13356,3161,2919,2757,6676,3185,3004,2944,2992,2960,14931,3082,21561,2865,2913,3034,9351,2625,3068,3381,3440,24804,3077,2990,2746,3064,2762,10275,17747,9403,2679,2789,3041,3176,3107,2738,4872,2867,2993,2822,3072,2756,2554,2929,3341,2843,5210,3059,3172,2835,2985,6478,14677,3024,2873,3126,3413,2876,3070,3342,2995,12814,2786,3039,2595,22417,3184,2665,8443,3129,2903,3334,13865,2893,2842,2330,3081,2574,2832,10657,2864,2862,2777,3082,11566,2718,2777,3805,3114,2997,37316,3144,16778,2906,7326,16016,9575,3163,3062,26177,18295,2738,28341,2901,3228,2892,2697,7061,13028,3224,3250,3094,2921,15585,9210,2729,3042,2971,3135,14854,2685,14968,3442,12104,2688,3195,10828,2596,4022,3256,22821,2979,2998,170,677,135,176,105,161,396,125,121,133,168,131,377,134,154,630,140,204,157,115,143,152,516,1357,191,181,1345,194,136,1215,127,125,153,185,113,157,87,430,122,542,124,971,107,376,807,135,123,1058,277,114,122,159,199,125,145,206,137,135,136,102,288,133,533,718,789,770,166,607,150,177,347,146,186,2253,999,174,121,159,196,151,139,92,179,161,116,134,116,157,454,163,142,159,233,86,145,147,654,746,90,938,210,121,212,136,124,126,132,346,173,210,181,574,1306,175,200,120,143,506,212,112,187,751,136,185,236,136,128,699,190,126,189,163,131,113,185,349,907,174,162,575,88,1636,149,158,185,793,122,174,709,198,146,150,136,444,185,156,145,850,126,435,144,555,198,1383,143,216,146,985,157,195,148,807,584,156,151,907,978,86,528,122,422,182,765,194,107,552,201,844,144,446,489,158,160,206,682,142,162,171,397,121,152,185,192,155,168,466,804,180,79,107,108,91,411,746,161,157,174,185,132,182,586,117,117,113,119,142,548,189,1452,161,111,145,148,105,174,938,127,413,131,159,139,168,173,230,127,122,205,128,189,142,154,158,1281,180,161,164,201,265,250,158,134,117,657,319,103,707,155,235,159,107,150,168,135,159,154,137,195,106,134,770,584,177,144,502,481,138,152,177,282,151,1382,529,136,492,179,177,271,408,105,103,33,9,25,14,3,6,12,52,16,9,5,8,9,35,8,9,27,6,9,11,14,6,11,32,11,33,12,9,17,13,7,25,6,9,19,10,7,10,7,25,15,23,34,7,36,43,7,6,9,9,8,6,8,64,6,7,6,43,36,15,17,9,36,10,12,9,8,16,33,7,30,50,8,7,7,5,10,9,7,48,4,11,6,6,9,37,8,25,128,12,5,7,9,4,12,8,6,8,10,5,6,6,28,7,26,19,8,9,5,10,6,8,6,7,5,5,8,6,7,10,19,10,16,7,8,6,34,10,7,4,11,40,8,4,7,20,6,15,8,12,14,7,15,8,6,23,67,13,7,6,36,7,11,6,23,8,7,7,56,7,12,8,6,6,7,53,4,7,7,4,27,7,6,7,9,32,14,8,8,6,9,16,9,25,14,7,7,58,7,7,23,16,9,20,6,5,12,6,35,7,0,0,0,0,0,0,0,0,0,0,0,0,0,0,0,0,0,0,0,0,46,49,38,42,46,50,51,48,43,43,48,44,49,48,47,46,47,50,40,36,21,21,18,17,22,21,25,21,19,18
SKELL_T2,BatchC,2,3076,2581,3298,3023,15356,2912,7267,12846,3029,2519,12403,12959,6746,20399,2987,2896,3009,2857,3079,2792,13961,11598,3320,7118,4925,15199,2957,15151,2823,9432,3020,2905,3009,4278,3074,3294,2775,7710,3051,3248,3171,3017,2626,3138,3217,2746,19201,2735,33022,17442,2942,3114,2599,3250,2976,2938,17756,7121,10251,3254,2773,3070,2925,20543,3045,2730,3128,13693,3283,3018,2701,6790,3152,2942,2925,2969,3010,15030,3405,21605,3632,3176,2615,8888,2785,2714,3117,2922,22640,2910,2745,3104,2496,2894,10055,16270,8902,2804,3007,2808,2899,3296,3047,4184,2641,2960,2897,2987,3146,2816,2617,3114,2909,5534,2814,2524,3010,2764,7046,15263,2996,2742,3360,3138,3309,3014,3363,2854,12785,2831,2963,2813,23717,2819,2682,7949,2701,3038,3580,15175,3092,2783,2695,3229,2767,2879,10680,2586,3164,3237,2981,10555,2853,2914,4078,3180,3035,38556,2681,19154,2918,8074,18522,11458,3192,2611,28322,19657,3261,26757,3019,3173,2757,2900,8058,12461,3440,2954,2959,2906,15958,9709,2760,3396,3139,3328,15885,2768,14558,3137,11817,3041,2702,9406,2994,3879,2913,24143,3026,2916,186,533,127,170,94,142,404,122,134,123,140,114,358,122,136,666,171,152,150,118,130,160,551,1421,155,131,1281,196,139,1446,116,119,167,203,130,116,82,420,104,573,114,1103,101,294,765,127,139,827,266,145,178,160,245,113,165,152,156,121,126,113,281,178,541,798,812,760,141,576,173,121,331,136,161,2062,866,133,101,186,206,184,186,110,210,167,123,109,156,167,401,145,168,140,173,98,150,147,725,671,110,1096,214,109,190,155,170,141,148,311,192,231,224,515,1277,170,178,123,166,512,172,130,179,776,188,160,240,173,101,776,167,127,209,161,129,116,139,308,936,147,179,582,98,1538,155,161,179,769,121,170,663,203,138,182,133,412,186,164,132,572,114,429,151,525,181,1461,144,195,138,918,155,184,160,712,489,204,164,937,1237,95,485,140,385,195,704,222,102,464,190,876,167,474,438,143,118,143,604,148,178,146,319,114,151,143,170,203,157,441,720,171,100,106,102,118,407,635,131,167,184,198,179,203,618,127,128,121,146,149,547,220,1782,171,126,173,124,88,184,1088,130,498,122,173,143,156,163,200,136,108,190,120,169,156,144,172,1101,236,158,141,196,283,267,196,141,108,702,292,137,490,120,192,167,100,172,115,132,162,149,118,171,116,189,792,594,200,149,506,512,162,118,142,315,177,1203,587,130,501,182,187,292,395,111,119,27,10,21,14,3,7,12,46,16,9,5,7,8,28,12,10,24,6,10,12,13,7,14,33,11,37,11,10,14,12,7,28,7,9,25,8,7,9,6,20,15,23,36,7,38,38,9,5,11,8,9,11,7,60,7,7,6,39,37,19,18,9,33,13,9,9,7,14,47,8,29,39,7,5,9,5,11,13,7,39,4,12,5,5,9,39,9,19,122,12,5,7,12,6,11,6,8,10,9,5,8,5,25,8,25,18,11,8,5,10,7,9,5,7,7,5,11,9,7,12,18,7,13,6,6,5,25,11,6,3,11,50,8,4,7,20,7,15,6,13,13,9,11,7,6,23,63,16,8,7,36,7,11,6,20,7,7,8,52,6,12,8,7,5,7,64,5,8,8,4,34,7,5,6,9,34,14,10,8,6,9,13,10,28,15,6,8,55,6,7,19,18,11,19,6,5,12,6,39,8,0,0,0,0,0,0,0,0,0,0,0,0,0,0,0,0,0,0,0,0,133,160,115,125,126,157,133,149,125,130,145,136,164,138,131,141,153,151,118,109,20,21,19,17,18,23,24,22,18,20
PEREZ_T2,BatchC,2,2789,3000,3029,3049,17054,2784,7302,14341,2847,3164,13061,11273,6358,18282,3195,2863,3374,2847,3064,2890,13523,10684,3048,6864,5157,14872,3165,16302,3273,8515,3465,2869,2884,4835,2812,3324,3014,8500,3025,3020,2927,3156,3015,2918,2885,3028,17702,3162,28331,17008,3323,3017,2956,3026,2807,2718,16934,5937,9497,3164,3119,2875,3232,20218,3161,2883,3022,13205,3255,2650,2919,7500,2649,2905,3241,3313,3270,15632,3066,19673,3057,3290,3274,8521,2739,2783,2810,2973,23984,3392,2807,2944,2802,3074,9945,15652,9146,3119,3302,2646,2769,3235,2784,4414,2815,2924,2740,2443,3177,2747,3067,3130,2810,5174,3110,2966,2986,3152,6772,14809,3040,2884,3288,2831,3163,2925,3362,2699,13220,2893,3131,3008,22655,3277,2740,8088,2974,3232,3478,13732,3034,2788,2686,3130,2776,2639,11167,3010,3221,3312,2959,12513,2661,3037,4307,3265,3051,35519,3138,16564,2616,7984,15054,10946,2817,3015,23121,19982,2709,26765,2712,2991,2849,2842,7598,13211,3054,3040,2920,2906,15007,9465,2703,2937,3214,3364,13662,2647,14030,3471,12010,2914,2621,10294,2882,4117,3020,22834,3226,3145,168,604,148,203,92,143,352,120,125,145,226,130,435,123,144,516,180,197,188,133,143,150,446,1415,161,168,1177,269,125,1150,97,131,141,200,115,146,98,475,130,534,118,1025,105,329,768,135,132,981,299,130,130,148,174,130,162,171,174,125,148,107,341,132,512,660,680,738,164,650,121,149,389,126,154,1847,769,167,120,144,217,162,177,89,207,143,103,146,154,117,370,121,134,143,227,88,126,155,676,722,121,911,223,112,156,130,151,119,160,322,172,221,209,523,1423,179,169,145,162,530,179,112,154,724,202,179,198,158,118,704,208,163,193,163,131,121,145,348,928,188,152,535,93,1787,147,209,203,648,134,181,630,164,159,188,124,463,219,151,169,765,119,424,166,491,181,1635,152,198,121,1105,165,165,174,916,507,157,123,1041,1105,107,523,145,373,177,548,209,101,586,173,893,161,526,404,165,128,139,561,167,166,158,410,118,155,132,174,168,181,487,825,196,84,100,97,87,351,750,148,161,161,216,164,207,661,121,156,104,122,149,643,189,1626,169,143,164,176,90,178,1010,112,464,152,136,146,132,134,212,149,106,184,122,199,141,145,175,1260,242,159,120,178,276,230,146,146,119,856,436,132,599,133,227,163,114,175,134,132,138,165,132,149,120,168,809,577,200,183,573,505,138,119,147,262,167,994,530,126,503,139,166,211,440,92,118,33,8,25,13,4,6,16,58,16,9,5,8,7,35,8,9,28,6,9,11,18,8,9,33,11,28,13,10,16,13,6,25,8,8,22,7,6,10,10,23,13,25,34,7,40,58,7,6,8,8,7,9,8,54,7,7,7,39,31,16,23,9,32,13,9,10,6,19,33,7,40,38,7,7,8,4,11,12,6,45,4,13,7,6,7,48,9,19,120,11,6,10,13,5,14,7,5,8,8,6,8,7,29,8,20,17,10,9,6,8,6,8,5,10,7,6,9,9,7,10,21,8,14,6,8,6,31,9,6,4,11,46,7,5,6,20,6,17,7,13,14,10,10,8,7,24,66,14,9,6,36,9,10,7,21,8,7,7,64,6,14,7,6,6,7,45,4,9,7,4,21,10,5,5,9,28,10,6,9,6,8,21,10,19,15,6,8,49,7,6,26,18,8,19,5,6,14,7,39,6,2,2,2,2,2,2,2,2,2,2,3,3,3,3,3,3,3,3,3,3,12,13,10,10,12,14,12,13,11,11,11,12,12,13,13,12,13,13,11,10,23,21,17,18,18,20,23,21,17,18
