sample_id,batch,timepoint,HK_001,HK_002,HK_003,HK_004,HK_005,HK_006,HK_007,HK_008,HK_009,HK_010,HK_011,HK_012,HK_013,HK_014,HK_015,HK_016,HK_017,HK_018,HK_019,HK_020,HK_021,HK_022,HK_023,HK_024,HK_025,HK_026,HK_027,HK_028,HK_029,HK_030,HK_031,HK_032,HK_033,HK_034,HK_035,HK_036,HK_037,HK_038,HK_039,HK_040,HK_041,HK_042,HK_043,HK_044,HK_045,HK_046,HK_047,HK_048,HK_049,HK_050,HK_051,HK_052,HK_053,HK_054,HK_055,HK_056,HK_057,HK_058,HK_059,HK_060,HK_061,HK_062,HK_063,HK_064,HK_065,HK_066,HK_067,HK_068,HK_069,HK_070,HK_071,HK_072,HK_073,HK_074,HK_075,HK_076,HK_077,HK_078,HK_079,HK_080,HK_081,HK_082,HK_083,HK_084,HK_085,HK_086,HK_087,HK_088,HK_089,HK_090,HK_091,HK_092,HK_093,HK_094,HK_095,HK_096,HK_097,HK_098,HK_099,HK_100,HK_101,HK_102,HK_103,HK_104,HK_105,HK_106,HK_107,HK_108,HK_109,HK_110,HK_111,HK_112,HK_113,HK_114,HK_115,HK_116,HK_117,HK_118,HK_119,HK_120,HK_121,HK_122,HK_123,HK_124,HK_125,HK_126,HK_127,HK_128,HK_129,HK_130,HK_131,HK_132,HK_133,HK_134,HK_135,HK_136,HK_137,HK_138,HK_139,HK_140,HK_141,HK_142,HK_143,HK_144,HK_145,HK_146,HK_147,HK_148,HK_149,HK_150,HK_151,HK_152,HK_153,HK_154,HK_155,HK_156,HK_157,HK_158,HK_159,HK_160,HK_161,HK_162,HK_163,HK_164,HK_165,HK_166,HK_167,HK_168,HK_169,HK_170,HK_171,HK_172,HK_173,HK_174,HK_175,HK_176,HK_177,HK_178,HK_179,HK_180,HK_181,HK_182,HK_183,HK_184,HK_185,HK_186,HK_187,HK_188,HK_189,HK_190,HK_191,HK_192,HK_193,HK_194,HK_195,HK_196,HK_197,HK_198,HK_199,HK_200,IMM_001,IMM_002,IMM_003,IMM_004,IMM_005,IMM_006,IMM_007,IMM_008,IMM_009,IMM_010,IMM_011,IMM_012,IMM_013,IMM_014,IMM_015,IMM_016,IMM_017,IMM_018,IMM_019,IMM_020,IMM_021,IMM_022,IMM_023,IMM_024,IMM_025,IMM_026,IMM_027,IMM_028,IMM_029,IMM_030,IMM_031,IMM_032,IMM_033,IMM_034,IMM_035,IMM_036,IMM_037,IMM_038,IMM_039,IMM_040,IMM_041,IMM_042,IMM_043,IMM_044,IMM_045,IMM_046,IMM_047,IMM_048,IMM_049,IMM_050,IMM_051,IMM_052,IMM_053,IMM_054,IMM_055,IMM_056,IMM_057,IMM_058,IMM_059,IMM_060,IMM_061,IMM_062,IMM_063,IMM_064,IMM_065,IMM_066,IMM_067,IMM_068,IMM_069,IMM_070,IMM_071,IMM_072,IMM_073,IMM_074,IMM_075,IMM_076,IMM_077,IMM_078,IMM_079,IMM_080,IMM_081,IMM_082,IMM_083,IMM_084,IMM_085,IMM_086,IMM_087,IMM_088,IMM_089,IMM_090,IMM_091,IMM_092,IMM_093,IMM_094,IMM_095,IMM_096,IMM_097,IMM_098,IMM_099,IMM_100,IMM_101,IMM_102,IMM_103,IMM_104,IMM_105,IMM_106,IMM_107,IMM_108,IMM_109,IMM_110,IMM_111,IMM_112,IMM_113,IMM_114,IMM_115,IMM_116,IMM_117,IMM_118,IMM_119,IMM_120,IMM_121,IMM_122,IMM_123,IMM_124,IMM_125,IMM_126,IMM_127,IMM_128,IMM_129,IMM_130,IMM_131,IMM_132,IMM_133,IMM_134,IMM_135,IMM_136,IMM_137,IMM_138,IMM_139,IMM_140,IMM_141,IMM_142,IMM_143,IMM_144,IMM_145,IMM_146,IMM_147,IMM_148,IMM_149,IMM_150,IMM_151,IMM_152,IMM_153,IMM_154,IMM_155,IMM_156,IMM_157,IMM_158,IMM_159,IMM_160,IMM_161,IMM_162,IMM_163,IMM_164,IMM_165,IMM_166,IMM_167,IMM_168,IMM_169,IMM_170,IMM_171,IMM_172,IMM_173,IMM_174,IMM_175,IMM_176,IMM_177,IMM_178,IMM_179,IMM_180,IMM_181,IMM_182,IMM_183,IMM_184,IMM_185,IMM_186,IMM_187,IMM_188,IMM_189,IMM_190,IMM_191,IMM_192,IMM_193,IMM_194,IMM_195,IMM_196,IMM_197,IMM_198,IMM_199,IMM_200,IMM_201,IMM_202,IMM_203,IMM_204,IMM_205,IMM_206,IMM_207,IMM_208,IMM_209,IMM_210,IMM_211,IMM_212,IMM_213,IMM_214,IMM_215,IMM_216,IMM_217,IMM_218,IMM_219,IMM_220,IMM_221,IMM_222,IMM_223,IMM_224,IMM_225,IMM_226,IMM_227,IMM_228,IMM_229,IMM_230,IMM_231,IMM_232,IMM_233,IMM_234,IMM_235,IMM_236,IMM_237,IMM_238,IMM_239,IMM_240,IMM_241,IMM_242,IMM_243,IMM_244,IMM_245,IMM_246,IMM_247,IMM_248,IMM_249,IMM_250,IMM_251,IMM_252,IMM_253,IMM_254,IMM_255,IMM_256,IMM_257,IMM_258,IMM_259,IMM_260,IMM_261,IMM_262,IMM_263,IMM_264,IMM_265,IMM_266,IMM_267,IMM_268,IMM_269,IMM_270,IMM_271,IMM_272,IMM_273,IMM_274,IMM_275,IMM_276,IMM_277,IMM_278,IMM_279,IMM_280,IMM_281,IMM_282,IMM_283,IMM_284,IMM_285,IMM_286,IMM_287,IMM_288,IMM_289,IMM_290,IMM_291,IMM_292,IMM_293,IMM_294,IMM_295,IMM_296,IMM_297,IMM_298,IMM_299,IMM_300,LOW_001,LOW_002,LOW_003,LOW_004,LOW_005,LOW_006,LOW_007,LOW_008,LOW_009,LOW_010,LOW_011,LOW_012,LOW_013,LOW_014,LOW_015,LOW_016,LOW_017,LOW_018,LOW_019,LOW_020,LOW_021,LOW_022,LOW_023,LOW_024,LOW_025,LOW_026,LOW_027,LOW_028,LOW_029,LOW_030,LOW_031,LOW_032,LOW_033,LOW_034,LOW_035,LOW_036,LOW_037,LOW_038,LOW_039,LOW_040,LOW_041,LOW_042,LOW_043,LOW_044,LOW_045,LOW_046,LOW_047,LOW_048,LOW_049,LOW_050,LOW_051,LOW_052,LOW_053,LOW_054,LOW_055,LOW_056,LOW_057,LOW_058,LOW_059,LOW_060,LOW_061,LOW_062,LOW_063,LOW_064,LOW_065,LOW_066,LOW_067,LOW_068,LOW_069,LOW_070,LOW_071,LOW_072,LOW_073,LOW_074,LOW_075,LOW_076,LOW_077,LOW_078,LOW_079,LOW_080,LOW_081,LOW_082,LOW_083,LOW_084,LOW_085,LOW_086,LOW_087,LOW_088,LOW_089,LOW_090,LOW_091,LOW_092,LOW_093,LOW_094,LOW_095,LOW_096,LOW_097,LOW_098,LOW_099,LOW_100,LOW_101,LOW_102,LOW_103,LOW_104,LOW_105,LOW_106,LOW_107,LOW_108,LOW_109,LOW_110,LOW_111,LOW_112,LOW_113,LOW_114,LOW_115,LOW_116,LOW_117,LOW_118,LOW_119,LOW_120,LOW_121,LOW_122,LOW_123,LOW_124,LOW_125,LOW_126,LOW_127,LOW_128,LOW_129,LOW_130,LOW_131,LOW_132,LOW_133,LOW_134,LOW_135,LOW_136,LOW_137,LOW_138,LOW_139,LOW_140,LOW_141,LOW_142,LOW_143,LOW_144,LOW_145,LOW_146,LOW_147,LOW_148,LOW_149,LOW_150,LOW_151,LOW_152,LOW_153,LOW_154,LOW_155,LOW_156,LOW_157,LOW_158,LOW_159,LOW_160,LOW_161,LOW_162,LOW_163,LOW_164,LOW_165,LOW_166,LOW_167,LOW_168,LOW_169,LOW_170,LOW_171,LOW_172,LOW_173,LOW_174,LOW_175,LOW_176,LOW_177,LOW_178,LOW_179,LOW_180,LOW_181,LOW_182,LOW_183,LOW_184,LOW_185,LOW_186,LOW_187,LOW_188,LOW_189,LOW_190,LOW_191,LOW_192,LOW_193,LOW_194,LOW_195,LOW_196,LOW_197,LOW_198,LOW_199,LOW_200,HVAR_001,HVAR_002,HVAR_003,HVAR_004,HVAR_005,HVAR_006,HVAR_007,HVAR_008,HVAR_009,HVAR_010,HVAR_011,HVAR_012,HVAR_013,HVAR_014,HVAR_015,HVAR_016,HVAR_017,HVAR_018,HVAR_019,HVAR_020,HVAR_021,HVAR_022,HVAR_023,HVAR_024,HVAR_025,HVAR_026,HVAR_027,HVAR_028,HVAR_029,HVAR_030,HVAR_031,HVAR_032,HVAR_033,HVAR_034,HVAR_035,HVAR_036,HVAR_037,HVAR_038,HVAR_039,HVAR_040,HVAR_041,HVAR_042,HVAR_043,HVAR_044,HVAR_045,HVAR_046,HVAR_047,HVAR_048,HVAR_049,HVAR_050
JUDE_T1,BatchA,1,3232,2913,3156,3027,2733,2796,2939,2907,3089,2945,3212,3275,2781,2893,3074,3105,2958,2857,3188,2679,2893,2654,3175,2912,2829,3254,3071,2988,2794,2790,3099,2780,2780,2914,3267,3053,3409,2758,2604,3005,3048,3106,3063,2859,2908,2826,3290,3019,3032,3136,3005,3325,2383,3004,3121,2945,2944,3044,2839,2956,2903,3124,3021,2992,2950,2990,2760,3033,2961,2935,2705,2739,2628,2967,2974,2898,2960,3332,2824,2681,2926,3016,3001,3204,2925,3035,2890,2838,3220,2910,2979,3200,2886,2877,2634,2986,2776,3073,2983,2907,2519,3219,2893,2851,2788,2665,2682,2818,3135,2783,3023,3069,2872,2940,2828,3046,3038,2818,3250,2967,2961,3286,3306,2914,2786,2872,3547,2599,2833,2798,2752,2894,3013,3430,2948,2709,2845,2948,3757,3449,3003,3156,2648,2920,2984,3285,3140,2877,3088,2668,2804,2561,2428,3199,2897,3327,3172,3177,3006,2683,2672,2741,3444,2842,2589,3040,2968,2920,2883,3217,3053,3145,2898,2749,2835,2855,3305,3089,2931,3049,3023,2813,3016,2997,2697,3925,2965,2671,2883,2933,3356,2882,2893,3709,2777,3188,3022,2751,2930,3085,149,191,127,162,110,144,128,116,114,131,187,95,153,138,147,221,182,167,136,128,133,153,158,103,147,179,244,277,116,120,125,138,147,184,143,129,104,145,125,116,122,134,111,111,205,140,126,231,285,106,104,191,202,107,146,163,170,138,154,106,152,132,156,128,156,188,166,135,149,141,121,176,123,242,205,172,117,171,160,158,183,112,203,149,129,146,163,142,139,173,150,164,177,86,144,190,155,129,98,170,237,107,197,106,141,105,141,187,194,199,180,159,228,137,169,136,172,99,167,123,155,158,176,181,198,157,114,179,148,123,284,144,128,135,152,140,124,167,204,186,79,178,150,146,217,91,118,192,98,178,188,157,131,146,155,168,175,170,114,155,161,140,186,134,163,225,113,114,146,176,159,222,198,174,166,204,139,108,219,120,143,198,91,119,95,117,147,178,164,100,102,185,156,173,163,149,188,164,165,145,144,139,149,144,187,140,148,155,109,101,112,94,129,179,148,168,214,190,119,189,140,106,124,127,134,128,190,228,104,161,107,147,165,99,190,136,125,131,130,162,165,150,159,205,112,103,165,152,166,155,144,157,212,208,165,166,211,128,169,140,167,142,92,91,120,136,147,202,204,111,150,127,143,166,163,158,203,143,179,270,150,172,130,153,153,164,108,173,124,181,221,146,142,161,133,170,109,137,101,123,13,9,5,5,4,7,14,8,7,7,5,7,9,7,8,7,8,5,9,13,5,7,12,6,13,6,12,7,8,11,8,7,6,8,5,9,6,9,5,7,4,6,7,7,6,7,7,6,11,9,9,8,8,13,7,6,6,6,5,6,8,8,7,7,9,8,7,6,8,7,5,7,8,7,9,6,10,9,7,8,4,6,7,6,10,10,5,6,8,10,5,9,12,4,6,6,5,9,7,4,7,6,9,7,6,10,8,8,4,8,6,7,5,7,7,4,9,8,6,10,6,6,8,8,9,7,7,11,5,4,11,13,7,4,7,7,7,6,10,7,5,10,11,8,6,6,8,5,8,6,12,8,14,5,7,6,6,7,10,7,6,9,7,6,8,4,7,7,7,4,8,8,6,6,10,9,14,8,9,7,9,9,10,7,7,7,9,11,7,7,7,7,9,3,6,7,4,6,5,7,0,0,0,0,0,0,0,0,0,0,0,0,0,0,0,0,0,0,0,0,15,16,12,13,14,17,14,18,14,14,15,14,16,14,15,16,18,15,14,13,22,22,18,19,18,21,25,21,20,19
SABRA_T1,BatchA,1,2696,2376,3048,3246,2497,2838,3185,2855,3098,2829,3564,2932,2879,3377,3089,2984,3053,2841,3243,3094,3345,3002,3493,2678,3066,2901,3154,3272,3257,2993,3537,3242,2672,2855,3294,3130,3112,2409,3192,2529,3480,3309,3114,3041,2991,2700,2938,2968,3200,3206,3096,3121,2742,2757,2947,2615,3000,3268,2656,3377,2769,2928,2902,2922,3182,2917,2921,2852,2721,2962,2769,2820,2977,2990,3071,3050,3075,2922,3117,2902,3091,2881,3008,2836,2776,2635,2778,2964,3223,3488,3112,2973,2922,3083,2845,2869,2732,2655,3403,2782,2905,3126,2836,3010,3311,3210,3002,3282,3401,2362,3198,3069,2874,2766,2926,2805,3023,3282,3129,2748,2683,3083,3107,3308,3637,3077,3435,2855,2863,3048,3179,2965,3042,2836,2567,2692,3023,3156,2718,3350,3006,2732,2559,3141,3027,2677,3038,3208,3116,2945,2887,2797,2672,2909,3269,3179,3206,2948,2585,3001,2913,3133,2955,3016,3371,3122,3030,3094,3338,3261,3022,3122,2818,3002,2770,2959,3606,2796,3075,2933,3454,3090,3046,3225,2739,3316,2851,3229,2799,3268,3172,2982,2877,3413,2814,2951,3227,3148,2900,2734,174,193,145,158,92,111,136,121,109,124,194,120,149,144,144,186,183,188,179,122,162,151,151,106,140,142,250,255,105,120,101,109,166,201,128,104,97,151,129,134,104,150,104,119,224,125,106,230,269,141,129,203,188,130,144,181,161,136,132,131,153,182,149,131,160,136,177,156,120,152,124,141,129,226,196,172,105,116,209,143,197,86,193,176,94,138,178,143,120,147,136,141,215,89,136,138,146,138,101,186,190,96,187,150,154,152,164,215,179,165,171,168,206,172,188,129,145,127,165,106,163,110,199,169,202,157,106,143,122,121,185,134,121,109,179,105,118,146,170,148,101,164,145,159,190,99,132,199,106,162,159,169,160,163,197,172,154,140,127,118,139,165,171,143,122,199,127,125,168,163,153,193,170,171,199,230,163,100,173,106,146,202,103,113,114,134,125,166,171,110,87,130,140,174,175,177,207,166,156,112,125,149,203,135,126,178,126,165,100,97,128,97,123,182,150,140,171,181,160,164,170,142,133,114,115,130,157,213,105,170,126,158,136,104,151,138,134,129,112,160,132,181,171,237,142,114,163,138,149,195,138,148,242,207,149,187,167,138,185,143,162,113,116,103,110,114,128,191,156,119,162,139,120,150,183,141,181,119,159,315,177,180,147,164,176,128,116,170,124,161,197,186,166,146,166,188,97,140,96,117,9,12,7,4,4,6,14,7,7,7,6,7,8,7,8,8,11,5,9,11,6,6,13,8,10,7,9,8,8,12,9,6,7,8,4,8,6,11,4,5,5,7,9,7,8,8,8,6,9,9,9,8,7,12,6,7,6,6,6,8,7,8,8,6,13,7,7,7,9,10,6,6,8,6,9,5,12,11,6,9,4,7,8,5,11,11,7,6,6,12,6,7,12,4,6,6,5,10,7,4,9,7,11,5,6,9,12,7,4,8,5,8,6,8,5,5,8,6,6,9,6,8,7,6,8,7,8,9,6,4,11,14,9,5,6,6,6,7,9,8,4,10,11,8,7,8,9,4,7,7,10,7,9,6,7,10,6,8,11,7,5,7,5,7,7,4,5,8,8,3,9,8,7,6,11,9,12,11,6,7,7,9,10,6,6,7,10,10,7,6,8,7,11,4,5,7,4,5,6,7,0,0,0,0,0,0,0,0,0,0,0,0,0,0,0,0,0,0,0,0,384,448,293,338,331,416,371,402,331,344,396,386,421,370,374,361,409,379,325,322,20,22,18,17,20,23,23,21,20,19
JOHNER_T1,BatchA,1,3176,2883,2972,2959,2969,2764,3013,2929,2900,2926,3192,3116,2806,2822,2794,2754,3137,2958,3120,2941,2840,2792,2900,2740,3184,2666,3215,3046,2861,3364,3229,2997,2721,2724,3065,3357,3074,3124,3003,3044,3095,3280,2808,3100,2911,3145,3318,2807,2754,3066,2739,2920,2838,2860,3052,3009,3002,3388,2925,3072,2825,3266,3106,3152,3068,3429,3249,2868,3438,3013,2778,2711,2721,2806,3196,2958,2810,3133,3148,3178,3160,2952,2612,3016,2871,2837,2705,3078,2859,2823,3518,3133,2870,3261,2904,2984,2923,2634,2897,2834,2821,3189,3100,3009,2933,2850,2640,3151,2932,2394,3249,3033,2913,2812,2765,2922,2998,3375,3161,2992,3060,3235,3012,3093,3352,2994,3081,2577,3234,2872,2986,2754,3210,3174,2710,2926,3054,3261,3202,3350,2903,2669,2955,3135,2652,2848,2890,2838,3139,3144,2970,3136,2715,2893,3060,3209,3251,2946,3225,2891,3170,2804,3317,2709,3017,3010,2942,2944,2658,2802,3118,2781,3148,2858,2756,3334,3244,2962,2890,3049,3032,3170,2975,3137,2592,2955,2959,2947,3268,3097,2911,3084,2875,2991,2640,2968,3005,2876,2932,3161,141,183,138,150,101,135,143,127,126,140,171,117,145,147,153,164,155,173,157,149,148,185,133,122,134,148,270,199,135,123,109,146,154,175,134,98,112,148,132,127,144,160,107,108,248,127,134,262,282,125,127,155,243,115,132,175,169,125,136,95,127,169,153,155,172,173,125,151,148,142,123,186,146,229,182,152,133,122,215,163,144,113,184,167,125,128,165,167,127,135,140,150,226,95,137,156,165,129,94,158,229,112,163,135,134,127,145,195,157,219,191,175,226,150,158,149,142,133,173,155,193,149,161,159,202,211,112,147,109,122,234,169,112,111,127,94,114,172,186,178,103,181,108,195,191,82,136,147,109,203,176,148,128,164,186,164,144,130,127,151,135,172,159,127,143,250,122,116,164,172,127,178,182,209,156,256,159,100,187,129,164,222,139,135,140,122,155,164,157,99,104,149,149,161,175,155,160,162,182,159,136,151,183,162,180,124,141,154,93,99,99,92,123,183,146,146,195,189,135,198,160,128,126,114,125,131,167,203,116,181,105,192,133,122,161,131,138,140,148,214,186,179,147,195,139,117,181,114,167,153,191,171,240,233,169,165,177,118,163,164,159,120,105,92,117,129,133,226,203,108,155,153,151,153,142,127,198,124,164,237,151,216,153,159,140,144,113,128,148,165,180,165,140,153,135,167,112,153,94,111,12,9,6,6,3,6,18,8,6,10,5,8,5,9,10,7,8,7,9,11,6,5,11,8,12,7,10,9,9,10,7,7,6,9,6,8,6,11,4,6,4,4,8,8,6,8,9,5,10,10,9,9,8,10,7,6,5,5,5,5,8,8,7,5,7,9,7,6,9,8,5,8,10,5,7,5,11,8,7,7,4,5,6,6,8,13,6,8,9,13,6,6,10,5,6,7,7,11,8,5,9,7,11,7,7,9,8,8,5,8,6,7,5,7,6,6,7,9,7,9,7,8,7,6,8,6,7,11,6,4,11,14,5,5,8,6,7,5,9,9,4,9,12,9,6,7,9,5,6,6,12,6,14,4,9,7,5,7,11,7,5,7,6,5,7,5,5,9,7,4,10,7,6,5,9,7,12,8,8,9,11,9,11,6,7,7,8,11,6,7,7,7,10,4,5,6,4,6,6,6,1,1,1,1,1,1,1,1,1,1,0,0,0,0,0,0,0,0,0,0,255,295,226,214,226,300,285,261,226,236,261,258,287,259,258,276,284,283,233,227,22,23,16,17,21,23,24,21,19,18
FERRO_T1,BatchA,1,2918,2773,2951,3398,2609,2692,3167,2503,2890,2651,2998,3168,3202,3276,3471,2637,3211,2846,3040,2798,3046,2921,2969,3110,3042,2834,2945,3125,3093,2921,3409,2962,2957,3136,3123,3285,2972,2820,2671,2927,2873,3059,3155,2906,2985,3117,3244,2879,2877,2905,3011,3116,2766,3013,2989,2827,2978,3122,2539,2856,3113,3024,3337,3255,2903,3334,2716,2496,3212,3143,2995,2526,2806,3176,2822,2680,2890,2629,3164,2955,3059,2790,2974,2996,2882,2590,2749,3166,2983,3051,2806,3035,2792,2921,3028,2841,2502,2599,2990,2858,2895,3090,2849,2790,3145,3216,2789,2719,2811,2706,3410,3032,3133,2633,2773,3151,2897,2843,3587,3284,2796,2975,3152,3496,3142,2762,3166,2957,2761,2717,2935,2600,2973,2742,2831,2524,3159,3007,3191,3546,3064,2764,2716,2919,2774,2858,2682,3275,3355,3149,3339,2891,2833,2726,3015,3023,2943,3270,2643,2836,2881,2658,3129,2982,3008,2970,2984,2891,2894,2925,2969,2894,3023,2841,2743,2895,3222,3101,3184,2943,3164,3417,2928,2907,2583,3013,3000,2865,2876,3276,3508,3177,2878,3070,2966,2873,3020,2736,2971,2808,151,159,157,148,95,140,126,117,115,151,171,115,171,122,127,162,164,174,149,135,125,158,144,134,143,131,230,207,109,138,117,138,140,213,134,124,102,140,118,124,145,150,104,106,240,112,130,202,233,98,149,158,214,98,158,189,158,144,176,116,123,118,154,133,191,183,150,129,165,149,139,168,159,207,203,146,129,126,140,190,152,97,186,157,120,126,136,158,122,151,155,164,191,80,119,129,133,165,88,182,240,107,152,128,139,131,155,193,147,203,199,146,190,158,179,139,150,145,185,98,169,119,200,157,219,188,102,128,123,136,189,156,122,129,166,124,119,155,200,170,92,172,136,182,192,107,145,169,107,231,178,193,111,161,199,146,144,159,109,151,123,168,176,125,154,183,159,122,154,181,153,201,190,155,171,247,136,95,221,135,165,205,118,115,101,129,165,155,140,101,90,169,130,168,171,169,170,153,191,125,170,171,188,133,141,168,144,185,103,112,99,88,118,176,134,146,176,197,132,179,148,129,107,121,118,130,169,203,113,168,123,197,138,110,172,163,144,122,122,173,158,170,142,214,141,143,189,147,210,139,145,155,238,182,156,143,188,130,138,157,132,135,105,101,115,130,144,243,180,110,127,148,147,158,180,133,192,122,156,244,151,190,186,160,124,120,125,152,123,195,193,147,119,187,129,188,98,136,103,104,11,9,8,4,4,6,14,11,7,8,5,6,6,7,8,7,11,5,9,12,5,6,11,8,10,7,10,7,7,11,8,7,7,9,5,9,7,11,4,5,4,6,10,8,6,6,8,6,7,9,7,8,7,12,6,6,7,6,6,7,7,9,7,4,10,10,6,5,10,8,5,7,7,7,9,5,8,8,7,9,4,5,6,5,10,13,5,5,9,10,7,8,10,4,6,7,7,8,7,4,9,8,9,8,6,8,10,9,5,9,6,8,5,8,5,5,8,8,6,11,7,8,11,7,6,6,6,9,5,5,12,13,7,4,8,6,7,6,10,8,6,9,12,6,7,7,9,5,8,6,10,7,12,5,9,10,5,7,10,6,5,8,6,8,9,5,4,8,7,4,8,8,5,6,8,8,14,9,7,8,9,8,9,7,6,7,9,12,5,5,9,8,10,4,5,5,4,6,5,7,0,0,0,0,0,0,0,0,0,0,0,0,0,0,0,0,0,0,0,0,5,6,4,4,5,6,5,5,5,5,5,5,5,5,5,6,5,5,5,4,21,23,18,18,21,21,24,21,18,19
WIERZBOWSKI_T1,BatchA,1,2589,2787,3055,3018,2776,2801,2933,2810,3059,2861,3283,2805,2946,2809,3126,2740,2937,2950,2911,2925,3052,2686,3095,2800,3020,2829,2813,3203,3228,3253,3323,2964,3112,2651,2693,3330,3162,3060,2911,3065,3038,2702,2950,3224,2755,3058,3117,3146,3323,2943,3030,3496,2792,2739,3038,3028,3057,3207,2690,3273,2613,2866,3104,3026,3287,2912,3367,2843,3067,2910,2852,2891,2837,2856,2874,2997,2794,3091,3249,2751,2860,2722,2867,3117,2661,3323,2947,3204,3431,2996,3489,2893,2923,2919,2894,2789,2930,2783,3206,3276,2780,2994,2963,3182,2936,3134,3093,3063,3223,2516,2961,2935,3187,2898,2799,2933,2726,2699,3123,2645,2956,2689,3270,3060,3161,2926,3091,2741,2869,2849,3111,2646,3179,3047,2727,3081,3050,3048,3463,3002,3215,2917,2694,3404,2944,3076,2642,2901,3139,3242,3083,3009,2588,3111,2980,3169,2976,2998,2891,3014,2767,2940,3431,2965,2905,3343,3032,3281,2855,2810,2859,2885,2726,2801,2978,3073,3231,3183,2975,2968,3075,3132,2980,3063,3089,3299,3120,2870,2535,3149,3159,3037,3056,2897,2933,2901,3292,2671,2749,2935,175,226,168,152,126,128,132,114,127,146,189,118,128,133,153,192,169,218,150,127,178,168,147,117,157,115,274,189,117,131,102,113,148,180,128,144,92,157,133,129,117,121,110,119,221,98,115,200,255,129,149,137,293,135,152,185,166,147,157,122,139,146,169,137,156,202,169,161,162,161,129,166,124,233,197,138,144,113,179,178,168,102,179,158,120,167,167,153,130,170,144,170,228,87,153,162,151,141,104,133,192,119,154,110,169,122,131,188,160,232,210,172,218,165,157,140,126,130,194,140,172,158,163,156,197,208,121,163,138,152,198,168,124,116,125,114,125,145,193,166,81,199,177,188,200,83,132,159,82,209,149,177,136,155,201,167,168,134,129,127,144,181,192,132,150,181,131,118,125,189,135,208,217,177,172,217,167,97,189,142,146,226,134,116,116,125,167,176,183,101,100,131,118,140,176,161,159,175,155,136,174,131,143,139,179,121,143,162,102,110,113,86,143,171,143,165,208,146,165,209,132,126,142,99,122,126,139,219,109,165,99,156,142,123,177,129,129,109,128,170,129,186,132,164,137,109,208,145,206,172,132,144,231,225,161,151,171,116,156,139,193,137,102,88,126,157,137,170,201,143,161,117,126,161,174,140,217,127,155,247,148,202,149,165,136,168,103,145,120,178,200,146,161,176,154,170,106,153,85,107,11,11,7,7,4,6,14,8,7,7,5,6,8,7,9,7,9,6,7,14,6,8,12,6,8,6,12,6,7,11,6,6,7,9,6,8,7,10,4,6,5,5,7,8,7,8,8,7,9,10,7,8,8,12,7,5,6,5,6,6,8,9,6,6,7,8,6,5,10,9,5,7,10,6,7,5,13,12,7,8,4,6,6,7,7,9,5,7,9,10,4,7,9,5,5,6,7,8,8,4,8,7,10,6,4,9,9,9,6,9,5,8,7,9,6,6,9,8,6,13,6,7,6,6,8,5,7,9,6,4,13,17,8,5,7,8,8,6,9,7,6,9,12,8,7,7,10,5,7,6,12,8,12,6,7,8,6,6,11,6,6,7,6,7,8,5,5,11,7,4,9,8,6,5,10,8,16,7,10,7,10,9,10,6,8,7,8,9,7,5,7,7,8,5,6,6,4,6,6,8,0,0,0,0,0,0,0,0,0,0,0,0,0,0,0,0,0,0,0,0,26,29,20,22,21,28,27,29,23,23,26,26,24,24,27,24,25,24,23,21,21,22,19,16,19,22,24,21,18,20
HILLARD_T1,BatchA,1,2862,2564,2889,3351,2551,3066,2818,3198,2746,2856,3317,3173,2773,3521,2982,2733,3038,2854,2919,2807,2810,2913,2789,3036,2796,3038,2972,3047,2932,3139,3096,2869,3147,2691,3370,2906,3151,3084,2663,2761,3325,3345,2776,2923,2970,2980,3019,3039,2927,3087,2949,2835,2846,2778,2668,3081,3331,3205,2546,3252,2690,2685,3296,3189,3239,3209,2868,2641,3422,3033,2755,2768,3029,3258,3105,2975,2970,3033,3004,2857,3017,2769,2948,3183,3118,2776,2875,2712,2961,3344,2901,3125,2899,2885,2669,2922,2570,2886,2787,2955,2785,2899,2716,3241,2733,3067,2851,2753,2791,2964,3061,3053,2813,2788,3126,2985,3170,2989,3212,2891,2843,3008,3157,3066,3459,3028,2969,2621,2919,3065,2791,2382,2801,2812,3134,2768,3224,3063,3110,3667,2984,2937,2785,3150,2788,3003,2566,3092,3125,3068,3147,3008,2785,2775,2960,3462,3047,3217,2895,2641,2917,2938,3084,3116,2791,3009,2937,3193,2881,2863,2702,2978,2657,2766,2666,2797,3182,2963,3081,2951,3350,2950,3088,3288,3315,3140,3013,2773,2884,3317,3565,2931,2829,3114,3133,2979,3319,2887,3128,2768,162,197,131,184,96,169,124,138,125,133,166,117,129,143,145,219,182,170,144,110,145,152,132,109,167,131,288,216,137,144,118,114,163,150,111,125,92,137,135,144,124,128,114,106,231,122,117,226,256,130,117,147,207,130,149,194,154,135,159,103,149,149,171,139,182,198,157,160,147,162,136,151,138,227,189,141,138,105,186,177,146,111,184,159,100,121,159,135,154,128,154,166,201,74,123,154,154,141,119,160,187,101,198,139,128,111,123,189,181,181,181,136,213,158,183,142,131,117,163,127,160,129,151,169,227,167,93,155,107,138,174,179,140,141,150,109,111,145,226,172,90,187,174,184,230,95,146,201,94,180,204,201,127,168,169,164,150,165,135,174,142,142,188,128,122,196,152,135,159,185,131,207,197,159,196,248,143,102,240,121,174,158,104,119,109,139,177,198,155,109,93,153,150,167,184,147,186,164,170,126,148,143,180,146,178,167,153,177,109,109,110,83,133,180,136,158,186,180,173,167,156,130,131,120,155,111,188,241,123,155,107,159,143,103,183,131,122,117,117,171,134,131,154,206,151,142,152,125,194,132,124,159,199,246,142,173,188,119,168,140,158,131,106,111,100,129,150,251,185,124,159,171,121,144,177,154,186,120,128,252,143,190,137,169,145,136,122,187,110,191,193,144,140,202,147,163,134,139,113,115,8,10,5,6,4,6,14,7,7,7,6,7,8,8,10,8,9,6,9,12,6,6,12,6,10,7,11,8,7,12,8,5,6,8,5,9,6,8,4,7,5,5,10,7,6,8,7,6,10,10,9,9,10,11,7,7,6,6,6,5,7,8,7,5,8,10,7,5,9,7,5,8,8,5,7,5,11,11,7,6,4,6,7,7,9,10,7,6,9,12,5,8,10,6,6,7,6,9,7,5,10,7,9,7,6,9,8,10,5,9,5,8,4,8,6,7,9,7,6,9,8,7,9,5,9,5,6,10,6,4,11,17,7,6,6,7,7,4,9,9,5,8,11,9,6,6,9,4,8,6,13,7,9,6,8,9,5,6,10,7,5,8,5,7,7,5,5,7,7,4,10,8,6,5,10,8,14,7,6,5,8,8,10,6,6,8,9,9,6,8,7,6,10,4,5,7,5,5,7,6,4,4,4,4,4,3,4,4,4,4,2,3,2,2,2,2,2,3,2,2,33,35,26,27,29,34,32,34,30,30,33,31,33,30,30,33,33,33,29,29,21,22,19,18,21,20,25,20,20,17
CROWE_T1,BatchA,1,3204,2798,2972,3221,3029,2620,2840,3145,2835,2733,3099,3170,3249,3031,3057,2863,3022,3141,3477,3256,2887,2758,3141,3178,2650,2756,2969,2870,3155,2830,3301,3012,3088,2890,3265,2823,2951,2778,2825,3102,3063,2861,2556,3094,3212,3120,2877,2980,2994,3101,3023,3161,2729,3212,2944,3019,2588,3306,2722,3329,3126,3017,3331,2975,3313,3002,3139,3181,3225,3043,2981,2793,2884,3307,3037,3208,2813,2831,2850,3272,3101,2591,2864,3016,2802,3025,2901,2965,2991,2808,3178,2962,2954,2952,2631,2840,2835,3181,3012,2981,2980,3296,3049,2947,2949,2953,2691,2847,3155,2997,2972,2840,2992,3115,3223,2783,3203,3011,3238,2852,3028,2912,3197,3203,3279,3180,2972,2798,2879,2529,2992,2789,3058,3085,2472,2812,3218,3041,3274,3538,3237,2894,2923,3271,3052,2879,2830,2745,3359,2680,3006,2703,2594,2719,3035,3032,2986,3162,2685,2741,2972,2917,3345,2806,3119,2810,3193,2941,2936,3239,2910,2857,2772,2922,2776,2832,2986,3000,2845,3041,2844,2599,2944,3048,3038,2908,3260,2704,2635,3117,3470,3101,2903,3342,2528,2889,3079,2803,3185,3084,144,207,162,176,123,151,127,124,118,136,182,117,145,115,147,202,181,197,120,138,179,149,158,126,165,154,216,212,115,125,116,132,144,168,145,131,93,151,118,130,141,166,106,88,225,128,130,196,233,122,142,168,203,119,159,175,135,144,150,100,136,138,133,158,145,182,141,136,148,140,136,155,129,224,207,177,118,118,235,181,139,90,187,167,122,162,136,195,152,155,158,166,206,73,136,123,180,140,101,157,222,114,167,138,161,119,134,190,165,191,187,179,187,179,171,129,130,130,133,134,173,128,196,172,230,154,111,145,108,122,220,170,107,119,198,129,125,166,162,178,122,147,146,161,219,120,134,184,103,209,175,186,174,147,174,150,144,189,134,131,142,155,185,129,138,192,143,132,182,187,171,177,188,192,170,226,136,96,231,130,137,184,119,129,106,141,159,141,145,114,101,147,140,152,153,135,201,163,158,119,132,190,183,136,154,145,137,187,81,119,114,86,141,155,152,158,182,222,198,182,119,132,135,133,127,154,198,170,117,177,137,159,145,103,180,128,124,123,134,168,156,176,175,171,145,108,196,121,198,172,125,169,233,212,153,177,156,140,158,164,176,136,95,109,102,139,150,275,189,130,152,102,135,165,165,147,148,88,139,249,154,196,142,173,134,127,112,165,129,191,188,162,152,148,123,136,94,133,96,97,9,10,6,5,3,7,14,8,7,9,5,7,7,7,9,7,8,6,7,9,6,6,10,7,9,6,11,7,8,13,5,7,8,9,5,9,6,9,4,6,4,5,9,9,7,7,8,5,10,9,9,9,8,12,8,8,6,4,6,6,6,7,10,6,9,10,6,7,8,10,5,8,6,6,6,4,12,11,6,9,4,7,7,5,7,14,5,6,7,11,5,8,13,5,5,7,6,9,8,5,9,6,10,7,6,8,10,7,4,9,5,7,6,8,6,5,9,8,7,11,6,6,8,6,9,8,6,9,6,4,9,15,6,5,6,7,7,6,9,8,5,8,11,8,7,6,8,4,9,6,12,7,10,6,8,8,5,8,10,6,6,7,6,5,9,6,6,8,7,3,10,7,5,7,10,8,11,7,7,7,9,7,10,6,7,6,10,10,6,6,9,7,9,4,5,6,4,6,6,6,0,0,0,0,0,0,0,0,0,0,0,0,0,0,0,0,0,0,0,0,366,412,304,327,322,430,360,394,317,318,381,343,353,359,341,365,371,392,308,299,22,22,18,18,19,22,21,22,19,19
AARON_T1,BatchA,1,2798,2898,3242,3237,2619,2679,3375,3318,2843,3044,3216,3341,2745,2911,3002,3066,2928,2713,2986,3009,2766,2718,2897,2976,2667,2887,3130,3048,2987,3153,3524,2794,2716,2858,2808,3280,2852,2992,2922,2971,3100,3159,2946,2980,3078,3053,3086,3060,3293,3100,2719,3380,2800,3174,3003,3000,2830,2894,2775,2980,2926,2981,3069,3019,2867,3300,3150,3028,3095,2740,2786,3020,2727,3131,3165,3000,3040,2967,3162,2981,2913,3013,2904,2824,2793,2810,2905,3183,3335,3235,3232,3133,2983,2810,2962,2655,2772,2771,3330,3164,2789,3400,3112,2774,3047,3006,2769,3027,3215,2696,3033,3068,2915,2605,2731,2991,3229,2607,3090,2897,2713,2895,3031,2982,3197,3050,3471,2580,2945,2643,2954,3113,3242,3200,2650,2854,2956,2711,3242,3346,2776,2764,2770,2882,3196,3100,2795,3140,2925,2892,2951,3104,2676,2765,3434,3155,3259,3047,3062,2371,3166,2944,3056,3024,3253,2790,3178,3067,2987,3100,2646,2835,2873,2807,2957,2860,3137,2852,3088,3141,2986,3026,2935,3241,3327,2860,2909,2913,3019,3457,3379,2958,2618,3176,2757,2632,2956,2827,3333,2720,148,188,160,139,102,146,136,112,112,123,187,95,143,126,157,195,163,205,145,106,121,138,161,142,143,149,231,184,122,131,105,125,164,198,123,136,103,163,110,124,126,130,111,97,257,124,110,200,294,99,148,155,213,117,125,176,147,136,133,115,157,130,168,160,171,198,143,169,176,152,136,165,124,217,184,143,107,122,202,155,170,129,173,154,114,148,145,158,141,154,142,142,235,99,128,134,147,132,119,174,196,115,190,168,125,128,136,180,177,217,221,170,202,144,166,130,161,126,195,127,167,154,227,158,188,204,108,139,95,108,225,186,132,122,139,126,128,140,178,172,84,177,158,155,217,105,120,174,105,220,189,149,129,157,176,136,155,166,121,162,169,170,191,112,153,190,136,138,168,175,163,180,219,179,162,245,131,105,200,152,163,237,100,125,114,141,183,187,148,112,85,131,138,158,141,156,180,170,151,119,153,157,159,149,166,142,171,152,99,75,101,105,140,193,124,158,191,184,135,201,140,124,148,105,139,143,163,225,119,179,113,187,134,126,144,145,110,119,127,195,130,150,161,177,152,122,194,124,162,166,155,158,202,221,158,128,165,135,167,139,136,118,117,95,126,126,145,217,183,126,143,144,131,140,166,131,201,155,170,257,146,175,136,187,131,126,127,173,129,192,179,183,117,137,130,180,109,122,88,107,11,10,7,5,4,6,14,11,5,9,4,6,8,6,8,8,9,6,9,11,6,6,10,8,11,6,10,8,10,12,6,5,7,8,5,7,6,12,4,5,5,5,7,7,6,6,9,6,8,6,7,8,8,15,8,7,7,4,6,6,7,9,9,6,9,8,7,5,9,7,5,8,8,6,8,5,9,11,7,8,4,5,9,5,7,11,5,7,6,11,6,7,11,7,6,7,5,8,9,4,10,6,12,6,6,10,9,9,6,6,6,10,5,7,7,7,9,9,6,11,8,8,10,6,8,7,7,11,5,5,12,13,5,5,7,7,7,7,7,9,5,11,15,8,7,6,8,5,8,7,11,7,11,5,9,7,6,8,10,7,5,9,6,7,7,5,4,8,5,4,9,10,6,6,8,9,15,6,9,8,11,9,10,6,6,7,7,11,5,7,7,8,9,4,6,6,4,6,6,8,0,0,0,0,0,0,0,0,0,0,0,0,0,0,0,0,0,0,0,0,87,99,68,77,87,102,92,91,76,86,92,95,85,86,91,94,96,99,81,69,22,19,19,17,20,20,22,20,20,17
CALL_T1,BatchA,1,3045,2917,3235,3195,2587,2833,2974,3044,3520,3051,3185,3022,2866,3232,2911,2927,3178,2606,3077,3014,3092,2872,3098,2776,2592,2979,2712,3192,3100,2819,3510,2919,2841,3085,2977,3332,2998,2935,2911,3068,2997,3296,2783,3207,3091,2929,3191,2916,3151,2960,2850,2869,2741,2985,2718,2927,2682,3408,3035,3071,2729,2861,2947,3187,3331,3071,2709,3014,3115,3171,2595,2950,2775,2988,2713,2938,2845,2860,2930,2990,2945,2653,3031,2963,2878,3003,3023,3069,3034,2939,3190,2964,2768,2921,2966,2806,2812,2751,3611,2901,2964,2961,2766,3142,2691,3073,2774,2702,3188,2690,2850,3157,3081,3182,3003,2947,2878,3117,2782,2868,2973,3226,2854,3405,2912,3084,3237,2895,2935,2989,2831,2736,2876,2678,2684,2872,3295,3306,3359,3887,3038,2636,2678,3440,2904,2956,2627,2920,3672,2869,3109,2935,3037,3007,2838,3267,2975,2744,3036,2806,2892,3061,3542,3004,3166,2832,3188,2721,3167,2717,3123,2776,2708,2647,2576,3055,3222,3290,2691,2872,3183,3470,2917,2973,3020,3189,3027,2727,2722,3261,2945,3184,2941,3091,2894,2808,3099,2992,2857,2771,157,183,147,171,106,130,131,130,128,119,170,103,154,105,114,183,154,175,131,129,163,138,144,120,168,160,234,229,112,137,107,124,153,154,144,130,99,128,113,147,117,128,102,86,228,117,132,216,264,111,150,176,224,128,131,175,140,149,129,114,140,129,160,128,184,200,167,158,159,117,130,148,154,212,193,166,97,106,198,138,153,114,169,175,126,145,169,170,135,141,129,142,154,85,126,148,147,157,109,167,204,89,152,121,179,132,156,207,179,162,202,161,215,150,186,147,128,138,161,136,162,150,196,190,220,153,81,137,92,114,226,199,116,151,157,120,116,154,190,151,93,158,135,176,187,87,126,169,105,198,158,199,122,168,189,191,189,173,141,130,143,164,174,124,144,202,138,135,146,173,127,179,163,164,160,224,125,99,225,144,152,187,103,113,116,137,151,169,151,112,100,161,115,154,177,135,153,175,130,107,130,150,177,114,173,133,145,159,117,111,87,78,150,156,167,147,203,200,169,191,164,140,131,121,157,165,191,206,100,163,128,196,135,121,168,133,134,116,161,178,161,150,137,183,150,111,195,157,194,153,129,190,222,216,140,177,192,121,175,143,166,136,106,102,99,134,146,221,189,101,157,127,139,151,174,113,210,128,172,274,156,187,166,157,137,121,121,172,119,185,168,139,152,145,130,178,102,141,97,124,10,7,7,4,4,7,12,9,7,10,5,7,8,9,10,7,8,6,11,10,5,5,9,6,10,7,11,8,7,11,8,7,7,8,5,10,7,10,4,7,5,7,7,7,9,6,6,5,8,9,7,10,10,13,6,7,5,6,5,7,8,6,10,6,7,10,7,8,7,9,6,7,7,6,9,5,10,9,6,7,4,6,7,5,7,12,6,6,8,12,5,7,11,4,5,7,6,9,9,6,9,7,11,7,6,12,9,8,5,9,6,7,4,9,6,5,7,8,7,12,6,7,9,6,8,9,7,10,6,3,13,13,7,4,6,7,8,6,9,9,6,8,16,9,6,6,7,4,7,7,10,7,9,5,8,8,6,7,11,7,5,8,6,6,8,4,6,10,5,4,8,9,5,5,8,7,15,9,9,8,9,7,11,6,6,6,11,13,5,7,8,7,10,5,5,6,5,6,6,6,7964,6731,6155,6851,7479,6095,5569,7493,6052,6474,1520,1484,1391,1390,1487,1370,1422,1554,1395,1447,431,514,432,486,403,439,402,433,492,363,471,461,420,377,453,423,461,451,530,438,95,100,88,80,100,97,98,91,93,90
OUTLIER_C_T1,BatchB,1,2873,5840,2887,2690,2773,2840,5389,3214,5068,6113,3240,5709,4903,3202,6847,2731,2807,2532,3086,2896,3415,2962,3358,7959,2688,2606,6507,3290,2909,3198,3250,2961,3009,2875,2968,3121,2752,7481,2702,3086,5865,3099,3003,3303,3146,6006,2926,2781,3252,2734,4501,5836,2927,3076,7938,2831,3052,3152,5364,8681,2466,3102,3044,6130,3216,3242,2839,2822,3056,2998,2781,4116,2703,2800,2808,2919,5209,5912,3097,6365,3260,2828,3097,6111,2774,3324,2990,4036,3519,6149,6823,2722,3008,4232,2525,5999,6061,2859,2910,7028,2930,4647,2739,2840,2870,2754,2651,2679,7381,2827,3156,2954,3651,2973,2800,5612,3084,2839,3317,3025,2831,6695,2914,7065,3004,2666,3397,4297,2983,2902,8443,6134,3040,3018,2945,5711,2945,3249,3215,2970,10836,2828,4783,2885,2766,2870,2878,3038,3020,3080,2798,5901,8262,3091,3122,3205,6083,3389,2871,2701,2959,2947,3207,2801,5517,2893,3122,3113,9422,6608,4288,3160,2685,2734,2718,3169,3250,3267,2762,7427,3056,8298,2625,3229,3038,3206,3268,3049,6599,6288,3125,8825,3458,4826,4313,2811,8418,2877,3175,8399,197,206,226,155,95,122,131,134,117,143,156,267,163,124,164,181,169,183,250,115,328,168,176,100,159,168,259,214,115,304,170,120,165,196,154,116,172,132,115,378,150,150,121,114,740,96,124,173,232,264,119,156,208,182,242,171,171,276,201,254,242,288,113,134,295,196,427,163,155,140,192,161,155,410,221,146,140,111,168,133,245,104,162,539,192,132,181,380,302,345,156,435,470,115,151,315,148,132,91,344,226,100,174,142,151,121,142,226,250,217,163,247,218,142,165,146,212,135,173,128,179,129,193,149,185,303,308,149,125,247,323,205,151,362,383,95,115,386,177,387,148,181,148,154,546,111,131,449,215,184,164,543,151,202,546,146,173,149,135,159,161,147,455,98,135,181,236,432,133,144,160,203,155,177,454,398,149,138,186,141,152,153,260,112,223,130,398,156,366,112,83,157,437,152,165,162,192,140,376,119,109,151,212,117,578,150,168,132,105,112,109,220,125,341,225,342,161,169,124,171,156,147,515,108,131,591,183,238,180,153,107,316,135,312,367,306,135,134,361,128,142,134,182,329,135,215,439,120,177,148,227,181,572,212,144,135,199,461,323,146,160,124,247,174,238,133,147,466,433,91,160,147,138,152,507,127,190,115,149,542,183,318,141,165,139,146,166,140,125,326,421,152,143,231,133,283,102,280,231,124,9,24,15,16,3,7,24,7,7,8,12,6,8,7,11,8,16,11,8,32,9,14,10,13,18,6,9,14,8,9,6,7,7,17,5,16,7,10,4,5,5,6,14,7,17,8,7,6,8,7,8,19,6,30,7,14,20,5,7,9,9,7,16,7,16,7,14,6,9,7,5,16,9,10,8,5,18,10,7,8,4,5,6,5,9,12,8,11,8,12,7,8,13,5,9,6,5,10,15,5,27,8,18,19,6,7,9,12,5,8,5,9,6,9,7,14,19,9,12,10,5,8,7,16,9,16,7,23,7,4,11,11,6,12,12,14,23,4,22,6,5,9,14,8,5,7,9,5,8,7,24,7,12,10,8,10,6,8,26,19,9,9,7,9,13,5,5,8,7,4,10,7,15,5,9,9,12,23,8,15,12,8,10,6,6,6,10,11,10,23,7,13,9,6,7,9,4,6,5,6,16085,13840,13534,14941,15523,14338,13902,15844,13231,16400,182,143,142,137,159,166,148,137,137,159,329,321,273,309,304,308,334,308,327,302,311,325,241,287,281,274,288,359,265,338,23,20,17,17,21,23,23,20,20,18
APONE_T1,BatchB,1,3007,5890,2991,2978,2404,2848,5243,2649,4803,6268,3079,5730,5305,3225,6598,2984,2888,2803,3090,2939,3003,2856,3284,7793,2836,3222,6128,2850,3251,2877,3073,2783,2880,3227,3208,3196,2951,7736,2617,3392,6648,2988,3013,2830,3103,5511,2905,2703,3256,3108,4986,7221,2922,3200,8187,2780,2874,3101,5255,8309,2853,2982,3020,6287,2720,3042,2934,2990,3294,2911,2587,4412,2774,3374,3096,3032,5649,6465,3246,6329,3501,2890,3037,6168,2939,3047,2829,4444,3129,5927,6449,2769,3005,4202,2716,6402,6863,3033,3095,6906,2682,5100,3177,2965,2811,2739,3048,3063,6709,2815,3103,2876,3766,2775,3083,5846,3010,3075,3145,2861,2857,6965,2951,6549,3309,3002,2991,4870,3073,2802,8083,5990,2784,2782,2560,5773,3175,3287,3229,3755,10410,2906,4733,3222,2867,3158,3164,2985,2999,3140,2659,6448,7888,2947,2924,3413,5815,3206,2654,2839,2899,2803,3458,3106,5436,2890,3191,3154,10011,6045,4059,3078,3081,2926,3054,3437,3025,2967,2973,7632,2968,7616,2947,3150,2892,3419,3077,2882,6209,6507,3376,7943,3505,4905,4339,2998,9003,3008,3199,8038,156,220,198,191,89,133,107,141,130,170,196,171,158,121,148,188,155,192,218,106,311,148,166,128,172,162,218,217,141,277,218,124,148,172,121,145,218,132,167,366,129,135,119,107,769,115,130,216,257,253,162,156,248,206,211,187,148,225,193,273,257,268,168,137,280,183,321,160,165,141,186,154,190,302,187,172,110,120,204,148,290,106,181,510,256,143,147,318,323,239,138,349,476,101,152,289,151,146,141,323,185,107,171,131,146,125,133,197,244,198,166,194,237,155,187,151,322,114,164,100,154,146,164,155,285,304,225,165,133,189,365,157,125,338,311,128,122,493,172,398,178,158,146,139,524,90,121,387,191,185,149,461,134,170,488,150,158,185,130,151,133,157,488,142,132,203,215,394,150,191,157,169,147,173,458,411,164,111,183,121,153,194,254,136,275,124,419,140,229,116,98,163,485,143,163,127,190,144,365,139,151,163,164,159,501,134,141,168,109,151,119,196,138,346,212,363,175,214,186,219,165,113,525,100,109,499,171,195,159,155,108,304,143,289,355,294,171,122,331,151,158,178,161,422,140,268,528,133,200,169,234,146,564,220,137,161,199,452,470,146,133,122,188,172,261,135,142,506,523,124,141,136,124,170,342,134,221,135,163,506,147,339,126,166,142,137,145,163,140,283,422,153,117,247,142,345,105,279,207,116,10,33,16,14,4,7,21,7,6,10,10,6,7,6,10,8,22,10,10,28,10,19,9,14,14,7,10,13,7,10,9,5,5,18,6,12,7,9,4,5,4,5,14,6,18,7,7,7,9,7,8,21,8,33,8,13,21,6,7,12,7,8,17,6,14,9,13,7,7,10,5,16,9,7,6,4,15,10,6,9,4,5,6,5,8,14,9,11,8,11,6,7,12,4,9,5,7,9,17,5,23,6,18,21,6,9,9,9,5,8,5,10,6,8,6,11,21,8,12,11,7,7,10,14,8,15,5,18,6,4,11,16,6,11,13,14,19,5,23,10,6,10,13,8,9,6,9,7,8,6,22,6,13,11,10,6,6,7,31,17,11,7,8,10,17,4,5,10,7,5,10,11,16,6,9,7,15,17,9,19,14,9,11,6,8,7,8,11,11,21,9,12,8,5,6,6,5,6,5,6,11865,10408,10510,10280,11948,9164,9118,11446,10666,11655,2050,2143,1824,1851,1984,1892,1783,2385,2057,1945,106,116,94,88,101,120,101,113,99,98,110,108,109,103,113,101,123,119,105,86,20,23,19,17,20,23,25,21,21,18
BURKE_T1,BatchA,1,2722,2843,2998,3148,2865,3008,2801,3023,3003,2692,3165,3360,3480,3127,3208,2997,3079,2888,2911,2933,2963,2852,3402,2873,2893,3098,3023,3297,3014,3016,3439,3035,2948,2572,3163,3271,2917,2633,2631,3099,3361,3108,2965,3306,2785,3138,3102,2707,3366,2898,3199,3018,2729,2999,2651,2805,2688,3225,2885,2823,2564,3035,3083,2984,3144,2982,2856,3014,3413,3163,2741,2813,3061,2784,3273,3241,3195,3175,3173,2657,2820,3030,3061,2770,3047,2999,2848,2843,3232,3244,3214,3096,2906,3091,2910,2474,2764,2854,3316,2907,2893,2918,3133,3218,2941,3232,3110,2681,3323,2719,2898,2679,2979,2792,2975,2689,2848,2950,3230,2940,2930,2945,2811,2859,3035,2789,3221,2929,2762,2694,2593,2797,3073,2904,2925,2923,3026,3202,3439,3248,3069,3034,2753,2987,2678,3190,2896,2931,2978,3322,2774,2834,2808,2857,3105,3016,2822,3229,2992,2915,3114,2979,3202,2918,3238,2844,3610,2970,2882,2837,3214,3005,3261,3033,3010,2990,3372,3506,3081,2868,3132,3012,2781,3225,2994,3251,3285,2787,2656,3177,3822,3020,2759,3177,3021,3082,3020,2865,3074,2881,167,176,155,205,85,143,120,112,128,149,193,125,148,125,140,193,161,167,144,165,160,186,141,114,146,140,294,250,108,132,99,139,159,197,116,140,93,141,132,148,120,149,94,123,199,128,109,187,259,133,127,177,222,122,123,178,183,126,148,131,135,159,140,151,155,181,151,180,171,154,165,149,120,260,201,141,115,95,180,153,151,106,185,176,131,124,131,142,150,146,137,128,175,100,131,176,180,129,105,121,212,128,201,102,154,122,156,197,151,206,159,141,179,158,148,130,193,132,190,139,177,128,197,158,214,160,114,115,101,126,213,176,133,134,127,104,138,154,172,169,92,166,130,141,219,79,147,152,91,231,157,148,120,182,169,167,190,160,106,141,161,150,169,121,141,192,121,135,169,202,163,185,177,181,178,237,129,106,203,146,164,173,97,122,120,115,158,162,133,95,111,169,156,172,186,134,194,166,171,135,157,169,175,137,175,141,148,179,100,119,105,92,119,166,143,137,220,219,156,177,177,133,132,124,137,141,161,188,125,185,115,177,135,98,168,127,118,115,121,148,124,174,162,218,137,101,171,165,179,169,136,138,257,252,145,188,184,129,166,150,173,129,109,109,128,131,134,207,173,134,180,137,146,149,146,128,195,131,170,228,158,221,137,190,128,147,129,172,124,172,166,147,131,200,140,199,113,131,82,115,9,11,7,5,3,9,15,9,7,7,6,5,7,7,8,9,8,6,12,9,6,5,11,7,9,7,10,8,10,12,5,5,7,8,4,8,8,12,5,6,5,6,8,6,7,6,8,7,8,10,9,8,8,12,5,7,7,7,5,6,7,10,6,6,10,11,6,7,8,9,6,7,8,6,8,6,11,12,8,10,4,6,8,7,8,14,5,5,7,11,7,8,11,4,4,7,7,8,8,5,8,7,9,7,7,8,10,9,6,9,5,7,7,6,5,5,8,10,6,11,6,7,9,6,7,7,7,9,6,5,10,14,7,5,8,7,8,6,7,9,5,9,14,10,6,7,8,4,9,8,11,7,10,6,10,8,7,7,11,7,6,9,6,8,7,4,6,7,6,4,9,6,6,5,11,6,18,7,7,9,9,7,10,6,7,6,9,9,6,7,8,7,9,4,6,5,4,7,6,7,256,220,197,217,238,192,201,225,220,252,65,60,52,57,59,52,52,67,60,56,76,84,62,65,72,87,80,79,71,67,77,75,82,77,74,79,82,82,63,63,20,21,18,16,20,22,21,21,20,20
DISTEPHANO_T1,BatchA,1,2830,2984,2900,3136,2963,3109,3263,3153,3036,2813,3188,2753,3053,2948,3152,2883,2747,3173,3375,3233,3150,2762,3016,3159,2634,2950,3001,2987,3418,2891,3102,3216,2727,2681,2954,3393,3243,2606,2981,3086,3164,3261,2696,3029,2933,2648,3083,2636,3305,3123,3230,3027,2896,2747,2694,2658,2722,3463,2850,3243,2773,3070,2984,3110,2928,3142,2911,2738,2831,3209,2728,2605,2521,3220,2599,3071,2952,3016,3187,3101,3128,3067,2735,3121,2802,3107,2802,3230,2883,2992,3134,2796,3173,2984,2837,2822,2846,2474,2924,2936,2955,3120,3051,3138,3039,2872,2873,3007,2971,2737,3005,3233,2909,2869,3008,2738,2922,3110,2969,2921,2967,2841,3138,3262,3241,3197,3175,2801,2932,2861,3115,2686,3508,2874,3082,2883,2743,2818,2963,3336,3237,2787,2545,3081,3092,2530,2656,2812,3266,3093,2845,2972,2833,2954,2836,3342,3407,2598,2979,2771,2733,2652,2983,2924,2931,2748,3126,3134,2680,2819,2879,3057,2862,3045,2967,3110,3469,3244,3097,2892,3359,3097,2980,3121,3412,3328,3207,2930,2786,3208,3217,2661,2812,3350,3286,2670,2894,2522,3054,3215,147,235,116,187,97,181,146,138,134,147,197,104,173,147,120,207,149,179,152,128,157,172,142,115,133,158,231,213,105,139,84,124,134,196,117,149,88,167,129,146,152,153,102,107,209,121,124,215,325,121,124,163,157,134,148,172,159,143,143,111,140,140,125,140,162,166,124,164,136,144,130,142,151,205,211,138,135,120,172,186,152,97,192,177,132,139,158,155,198,144,120,136,187,85,129,175,131,125,96,160,199,116,160,121,155,150,129,229,137,202,221,169,200,173,170,129,134,155,188,106,173,135,162,167,210,170,115,149,124,137,218,148,102,130,152,121,132,137,232,129,90,157,143,171,218,88,136,170,107,246,227,181,119,165,196,159,155,166,133,154,132,161,207,139,130,174,131,149,154,142,136,202,167,177,182,248,130,98,182,115,156,218,107,140,97,113,152,140,159,104,104,145,133,148,180,156,206,147,156,119,139,158,204,134,162,115,165,167,98,120,99,88,110,163,129,164,208,168,124,227,144,119,119,123,115,123,195,230,115,153,116,171,144,108,202,144,113,129,126,140,116,177,186,195,142,108,219,131,189,151,141,147,229,241,179,128,176,114,146,146,164,137,108,78,106,135,138,222,237,156,153,147,134,158,161,121,197,127,139,255,133,198,144,140,157,146,141,158,111,191,181,176,121,156,152,153,101,140,107,128,10,11,7,5,4,7,15,9,7,8,5,6,8,8,9,9,10,6,9,10,5,5,11,6,10,6,11,8,8,10,6,5,6,8,6,10,7,12,4,6,5,8,8,5,7,8,6,5,8,11,8,9,9,11,6,7,6,6,7,6,7,9,7,6,9,9,8,5,8,7,5,7,8,6,9,6,10,12,7,6,4,5,8,4,10,14,6,6,10,11,6,9,11,5,7,7,7,8,8,5,10,7,9,6,9,8,10,9,5,9,5,8,5,7,7,5,7,8,7,10,6,7,8,6,7,6,6,10,6,4,12,13,6,5,7,7,9,5,9,9,5,8,12,6,7,7,10,5,6,7,12,7,11,6,7,8,6,7,9,7,5,7,6,6,9,4,7,8,6,4,9,9,6,6,10,8,16,6,7,8,9,8,11,6,6,8,9,12,7,8,8,9,10,3,6,6,4,6,6,8,15819,14524,12197,14248,15013,13762,12009,15002,14010,13724,8648,9254,8709,7547,9267,7260,7044,8612,8022,8006,36,38,30,30,31,35,36,36,31,31,35,33,38,34,30,32,37,36,33,28,21,23,19,17,21,21,24,21,20,17
HICKS_T1,BatchA,1,3207,2774,3211,3386,2420,2951,3380,3073,2741,2835,2818,2888,2940,3295,3001,2960,2909,2911,3225,2981,2887,2878,3091,2789,3049,2862,2933,2794,3161,2908,2869,2684,2975,2683,3398,3336,2810,3001,3083,3283,2967,3052,2948,2984,3169,2625,2908,3079,2912,3072,3280,2907,2544,2817,2890,2926,2981,3289,3033,2907,2601,2994,3522,3082,2998,3113,2785,2875,3322,3151,2896,2714,3080,3242,2981,3163,3221,3402,3215,2728,3072,2957,2852,3140,2906,2800,2982,2742,2972,3243,3132,3024,2675,2848,2679,2528,2634,3165,3225,2897,3003,3192,3103,2967,2889,2487,3077,3099,3192,2760,2849,3114,3047,2797,3129,2809,3258,2929,3058,2890,2907,2886,3270,3581,2764,3556,3075,2951,3054,2634,2992,3067,3048,2962,2704,2766,2937,3326,3316,3639,3040,2963,2560,3110,2855,3147,3045,2943,3266,3059,3173,2720,2581,2976,2986,3161,2806,3290,3014,2764,2919,2726,3319,2772,3197,2832,3010,3197,3005,3096,3190,3256,2980,2906,2739,2982,3424,3122,2787,3275,2940,3224,2955,3081,3162,2959,2766,2796,2624,3498,3399,3263,3020,3515,2815,2807,3024,3020,3237,3222,168,175,152,161,100,174,132,115,116,157,166,118,156,115,134,180,171,178,130,138,157,156,139,116,160,165,232,232,134,165,121,110,141,198,104,119,100,161,96,151,119,154,99,109,248,122,132,238,242,124,155,141,183,122,139,167,154,148,149,122,103,117,159,144,153,171,174,145,146,182,132,134,129,242,207,202,155,130,216,136,202,87,166,146,113,135,154,157,127,137,125,159,207,85,149,148,170,149,114,133,193,110,188,140,165,110,146,186,158,201,167,158,194,147,160,135,150,122,174,106,167,131,195,156,213,145,93,135,118,138,191,184,125,125,141,114,131,175,199,180,110,152,157,168,187,114,121,204,114,237,149,205,144,167,207,164,145,141,121,144,133,165,178,128,143,195,138,123,157,177,130,226,217,184,176,245,144,112,175,137,170,197,118,136,96,109,152,154,165,91,96,141,125,171,146,169,185,170,163,137,136,169,197,133,168,146,134,200,99,119,114,89,138,211,141,134,186,180,135,196,148,116,146,110,145,162,200,189,112,175,114,165,139,86,172,120,129,109,114,144,148,181,154,210,155,107,184,134,219,145,121,147,217,215,133,168,196,124,132,142,198,126,122,92,124,121,165,218,196,124,147,171,171,148,142,137,164,120,157,264,148,194,156,160,170,165,127,168,125,173,170,149,108,158,123,204,89,129,83,96,14,10,5,6,4,6,10,7,6,8,6,7,11,7,9,7,9,7,8,12,6,7,11,7,10,6,12,8,10,9,7,6,5,10,5,7,6,12,4,5,5,6,10,7,7,7,10,7,8,9,8,7,8,13,8,7,6,6,6,7,6,8,6,6,8,8,8,7,9,8,5,8,8,6,8,4,10,12,8,9,4,6,6,6,9,13,5,6,7,11,6,8,11,5,5,7,7,10,9,4,8,7,8,6,6,10,7,8,6,9,4,7,5,9,7,6,9,8,7,11,7,9,8,7,8,7,7,10,5,4,9,17,7,4,7,6,8,6,9,9,5,8,10,8,7,8,10,4,6,5,11,6,10,6,7,8,6,8,11,8,6,6,7,7,7,5,5,9,7,4,8,6,6,5,8,8,14,9,8,6,9,8,9,8,6,6,8,9,6,6,7,8,13,4,6,6,5,5,5,6,1100,922,852,916,1038,913,897,1027,966,1001,750,865,834,848,824,862,712,833,786,711,25,25,20,23,22,23,25,25,22,22,23,24,26,22,24,25,25,25,20,19,20,20,19,17,21,22,24,21,20,18
HUDSON_T1,BatchB,1,3078,5720,3298,3303,2632,2641,5212,2736,4580,5781,3140,6182,5208,3147,6737,3071,2996,2967,3093,2642,3029,2993,3147,8406,2917,3023,6113,3177,2837,2929,2106,2997,2467,2600,3074,3546,3171,7314,2895,3148,6826,3076,3282,1722,2855,5792,3602,2654,3169,3075,4397,6511,2915,3060,8169,1149,2967,3431,5629,8348,2644,4881,2917,6306,3038,2860,2755,3087,3133,2723,1264,4521,2773,2907,2910,3370,5360,6541,3057,5724,3083,2974,2775,6379,2581,2934,2783,4306,3126,6399,5656,3096,1446,4177,2689,5729,6482,2705,3183,7013,2833,4985,2567,7156,2576,3311,2937,1977,7687,2958,3104,2887,2317,2625,3029,12910,3130,3032,3200,2645,2144,6228,2942,6540,3005,2764,3243,4480,3148,2982,15271,5505,2830,2781,2999,6292,2846,3144,3675,3507,11254,2672,3889,2833,2809,2884,2861,3433,3356,2883,2650,7078,9255,2971,2925,3272,5727,3151,2772,2667,3043,2858,10082,2714,4895,3015,3115,2836,9544,6967,4181,3142,3054,2675,3121,2996,9272,3414,2942,8424,3247,6876,2826,3023,3030,3014,3087,3597,6283,6069,3154,7618,3557,4738,4853,2867,8247,2843,3037,7879,173,232,226,161,112,145,123,127,121,158,187,219,157,155,138,203,186,169,244,130,327,156,161,99,151,151,167,233,119,199,209,139,141,169,124,148,277,151,145,471,110,52,107,115,812,127,109,195,244,214,158,178,182,210,224,154,156,280,253,273,237,126,139,136,313,198,357,281,135,143,155,182,153,380,197,154,128,106,391,142,223,117,192,378,206,133,155,300,208,225,126,405,473,106,140,367,161,125,117,370,237,115,181,148,138,100,139,208,223,195,177,209,197,158,140,142,243,70,186,137,185,150,290,198,204,283,321,140,116,153,327,182,230,356,324,118,284,382,201,1056,179,95,138,155,393,101,120,450,189,217,156,568,135,172,476,140,144,217,129,157,148,135,519,102,152,187,245,372,148,135,133,181,412,176,504,406,132,126,184,220,167,207,255,115,254,114,342,165,285,100,104,132,462,180,156,154,156,149,349,136,135,163,193,154,425,146,166,156,114,121,95,167,149,286,230,334,178,189,136,260,154,127,487,103,108,466,196,240,105,159,120,281,117,358,421,306,142,101,391,151,152,146,174,391,126,257,485,136,165,141,124,131,512,233,162,373,212,503,378,135,174,116,227,182,224,131,117,498,495,124,153,145,127,154,374,126,134,107,111,595,401,356,173,161,155,140,160,152,101,220,443,178,135,240,136,566,50,311,216,116,10,23,15,12,4,7,16,8,7,7,12,7,8,8,5,7,21,9,7,30,8,13,10,9,16,7,11,10,8,10,6,6,6,21,5,28,6,12,4,5,4,6,13,7,17,8,8,6,10,9,8,15,6,29,6,11,14,6,5,6,6,8,21,5,9,10,16,7,9,7,5,16,8,7,8,5,14,11,6,4,4,4,7,7,7,24,10,12,7,11,6,8,15,6,10,6,6,4,17,4,17,11,20,22,6,4,10,11,6,9,5,8,9,8,7,70,25,7,14,9,8,6,10,19,7,19,8,19,6,4,13,14,7,12,15,16,19,5,14,8,5,8,11,6,2,8,9,5,8,7,27,7,10,11,11,7,6,10,12,18,10,8,7,7,13,5,5,4,7,4,11,9,16,6,10,7,17,20,6,37,14,9,9,8,8,6,9,11,9,18,8,11,10,4,6,6,4,6,6,6,139393,130640,108557,129724,141362,109813,119064,135958,118364,122710,224096,116447,105524,106934,112369,100716,106474,107946,105028,98359,24,25,19,19,22,26,23,27,20,23,22,23,22,22,23,22,25,25,9,18,21,25,19,17,22,25,23,19,21,43
TULLY_T1,BatchB,1,3037,6476,2751,3288,2983,2488,5068,2609,4543,6208,2916,6331,5240,3085,6963,2730,2813,2568,3156,2921,2928,2999,3065,8370,2457,2872,6568,3100,3096,3039,3354,3112,2850,3141,3204,3149,2845,8038,2922,2879,6842,3226,2995,2894,3266,5888,3298,2938,3224,2905,4361,6682,2668,2696,8184,2676,3284,3202,5817,9076,2687,3165,2954,6254,3221,2828,2965,3375,3131,2875,2828,4128,2892,2959,3322,2975,5319,6009,3028,5975,2750,3144,2940,6092,2954,3198,2785,4422,2883,6089,6089,3000,2763,4049,3107,5893,6002,2942,2757,6590,3115,4965,3158,3181,2748,3227,3082,2805,7591,2546,2811,2805,3718,2606,2757,5039,2941,2940,3109,2676,2792,6277,2750,6519,3491,3021,2911,4973,2919,2914,7573,5567,3217,2943,3074,5930,2937,2989,3313,3950,10250,2820,3968,3171,2883,2988,2803,3116,3431,3246,3125,6370,8248,2929,2987,3346,6388,3113,2704,3071,2684,2908,3303,2713,5168,2825,3478,2998,9520,7793,3841,3088,2896,2839,2896,2886,3244,2821,2770,7166,3324,7183,2783,3127,2968,3070,3008,2551,7130,6483,3186,7950,3756,4364,3697,2961,8140,3054,3090,8062,170,212,203,172,99,143,121,125,118,139,177,180,149,139,140,189,189,209,244,110,305,135,176,112,185,165,217,226,113,286,196,142,172,158,143,158,210,165,100,385,118,131,102,113,780,114,132,164,293,273,131,177,217,192,277,188,133,246,199,344,254,278,158,140,301,174,373,169,156,161,207,159,163,377,253,160,115,124,201,135,233,115,190,435,236,151,192,360,313,270,149,444,455,116,148,308,146,118,107,331,191,120,173,135,149,117,125,194,234,225,173,251,230,143,155,142,246,149,172,129,161,155,203,162,231,302,244,166,107,200,396,182,125,369,314,137,126,392,198,370,161,145,137,170,584,94,140,431,175,181,194,490,133,189,380,137,175,207,141,157,162,151,472,108,155,198,213,390,170,204,114,175,200,182,460,351,124,110,240,141,143,205,274,100,264,125,367,153,232,113,78,159,522,158,164,122,169,161,345,139,157,145,165,139,545,146,142,184,102,103,109,193,120,287,242,312,191,200,132,190,168,117,522,113,108,446,192,238,182,153,121,280,131,297,450,306,132,133,359,172,132,142,165,426,139,237,493,142,187,168,232,148,666,278,152,146,172,546,333,127,169,124,233,149,239,133,148,484,369,124,158,147,133,164,434,161,166,133,158,572,190,342,130,163,131,151,140,182,132,309,421,150,128,308,136,330,91,310,252,119,11,18,15,12,4,6,22,7,7,8,15,7,8,7,10,7,19,14,11,30,9,16,12,14,15,5,11,13,9,12,6,6,9,23,5,18,6,10,4,7,6,6,14,7,14,8,10,5,8,9,8,16,6,30,8,10,19,6,8,12,6,8,16,6,13,10,13,6,9,7,6,15,12,6,8,5,18,11,7,7,4,5,6,5,10,11,9,11,7,12,6,9,12,6,8,7,8,9,16,6,24,7,23,18,7,11,10,12,5,9,7,9,5,9,6,11,24,6,13,9,6,7,9,15,8,15,6,20,6,4,14,13,7,10,12,16,18,6,24,9,6,8,13,8,7,7,9,5,6,8,23,7,13,8,7,8,8,9,31,17,11,7,6,12,17,5,4,9,7,3,9,8,20,5,9,6,13,19,10,17,16,9,9,6,6,8,9,13,9,19,6,9,11,4,5,7,3,5,6,6,695,663,578,689,696,606,609,737,631,705,249,247,198,222,216,218,226,249,218,229,60,58,51,56,52,61,60,62,52,55,66,55,54,52,59,54,59,66,49,46,22,24,19,16,22,23,23,22,19,19
BOGGS_T1,BatchA,1,2957,3177,3298,3055,2833,2998,3061,2763,2861,2795,2944,3336,3138,3168,2806,3173,3154,2788,3142,2883,2990,2758,3380,2813,2843,2712,3097,2677,2844,2988,3188,2750,2854,2909,3069,3141,3033,2947,2533,3027,3183,2992,2957,3182,3035,3068,2950,2852,3180,3137,3039,2923,2698,2998,2843,2956,2997,3158,2808,2816,2399,2921,3114,3011,3310,3028,3134,2942,3326,2750,2691,2867,3295,3026,3019,3519,2769,3053,2943,3104,3101,3164,2965,2898,2423,3360,2926,2729,3052,2847,3569,2730,2756,2819,2704,2490,2780,2944,2734,2817,2737,3159,2891,2885,2892,2860,3055,3091,3191,2626,3094,2936,3046,2723,3081,2773,3067,2648,3185,3306,2750,3217,3180,2922,3013,3202,2962,2945,2892,2958,3319,2745,2940,2993,2679,2796,3033,3123,2940,3260,2895,2801,2704,3478,2703,2896,2989,3144,3274,2845,3371,2730,2716,2776,3208,3459,3018,3415,3204,2872,2884,2707,3312,2753,3246,2597,3263,3215,2868,2838,2993,3312,2965,2735,2990,2939,3376,3207,2939,3326,3401,3089,3067,3229,3258,3345,2759,2677,2607,3066,3466,3091,2983,3040,2911,2842,3305,3349,3163,3089,166,181,145,170,97,140,137,115,104,140,173,115,143,140,154,205,156,151,141,157,135,163,144,113,146,140,235,218,130,125,98,134,150,199,138,132,109,158,128,145,124,135,117,131,235,127,108,185,324,132,148,165,175,140,142,181,186,128,154,110,149,154,148,125,166,184,138,152,135,150,143,153,142,209,186,169,149,114,198,146,168,117,200,147,109,123,166,180,135,145,124,161,220,105,146,154,151,169,110,157,254,108,180,142,144,114,121,265,172,157,166,223,203,138,168,127,132,138,137,102,178,135,183,159,255,204,105,147,126,155,177,166,153,128,116,124,124,153,202,168,94,141,145,191,180,105,115,189,113,232,155,159,136,161,224,165,152,140,123,119,153,152,159,127,142,178,120,137,157,187,158,209,182,160,183,269,132,88,216,126,148,175,108,117,103,125,157,179,148,113,94,132,117,174,133,171,176,139,195,112,130,195,183,132,146,137,126,164,88,113,119,85,134,187,127,179,153,219,148,191,140,119,111,104,118,144,186,220,114,169,124,151,135,115,164,129,152,122,119,148,157,151,150,173,159,112,205,123,173,155,138,181,233,214,156,161,162,123,149,190,154,135,96,93,129,137,172,219,208,135,139,143,128,147,159,131,211,110,133,276,174,197,169,178,150,152,113,159,114,174,198,161,147,160,136,180,95,124,107,115,10,9,7,5,4,7,11,8,6,8,5,7,8,8,8,8,10,6,10,10,6,6,11,6,10,6,11,8,9,11,6,6,6,9,5,8,7,12,4,7,5,6,7,8,7,7,8,5,7,9,7,10,9,11,6,6,6,7,5,6,7,7,7,6,10,9,9,6,8,7,5,8,6,6,8,5,12,10,6,7,3,6,6,5,9,12,6,5,9,11,7,6,13,6,5,6,8,10,9,4,8,6,9,7,7,9,11,9,6,9,5,8,5,8,5,5,11,7,6,8,8,7,9,7,8,8,8,13,6,4,9,16,6,5,7,7,8,5,9,9,5,7,11,8,7,7,9,5,9,7,14,7,11,6,9,9,7,9,9,8,4,8,7,7,7,7,5,10,7,4,8,8,5,5,9,7,12,8,8,8,9,7,8,7,6,7,10,11,6,5,8,6,10,4,6,6,4,6,6,7,74170,62785,62153,59231,66959,62081,60398,63564,66041,67507,5363,5931,4903,5152,5619,4919,4734,6003,4954,5317,222,243,197,215,215,247,219,236,214,211,240,241,251,211,229,249,246,242,188,209,22,24,18,19,20,22,22,21,21,19
CLEMENS_T1,BatchB,1,2932,6378,3108,3495,2703,2761,5684,2975,4875,6271,3251,6629,4897,3011,6153,2697,3380,2934,3202,2994,2758,2786,3129,8209,2913,2877,6145,3182,2933,2870,3260,3120,2721,2723,3116,3020,2894,7635,2929,3096,6962,2733,2800,2780,2836,5694,3204,3219,3098,2829,4666,6393,3032,3073,7891,2849,2938,3520,5517,9334,2823,2840,2896,6604,2942,2915,2802,2810,3120,2998,2901,4316,2753,3374,2938,3039,5078,7161,3332,5980,3103,3005,2899,5620,2931,2938,3187,4569,3238,6273,5932,2727,2855,4033,2745,5948,6033,3243,3099,8234,2898,5028,3245,2987,2837,2997,3017,2828,7847,2790,3053,3031,3965,2656,3066,5963,2911,2876,3431,2953,2749,6290,2877,6374,3174,2865,3095,4833,2791,2861,8244,5886,3437,3152,2538,5269,2711,3123,3563,3331,11016,3032,4528,2831,2836,3290,2860,3194,3069,2933,3023,6103,7920,2944,2753,3376,6500,2745,2867,2873,2950,2970,3366,3076,6135,2982,3061,3094,9853,6708,4471,3241,2732,2844,2819,3002,3156,3151,2809,6852,3254,6781,2671,3471,2719,3139,3036,2755,5815,6090,3520,8145,3757,4356,4424,3066,8141,3248,3048,7680,154,194,236,139,100,138,115,121,143,145,163,207,141,123,154,150,156,187,248,133,331,137,176,118,147,186,243,244,132,275,199,118,189,202,142,107,216,148,134,447,133,168,95,113,709,98,108,209,292,231,149,160,219,157,248,192,149,212,204,286,191,265,171,163,309,200,407,173,137,164,180,173,152,383,167,180,135,152,189,195,216,108,203,484,177,129,175,351,282,244,141,468,439,93,166,323,152,180,111,372,185,131,183,146,166,122,138,183,197,213,177,233,184,163,172,119,276,120,189,118,177,154,197,180,221,273,246,159,133,183,346,173,139,294,298,127,151,503,170,291,183,141,144,169,532,103,140,341,196,228,142,499,175,150,538,143,168,178,136,130,127,172,372,128,159,200,241,367,143,147,148,205,200,179,498,392,147,112,210,129,157,183,260,109,281,147,447,172,257,118,89,173,457,142,153,173,166,170,406,131,151,162,221,152,570,136,165,161,102,129,117,184,152,279,205,352,191,180,151,215,159,128,502,92,124,496,157,182,174,163,125,314,152,237,414,262,125,128,321,144,133,190,177,366,145,287,482,150,190,179,232,167,490,235,131,191,156,457,399,149,163,123,286,182,262,146,164,450,440,138,165,140,131,150,481,167,203,117,147,568,160,309,160,180,126,130,150,155,122,263,484,117,146,250,135,292,103,307,218,114,11,30,16,13,4,7,23,8,7,7,13,7,6,8,10,9,16,12,10,32,10,11,10,15,14,6,12,14,7,10,7,5,6,21,5,17,7,8,4,6,5,8,15,5,16,7,8,6,9,9,10,13,6,28,9,11,20,6,8,12,6,7,19,6,15,8,12,8,7,7,5,12,9,6,7,6,17,9,8,9,4,6,7,5,8,16,11,13,8,12,5,8,10,4,8,5,10,8,17,4,22,7,19,18,8,8,9,11,5,8,6,8,5,9,6,10,22,7,13,12,7,8,8,11,11,18,8,25,5,4,13,14,7,12,14,15,20,6,20,6,5,9,12,8,7,7,8,4,7,8,27,7,12,11,8,7,5,8,27,21,10,8,7,12,14,6,6,8,7,4,8,9,13,5,9,9,13,16,7,20,16,10,10,5,8,7,11,11,12,18,7,10,10,4,5,8,4,7,5,7,223939,173071,187034,202303,205646,180061,197667,200563,195795,214720,60136,67397,49155,49992,52866,46811,46947,58265,54216,51205,74,80,56,64,62,83,71,74,68,64,78,72,79,67,74,69,74,74,72,59,21,23,17,18,19,21,23,21,21,18
DIETRICH_T1,BatchB,1,3133,5874,3114,3107,2756,2804,5342,2870,4997,6225,3311,6375,5334,3023,6851,2844,3119,3028,3013,3172,2969,2547,3397,9278,2507,3148,6368,2840,3009,2898,3348,2912,3098,3115,3337,3148,3266,7332,2999,3355,7080,3712,2924,2936,3050,5692,3261,3218,3349,3048,4553,7301,2508,2830,7436,2889,2947,3149,5692,10740,2401,2818,2953,6446,2996,3239,2875,2940,3319,3328,2917,4267,2996,3081,2937,3147,5079,6214,2955,5909,2971,2653,2812,6223,2891,3027,2593,4869,3161,6062,6848,2886,2947,4263,2652,5928,6274,3029,3478,7571,2571,4764,2677,3154,2913,2731,2936,3079,6439,2694,2825,3054,3326,2918,2958,5187,3087,3118,3245,3194,2771,6728,3009,6703,3102,3033,2892,4362,3296,2970,7235,5486,3057,2923,2700,6319,3061,3084,3274,3297,9912,2595,4055,2931,2780,2823,2771,2854,2881,3010,2964,6764,8561,3340,2982,3008,6451,3169,2957,2766,3017,2702,3366,2770,5081,2779,3240,2936,9573,6712,3964,3409,3122,2588,2848,2970,3428,2999,3105,7450,2837,7467,2984,2930,3208,3220,2981,3038,7125,6180,3049,7703,3531,5212,4235,3042,8770,2812,3005,8257,161,182,224,155,96,155,124,121,126,154,159,190,145,159,155,177,162,234,264,118,263,151,148,134,168,175,245,211,120,275,229,130,140,197,124,135,209,180,114,337,135,153,105,107,656,139,131,185,306,249,146,173,204,217,273,185,151,210,190,293,273,273,136,134,314,162,371,144,147,132,179,167,156,400,210,156,117,147,195,127,247,96,167,515,205,152,153,283,299,307,140,388,482,111,126,346,121,165,106,283,226,123,172,137,171,128,157,193,232,218,179,211,189,166,183,134,236,125,187,117,166,124,190,185,205,277,310,176,147,154,444,160,125,295,298,115,168,393,200,407,162,168,160,163,517,97,131,389,220,211,179,509,141,175,467,152,134,178,121,116,150,141,489,115,170,216,271,414,153,160,158,199,150,184,424,344,160,113,251,128,148,162,307,117,241,150,316,130,268,115,104,154,474,186,183,144,168,186,406,114,126,146,179,148,657,136,133,171,99,112,129,185,130,320,217,312,234,190,138,183,144,122,378,108,134,560,133,166,154,136,135,301,156,260,476,279,127,101,313,152,145,154,175,436,136,238,491,122,183,165,230,157,510,217,149,147,199,410,321,150,158,124,228,145,261,131,124,502,443,121,131,131,151,161,475,145,200,131,130,594,146,356,163,159,165,153,135,138,155,280,460,178,151,267,129,300,96,337,232,131,9,22,17,12,4,6,23,9,7,9,11,6,7,7,9,6,17,13,9,23,8,12,11,15,12,6,12,11,7,9,7,5,7,19,5,19,5,9,4,7,4,5,12,8,17,7,7,6,10,9,7,15,8,28,8,9,17,6,8,12,6,7,17,6,15,7,14,6,11,7,5,15,8,6,7,6,19,12,8,7,4,6,6,5,10,14,10,10,8,9,6,8,12,4,11,7,7,7,18,4,22,8,17,19,6,8,8,13,5,7,5,9,4,7,6,11,27,8,13,12,6,8,8,12,10,15,7,19,6,4,11,14,7,9,13,17,19,5,21,9,5,9,14,7,7,7,7,5,9,6,21,9,10,9,8,8,5,7,22,20,9,8,8,11,14,5,6,9,6,4,9,6,17,6,8,7,17,21,8,18,15,8,11,6,6,7,8,11,9,21,9,12,13,4,6,6,5,5,5,7,1682,1380,1312,1513,1515,1303,1225,1464,1479,1496,1629,1748,1675,1719,1690,1625,1562,1907,1671,1657,15,18,12,15,15,17,15,17,16,15,18,15,17,16,16,17,16,17,15,13,21,23,19,17,19,23,25,21,21,17
JACOBS_T1,BatchA,1,3397,2792,3068,2843,2918,2477,2864,2821,3014,3152,3179,2913,2928,3021,3000,3013,3038,2916,3216,2797,2759,2935,3017,2945,3018,3082,2888,2940,3019,3021,3306,3176,3110,3076,2938,2832,3211,2727,2884,3373,3096,3396,2585,3138,3492,2844,3139,3221,3078,2846,3369,3234,2558,3274,2766,3042,2914,3579,2774,3304,2494,2872,2790,3404,3115,3267,2743,2874,3001,2847,2709,2952,2751,2953,2983,3259,2852,2729,3303,3041,2980,3123,2949,3142,2628,2798,2916,2693,2787,2972,3256,2754,2979,3081,2629,2905,2929,2698,3124,2701,2889,3484,2652,3091,2587,2885,2770,2417,2795,2861,2918,2533,2832,2914,3545,2968,3087,3192,3236,3103,2607,3043,3208,2823,3140,2868,3584,2916,2726,2876,2903,2763,3270,2839,2871,2948,2998,3346,3576,3573,2849,2448,2808,2922,2917,2900,2816,3063,3251,3044,2758,2704,3102,3007,2963,3118,2970,3459,2736,2936,3039,3203,3200,2927,3843,2581,3292,2819,3060,3106,2823,3175,2906,2585,2716,3045,3373,2689,3150,2809,3198,2664,2861,2940,2777,3259,3080,2575,2865,3359,3358,2992,2668,3325,2576,2664,2966,2863,3269,2667,179,176,143,198,92,137,132,118,120,126,158,110,145,120,158,157,161,223,133,131,131,139,152,100,132,150,232,233,124,167,119,137,145,185,153,137,88,162,103,135,140,126,124,82,223,120,96,221,308,128,122,168,252,126,133,171,155,145,140,125,142,140,147,125,145,178,174,170,141,162,155,133,139,221,207,166,148,126,171,149,143,97,186,175,146,150,169,155,154,159,159,166,216,107,149,156,162,162,106,152,190,99,211,150,161,116,145,189,138,184,188,160,243,143,144,154,172,135,172,135,186,163,166,171,228,222,125,137,97,163,212,173,119,102,154,115,113,162,200,157,87,120,154,140,197,83,147,162,97,215,153,173,148,178,135,166,168,153,119,145,160,160,162,122,137,196,137,115,167,178,129,174,176,175,155,247,144,97,214,137,124,197,79,105,100,142,157,144,172,102,99,163,155,146,150,140,172,154,179,145,136,162,178,126,170,133,154,187,101,131,102,79,114,170,145,156,196,191,155,194,139,114,141,116,126,128,152,241,132,159,111,164,137,91,186,119,150,118,111,159,142,165,163,204,136,120,195,129,187,168,164,129,204,268,188,159,199,119,151,151,163,113,117,101,133,140,135,240,198,135,163,130,146,144,229,128,184,102,120,234,134,210,145,159,136,136,116,167,117,163,198,168,158,146,139,166,124,131,98,128,9,9,6,5,3,7,13,8,7,7,5,8,8,6,9,8,8,7,10,9,6,5,10,7,10,6,10,7,9,13,7,6,8,9,5,7,6,10,4,6,5,5,9,7,8,7,7,5,7,9,10,9,8,15,6,9,6,5,6,6,7,9,9,5,8,8,6,6,8,6,5,8,6,6,7,5,8,10,6,6,3,4,6,5,7,12,6,6,8,12,6,7,12,5,5,7,7,9,7,4,8,6,12,6,6,9,9,6,6,8,6,9,5,8,8,5,8,9,6,10,8,7,9,5,7,6,7,11,5,5,12,13,5,5,5,6,7,7,9,8,5,9,14,8,6,6,9,4,6,5,12,6,10,5,8,10,7,10,12,7,5,8,7,6,8,5,5,7,6,3,9,8,5,6,10,9,14,8,7,7,8,10,11,7,7,6,8,9,6,6,8,9,9,6,6,7,5,6,6,6,1000000,1000000,970611,1000000,1000000,932231,861353,1000000,1000000,1000000,1000000,1000000,1000000,1000000,1000000,1000000,1000000,1000000,1000000,1000000,17,20,16,14,16,19,20,20,16,16,18,19,19,19,18,19,18,19,15,16,21,23,19,18,23,21,24,20,21,19
RAINS_T1,BatchB,1,3000,5844,3206,3256,2648,2811,5422,3023,5566,6551,3046,6065,5453,3161,6583,2962,3151,2660,3089,2879,2854,3046,2951,8655,2892,2892,6032,3062,2930,3130,3207,2863,3123,2650,2819,3051,2991,7233,2842,2913,6409,2958,2984,3160,2769,6192,3350,3406,3201,2901,4755,7166,2759,2947,8254,3195,2824,3114,6008,9796,3012,2777,2940,6385,3193,3162,2905,2933,3160,3063,2803,4024,3065,2993,2856,3183,5189,6084,3115,5360,3054,2918,2922,6287,2530,3076,2959,4155,3066,6879,6633,2565,2963,4401,2571,5760,5798,2551,3124,7678,3338,4403,2913,2882,2945,2882,3011,2998,6694,2495,3096,2921,3521,2633,2965,5324,3027,2959,3372,2802,2900,6314,3097,6487,3063,2973,3177,4800,2991,2666,7789,5597,3103,2787,2501,6417,2835,3027,3173,3593,9795,2456,4656,2778,2943,3126,2786,2889,2999,3063,2852,5777,8629,2708,2738,3309,5781,3099,2860,2871,3250,2950,3399,2936,5455,2610,3124,3528,9460,6385,4306,2812,3087,2837,2909,2929,2837,3189,2982,7187,3191,7132,2864,3412,3019,2960,3222,2724,6457,5822,3174,8030,3637,4803,4544,2783,9698,2931,2804,8429,159,193,222,151,91,149,116,115,123,133,170,218,143,130,145,163,189,163,217,139,335,151,169,112,159,183,233,184,131,316,195,136,163,188,120,118,213,128,107,393,138,150,100,131,739,111,120,217,263,236,146,150,238,246,229,196,180,234,236,387,258,247,159,151,328,164,305,182,181,139,192,154,148,357,203,134,131,143,182,148,234,102,189,419,217,132,158,353,304,308,143,446,491,101,152,302,164,144,97,315,243,119,164,126,185,111,150,196,252,256,202,196,280,149,183,155,256,134,182,125,176,159,181,161,210,340,261,154,119,205,375,160,125,302,291,119,125,437,205,367,158,163,166,196,541,78,162,434,169,185,162,636,136,203,421,141,193,189,128,168,134,130,422,111,151,164,266,331,165,200,135,190,160,170,382,371,127,128,226,131,154,192,257,100,260,142,383,173,273,117,78,138,484,155,163,171,180,161,384,133,150,138,192,144,575,149,141,181,125,116,97,185,147,361,210,305,164,166,128,200,141,118,464,114,146,514,186,183,158,141,108,290,162,344,440,258,120,121,357,139,146,205,156,390,149,270,389,126,175,179,240,147,582,239,147,146,203,440,427,132,165,116,212,171,200,106,168,498,355,116,174,124,136,136,437,149,169,108,147,552,154,343,143,130,148,126,154,141,124,248,446,190,135,242,131,283,110,266,206,116,12,27,18,12,4,7,27,8,8,7,9,7,8,9,7,9,22,13,10,28,8,14,10,18,14,6,10,12,6,9,8,7,6,19,5,15,5,11,5,8,5,7,13,6,16,7,8,5,9,9,9,15,7,23,6,12,19,6,7,12,7,9,16,5,13,9,14,6,7,8,5,14,7,5,8,5,16,10,9,8,3,6,8,5,9,12,10,10,9,10,5,8,10,6,9,8,8,9,16,5,19,6,17,23,6,8,9,12,4,8,5,7,5,7,5,12,28,8,12,11,7,8,9,16,8,17,7,25,5,3,12,14,7,12,14,14,20,5,22,12,5,8,12,9,8,7,10,4,8,5,21,7,12,9,10,9,5,7,30,18,10,8,7,13,13,5,5,8,6,4,8,7,20,5,10,7,15,20,8,15,14,8,8,7,6,6,10,11,8,22,8,12,8,4,6,6,4,6,6,7,0,0,0,0,0,0,0,0,0,0,0,0,0,0,0,0,0,0,0,0,40,48,36,39,41,45,45,45,40,40,42,43,45,44,47,44,48,44,38,34,22,21,18,20,20,22,24,20,20,19
WREN_T1,BatchB,1,3151,6042,3274,3159,2767,2792,5791,2729,4637,5644,3148,5557,5520,3623,6728,2775,3012,2735,2925,3104,3073,2798,3208,8979,3022,3149,6048,2910,2926,3017,3107,3025,2866,3040,3138,3023,2715,7654,2846,2938,7074,3008,2835,2830,2615,6284,3480,3004,2892,2678,4438,6974,2500,3126,8037,2869,3090,2916,6291,9153,2644,2820,3003,5888,3023,3101,3017,2777,3214,3090,2996,4532,3030,2783,2895,2786,5549,5821,3193,5657,2939,2822,3114,6562,2612,3036,2811,4684,3103,6473,6618,2897,2983,3995,2526,5787,6170,3021,2866,8319,3199,4938,2671,3369,2868,2857,2885,2711,6948,2576,2916,2768,3735,2845,3094,5341,3488,3056,3207,2854,2912,6708,3127,7041,3154,3023,3137,4440,2635,2598,7546,6029,2983,3006,2935,5845,2669,3317,3354,3729,11497,2854,4627,3198,2666,2738,3038,3089,3213,2860,3045,5724,8247,2920,2918,3374,5930,2991,2964,2720,3040,2692,3412,2981,5355,2940,2925,2874,9738,6433,4062,3052,2616,2786,2602,3025,3102,3117,2825,7393,3297,6762,2929,3498,2911,3449,2995,2654,5878,6297,3656,8120,3516,5345,4143,2696,8765,2849,3114,7682,217,206,217,179,108,146,124,124,114,140,180,263,125,141,139,173,177,178,232,136,347,155,145,120,148,160,235,220,129,282,189,123,167,223,126,149,207,133,117,435,113,138,102,102,799,103,121,214,278,270,125,167,206,175,222,191,132,231,218,325,258,271,172,154,337,180,399,149,132,161,200,156,157,400,226,135,157,116,191,134,222,99,185,367,227,157,163,308,264,290,127,455,458,93,164,285,141,150,89,296,234,105,180,153,169,128,129,201,240,231,181,212,239,173,160,144,310,134,191,95,159,146,150,148,231,333,286,141,123,225,318,183,124,316,368,106,136,388,211,401,197,157,150,147,631,105,127,358,181,183,129,474,126,181,412,152,157,209,122,145,144,169,483,110,162,215,226,321,131,179,128,185,166,185,460,361,147,141,209,123,139,178,259,104,247,122,375,156,295,112,99,126,478,202,156,148,161,152,364,121,156,118,189,148,480,145,146,158,96,107,111,198,143,386,249,358,188,212,159,184,164,150,509,122,117,554,151,202,161,160,98,318,140,259,475,326,118,113,310,166,155,167,138,370,148,233,497,142,168,180,238,157,445,229,170,140,225,510,432,154,191,130,240,160,236,122,147,576,388,120,169,163,172,134,437,143,212,111,171,585,150,334,149,140,166,137,158,183,126,316,457,151,132,283,126,307,96,252,230,117,8,25,13,13,4,7,21,8,6,8,11,7,9,9,9,8,19,12,11,24,8,17,10,15,14,6,10,12,6,12,8,7,6,25,4,16,7,10,4,7,6,8,11,8,20,6,8,6,7,9,8,18,7,26,6,13,14,7,7,9,7,9,15,7,16,8,15,7,11,6,5,14,9,7,8,5,17,10,7,8,5,5,6,5,7,12,9,11,7,11,6,8,10,5,9,6,7,11,22,4,18,6,19,22,7,7,8,10,5,8,6,8,6,9,6,11,21,7,13,11,8,7,8,16,9,13,5,23,6,3,10,15,7,11,13,17,19,5,27,8,5,8,11,7,6,7,8,4,9,7,26,7,12,10,10,8,5,7,34,20,11,8,7,10,12,4,5,9,7,4,10,9,14,5,8,8,14,21,10,19,15,8,9,6,6,6,9,10,10,22,8,13,9,3,6,6,3,5,6,8,3,3,2,3,3,2,2,3,3,3,1,1,1,1,1,0,1,1,1,1,94,94,79,82,84,102,98,98,89,84,94,99,89,95,93,92,100,93,75,74,22,21,19,16,20,22,24,21,19,18
BELLOT_T1,BatchB,1,3007,5890,2991,2978,2404,2848,5243,2649,4803,6268,3079,5730,5305,3225,6598,2984,2888,2803,3090,2939,3003,2856,3284,7793,2836,3222,6128,2850,3251,2877,3073,2783,2880,3227,3208,3196,2951,7736,2617,3392,6648,2988,3013,2830,3103,5511,2905,2703,3256,3108,4986,7221,2922,3200,8187,2780,2874,3101,5255,8309,2853,2982,3020,6287,2720,3042,2934,2990,3294,2911,2587,4412,2774,3374,3096,3032,5649,6465,3246,6329,3501,2890,3037,6168,2939,3047,2829,4444,3129,5927,6449,2769,3005,4202,2716,6402,6863,3033,3095,6906,2682,5100,3177,2965,2811,2739,3048,3063,6709,2815,3103,2876,3766,2775,3083,5846,3010,3075,3145,2861,2857,6965,2951,6549,3309,3002,2991,4870,3073,2802,8083,5990,2784,2782,2560,5773,3175,3287,3229,3755,10410,2906,4733,3222,2867,3158,3164,2985,2999,3140,2659,6448,7888,2947,2924,3413,5815,3206,2654,2839,2899,2803,3458,3106,5436,2890,3191,3154,10011,6045,4059,3078,3081,2926,3054,3437,3025,2967,2973,7632,2968,7616,2947,3150,2892,3419,3077,2882,6209,6507,3376,7943,3505,4905,4339,2998,9003,3008,3199,8038,156,220,198,191,89,133,107,141,130,170,196,171,158,121,148,188,155,192,218,106,311,148,166,128,172,162,218,217,141,277,218,124,148,172,121,145,218,132,167,366,129,135,119,107,769,115,130,216,257,253,162,156,248,206,211,187,148,225,193,273,257,268,168,137,280,183,321,160,165,141,186,154,190,302,187,172,110,120,204,148,290,106,181,510,256,143,147,318,323,239,138,349,476,101,152,289,151,146,141,323,185,107,171,131,146,125,133,197,244,198,166,194,237,155,187,151,322,114,164,100,154,146,164,155,285,304,225,165,133,189,365,157,125,338,311,128,122,493,172,398,178,158,146,139,524,90,121,387,191,185,149,461,134,170,488,150,158,185,130,151,133,157,488,142,132,203,215,394,150,191,157,169,147,173,458,411,164,111,183,121,153,194,254,136,275,124,419,140,229,116,98,163,485,143,163,127,190,144,365,139,151,163,164,159,501,134,141,168,109,151,119,196,138,346,212,363,175,214,186,219,165,113,525,100,109,499,171,195,159,155,108,304,143,289,355,294,171,122,331,151,158,178,161,422,140,268,528,133,200,169,234,146,564,220,137,161,199,452,470,146,133,122,188,172,261,135,142,506,523,124,141,136,124,170,342,134,221,135,163,506,147,339,126,166,142,137,145,163,140,283,422,153,117,247,142,345,105,279,207,116,10,33,16,14,4,7,21,7,6,10,10,6,7,6,10,8,22,10,10,28,10,19,9,14,14,7,10,13,7,10,9,5,5,18,6,12,7,9,4,5,4,5,14,6,18,7,7,7,9,7,8,21,8,33,8,13,21,6,7,12,7,8,17,6,14,9,13,7,7,10,5,16,9,7,6,4,15,10,6,9,4,5,6,5,8,14,9,11,8,11,6,7,12,4,9,5,7,9,17,5,23,6,18,21,6,9,9,9,5,8,5,10,6,8,6,11,21,8,12,11,7,7,10,14,8,15,5,18,6,4,11,16,6,11,13,14,19,5,23,10,6,10,13,8,9,6,9,7,8,6,22,6,13,11,10,6,6,7,31,17,11,7,8,10,17,4,5,10,7,5,10,11,16,6,9,7,15,17,9,19,14,9,11,6,8,7,8,11,11,21,9,12,8,5,6,6,5,6,5,6,11865,10408,10510,10280,11948,9164,9118,11446,10666,11655,2050,2143,1824,1851,1984,1892,1783,2385,2057,1945,106,116,94,88,101,120,101,113,99,98,110,108,109,103,113,101,123,119,105,86,20,23,19,17,20,23,25,21,21,18
CHRISTIE_T1,BatchA,1,2722,2843,2998,3148,2865,3008,2801,3023,3003,2692,3165,3360,3480,3127,3208,2997,3079,2888,2911,2933,2963,2852,3402,2873,2893,3098,3023,3297,3014,3016,3439,3035,2948,2572,3163,3271,2917,2633,2631,3099,3361,3108,2965,3306,2785,3138,3102,2707,3366,2898,3199,3018,2729,2999,2651,2805,2688,3225,2885,2823,2564,3035,3083,2984,3144,2982,2856,3014,3413,3163,2741,2813,3061,2784,3273,3241,3195,3175,3173,2657,2820,3030,3061,2770,3047,2999,2848,2843,3232,3244,3214,3096,2906,3091,2910,2474,2764,2854,3316,2907,2893,2918,3133,3218,2941,3232,3110,2681,3323,2719,2898,2679,2979,2792,2975,2689,2848,2950,3230,2940,2930,2945,2811,2859,3035,2789,3221,2929,2762,2694,2593,2797,3073,2904,2925,2923,3026,3202,3439,3248,3069,3034,2753,2987,2678,3190,2896,2931,2978,3322,2774,2834,2808,2857,3105,3016,2822,3229,2992,2915,3114,2979,3202,2918,3238,2844,3610,2970,2882,2837,3214,3005,3261,3033,3010,2990,3372,3506,3081,2868,3132,3012,2781,3225,2994,3251,3285,2787,2656,3177,3822,3020,2759,3177,3021,3082,3020,2865,3074,2881,167,176,155,205,85,143,120,112,128,149,193,125,148,125,140,193,161,167,144,165,160,186,141,114,146,140,294,250,108,132,99,139,159,197,116,140,93,141,132,148,120,149,94,123,199,128,109,187,259,133,127,177,222,122,123,178,183,126,148,131,135,159,140,151,155,181,151,180,171,154,165,149,120,260,201,141,115,95,180,153,151,106,185,176,131,124,131,142,150,146,137,128,175,100,131,176,180,129,105,121,212,128,201,102,154,122,156,197,151,206,159,141,179,158,148,130,193,132,190,139,177,128,197,158,214,160,114,115,101,126,213,176,133,134,127,104,138,154,172,169,92,166,130,141,219,79,147,152,91,231,157,148,120,182,169,167,190,160,106,141,161,150,169,121,141,192,121,135,169,202,163,185,177,181,178,237,129,106,203,146,164,173,97,122,120,115,158,162,133,95,111,169,156,172,186,134,194,166,171,135,157,169,175,137,175,141,148,179,100,119,105,92,119,166,143,137,220,219,156,177,177,133,132,124,137,141,161,188,125,185,115,177,135,98,168,127,118,115,121,148,124,174,162,218,137,101,171,165,179,169,136,138,257,252,145,188,184,129,166,150,173,129,109,109,128,131,134,207,173,134,180,137,146,149,146,128,195,131,170,228,158,221,137,190,128,147,129,172,124,172,166,147,131,200,140,199,113,131,82,115,9,11,7,5,3,9,15,9,7,7,6,5,7,7,8,9,8,6,12,9,6,5,11,7,9,7,10,8,10,12,5,5,7,8,4,8,8,12,5,6,5,6,8,6,7,6,8,7,8,10,9,8,8,12,5,7,7,7,5,6,7,10,6,6,10,11,6,7,8,9,6,7,8,6,8,6,11,12,8,10,4,6,8,7,8,14,5,5,7,11,7,8,11,4,4,7,7,8,8,5,8,7,9,7,7,8,10,9,6,9,5,7,7,6,5,5,8,10,6,11,6,7,9,6,7,7,7,9,6,5,10,14,7,5,8,7,8,6,7,9,5,9,14,10,6,7,8,4,9,8,11,7,10,6,10,8,7,7,11,7,6,9,6,8,7,4,6,7,6,4,9,6,6,5,11,6,18,7,7,9,9,7,10,6,7,6,9,9,6,7,8,7,9,4,6,5,4,7,6,7,256,220,197,217,238,192,201,225,220,252,65,60,52,57,59,52,52,67,60,56,76,84,62,65,72,87,80,79,71,67,77,75,82,77,74,79,82,82,63,63,20,21,18,16,20,22,21,21,20,20
FRANK_T1,BatchA,1,2830,2984,2900,3136,2963,3109,3263,3153,3036,2813,3188,2753,3053,2948,3152,2883,2747,3173,3375,3233,3150,2762,3016,3159,2634,2950,3001,2987,3418,2891,3102,3216,2727,2681,2954,3393,3243,2606,2981,3086,3164,3261,2696,3029,2933,2648,3083,2636,3305,3123,3230,3027,2896,2747,2694,2658,2722,3463,2850,3243,2773,3070,2984,3110,2928,3142,2911,2738,2831,3209,2728,2605,2521,3220,2599,3071,2952,3016,3187,3101,3128,3067,2735,3121,2802,3107,2802,3230,2883,2992,3134,2796,3173,2984,2837,2822,2846,2474,2924,2936,2955,3120,3051,3138,3039,2872,2873,3007,2971,2737,3005,3233,2909,2869,3008,2738,2922,3110,2969,2921,2967,2841,3138,3262,3241,3197,3175,2801,2932,2861,3115,2686,3508,2874,3082,2883,2743,2818,2963,3336,3237,2787,2545,3081,3092,2530,2656,2812,3266,3093,2845,2972,2833,2954,2836,3342,3407,2598,2979,2771,2733,2652,2983,2924,2931,2748,3126,3134,2680,2819,2879,3057,2862,3045,2967,3110,3469,3244,3097,2892,3359,3097,2980,3121,3412,3328,3207,2930,2786,3208,3217,2661,2812,3350,3286,2670,2894,2522,3054,3215,147,235,116,187,97,181,146,138,134,147,197,104,173,147,120,207,149,179,152,128,157,172,142,115,133,158,231,213,105,139,84,124,134,196,117,149,88,167,129,146,152,153,102,107,209,121,124,215,325,121,124,163,157,134,148,172,159,143,143,111,140,140,125,140,162,166,124,164,136,144,130,142,151,205,211,138,135,120,172,186,152,97,192,177,132,139,158,155,198,144,120,136,187,85,129,175,131,125,96,160,199,116,160,121,155,150,129,229,137,202,221,169,200,173,170,129,134,155,188,106,173,135,162,167,210,170,115,149,124,137,218,148,102,130,152,121,132,137,232,129,90,157,143,171,218,88,136,170,107,246,227,181,119,165,196,159,155,166,133,154,132,161,207,139,130,174,131,149,154,142,136,202,167,177,182,248,130,98,182,115,156,218,107,140,97,113,152,140,159,104,104,145,133,148,180,156,206,147,156,119,139,158,204,134,162,115,165,167,98,120,99,88,110,163,129,164,208,168,124,227,144,119,119,123,115,123,195,230,115,153,116,171,144,108,202,144,113,129,126,140,116,177,186,195,142,108,219,131,189,151,141,147,229,241,179,128,176,114,146,146,164,137,108,78,106,135,138,222,237,156,153,147,134,158,161,121,197,127,139,255,133,198,144,140,157,146,141,158,111,191,181,176,121,156,152,153,101,140,107,128,10,11,7,5,4,7,15,9,7,8,5,6,8,8,9,9,10,6,9,10,5,5,11,6,10,6,11,8,8,10,6,5,6,8,6,10,7,12,4,6,5,8,8,5,7,8,6,5,8,11,8,9,9,11,6,7,6,6,7,6,7,9,7,6,9,9,8,5,8,7,5,7,8,6,9,6,10,12,7,6,4,5,8,4,10,14,6,6,10,11,6,9,11,5,7,7,7,8,8,5,10,7,9,6,9,8,10,9,5,9,5,8,5,7,7,5,7,8,7,10,6,7,8,6,7,6,6,10,6,4,12,13,6,5,7,7,9,5,9,9,5,8,12,6,7,7,10,5,6,7,12,7,11,6,7,8,6,7,9,7,5,7,6,6,9,4,7,8,6,4,9,9,6,6,10,8,16,6,7,8,9,8,11,6,6,8,9,12,7,8,8,9,10,3,6,6,4,6,6,8,15819,14524,12197,14248,15013,13762,12009,15002,14010,13724,8648,9254,8709,7547,9267,7260,7044,8612,8022,8006,36,38,30,30,31,35,36,36,31,31,35,33,38,34,30,32,37,36,33,28,21,23,19,17,21,21,24,21,20,17
FROST_T1,BatchA,1,3207,2774,3211,3386,2420,2951,3380,3073,2741,2835,2818,2888,2940,3295,3001,2960,2909,2911,3225,2981,2887,2878,3091,2789,3049,2862,2933,2794,3161,2908,2869,2684,2975,2683,3398,3336,2810,3001,3083,3283,2967,3052,2948,2984,3169,2625,2908,3079,2912,3072,3280,2907,2544,2817,2890,2926,2981,3289,3033,2907,2601,2994,3522,3082,2998,3113,2785,2875,3322,3151,2896,2714,3080,3242,2981,3163,3221,3402,3215,2728,3072,2957,2852,3140,2906,2800,2982,2742,2972,3243,3132,3024,2675,2848,2679,2528,2634,3165,3225,2897,3003,3192,3103,2967,2889,2487,3077,3099,3192,2760,2849,3114,3047,2797,3129,2809,3258,2929,3058,2890,2907,2886,3270,3581,2764,3556,3075,2951,3054,2634,2992,3067,3048,2962,2704,2766,2937,3326,3316,3639,3040,2963,2560,3110,2855,3147,3045,2943,3266,3059,3173,2720,2581,2976,2986,3161,2806,3290,3014,2764,2919,2726,3319,2772,3197,2832,3010,3197,3005,3096,3190,3256,2980,2906,2739,2982,3424,3122,2787,3275,2940,3224,2955,3081,3162,2959,2766,2796,2624,3498,3399,3263,3020,3515,2815,2807,3024,3020,3237,3222,168,175,152,161,100,174,132,115,116,157,166,118,156,115,134,180,171,178,130,138,157,156,139,116,160,165,232,232,134,165,121,110,141,198,104,119,100,161,96,151,119,154,99,109,248,122,132,238,242,124,155,141,183,122,139,167,154,148,149,122,103,117,159,144,153,171,174,145,146,182,132,134,129,242,207,202,155,130,216,136,202,87,166,146,113,135,154,157,127,137,125,159,207,85,149,148,170,149,114,133,193,110,188,140,165,110,146,186,158,201,167,158,194,147,160,135,150,122,174,106,167,131,195,156,213,145,93,135,118,138,191,184,125,125,141,114,131,175,199,180,110,152,157,168,187,114,121,204,114,237,149,205,144,167,207,164,145,141,121,144,133,165,178,128,143,195,138,123,157,177,130,226,217,184,176,245,144,112,175,137,170,197,118,136,96,109,152,154,165,91,96,141,125,171,146,169,185,170,163,137,136,169,197,133,168,146,134,200,99,119,114,89,138,211,141,134,186,180,135,196,148,116,146,110,145,162,200,189,112,175,114,165,139,86,172,120,129,109,114,144,148,181,154,210,155,107,184,134,219,145,121,147,217,215,133,168,196,124,132,142,198,126,122,92,124,121,165,218,196,124,147,171,171,148,142,137,164,120,157,264,148,194,156,160,170,165,127,168,125,173,170,149,108,158,123,204,89,129,83,96,14,10,5,6,4,6,10,7,6,8,6,7,11,7,9,7,9,7,8,12,6,7,11,7,10,6,12,8,10,9,7,6,5,10,5,7,6,12,4,5,5,6,10,7,7,7,10,7,8,9,8,7,8,13,8,7,6,6,6,7,6,8,6,6,8,8,8,7,9,8,5,8,8,6,8,4,10,12,8,9,4,6,6,6,9,13,5,6,7,11,6,8,11,5,5,7,7,10,9,4,8,7,8,6,6,10,7,8,6,9,4,7,5,9,7,6,9,8,7,11,7,9,8,7,8,7,7,10,5,4,9,17,7,4,7,6,8,6,9,9,5,8,10,8,7,8,10,4,6,5,11,6,10,6,7,8,6,8,11,8,6,6,7,7,7,5,5,9,7,4,8,6,6,5,8,8,14,9,8,6,9,8,9,8,6,6,8,9,6,6,7,8,13,4,6,6,5,5,5,6,1100,922,852,916,1038,913,897,1027,966,1001,750,865,834,848,824,862,712,833,786,711,25,25,20,23,22,23,25,25,22,22,23,24,26,22,24,25,25,25,20,19,20,20,19,17,21,22,24,21,20,18
GORMAN_T1,BatchB,1,3078,5720,3298,3303,2632,2641,5212,2736,4580,5781,3140,6182,5208,3147,6737,3071,2996,2967,3093,2642,3029,2993,3147,8406,2917,3023,6113,3177,2837,2929,2106,2997,2467,2600,3074,3546,3171,7314,2895,3148,6826,3076,3282,1722,2855,5792,3602,2654,3169,3075,4397,6511,2915,3060,8169,1149,2967,3431,5629,8348,2644,4881,2917,6306,3038,2860,2755,3087,3133,2723,1264,4521,2773,2907,2910,3370,5360,6541,3057,5724,3083,2974,2775,6379,2581,2934,2783,4306,3126,6399,5656,3096,1446,4177,2689,5729,6482,2705,3183,7013,2833,4985,2567,7156,2576,3311,2937,1977,7687,2958,3104,2887,2317,2625,3029,12910,3130,3032,3200,2645,2144,6228,2942,6540,3005,2764,3243,4480,3148,2982,15271,5505,2830,2781,2999,6292,2846,3144,3675,3507,11254,2672,3889,2833,2809,2884,2861,3433,3356,2883,2650,7078,9255,2971,2925,3272,5727,3151,2772,2667,3043,2858,10082,2714,4895,3015,3115,2836,9544,6967,4181,3142,3054,2675,3121,2996,9272,3414,2942,8424,3247,6876,2826,3023,3030,3014,3087,3597,6283,6069,3154,7618,3557,4738,4853,2867,8247,2843,3037,7879,173,232,226,161,112,145,123,127,121,158,187,219,157,155,138,203,186,169,244,130,327,156,161,99,151,151,167,233,119,199,209,139,141,169,124,148,277,151,145,471,110,52,107,115,812,127,109,195,244,214,158,178,182,210,224,154,156,280,253,273,237,126,139,136,313,198,357,281,135,143,155,182,153,380,197,154,128,106,391,142,223,117,192,378,206,133,155,300,208,225,126,405,473,106,140,367,161,125,117,370,237,115,181,148,138,100,139,208,223,195,177,209,197,158,140,142,243,70,186,137,185,150,290,198,204,283,321,140,116,153,327,182,230,356,324,118,284,382,201,1056,179,95,138,155,393,101,120,450,189,217,156,568,135,172,476,140,144,217,129,157,148,135,519,102,152,187,245,372,148,135,133,181,412,176,504,406,132,126,184,220,167,207,255,115,254,114,342,165,285,100,104,132,462,180,156,154,156,149,349,136,135,163,193,154,425,146,166,156,114,121,95,167,149,286,230,334,178,189,136,260,154,127,487,103,108,466,196,240,105,159,120,281,117,358,421,306,142,101,391,151,152,146,174,391,126,257,485,136,165,141,124,131,512,233,162,373,212,503,378,135,174,116,227,182,224,131,117,498,495,124,153,145,127,154,374,126,134,107,111,595,401,356,173,161,155,140,160,152,101,220,443,178,135,240,136,566,50,311,216,116,10,23,15,12,4,7,16,8,7,7,12,7,8,8,5,7,21,9,7,30,8,13,10,9,16,7,11,10,8,10,6,6,6,21,5,28,6,12,4,5,4,6,13,7,17,8,8,6,10,9,8,15,6,29,6,11,14,6,5,6,6,8,21,5,9,10,16,7,9,7,5,16,8,7,8,5,14,11,6,4,4,4,7,7,7,24,10,12,7,11,6,8,15,6,10,6,6,4,17,4,17,11,20,22,6,4,10,11,6,9,5,8,9,8,7,70,25,7,14,9,8,6,10,19,7,19,8,19,6,4,13,14,7,12,15,16,19,5,14,8,5,8,11,6,2,8,9,5,8,7,27,7,10,11,11,7,6,10,12,18,10,8,7,7,13,5,5,4,7,4,11,9,16,6,10,7,17,20,6,37,14,9,9,8,8,6,9,11,9,18,8,11,10,4,6,6,4,6,6,6,139393,130640,108557,129724,141362,109813,119064,135958,118364,122710,224096,116447,105524,106934,112369,100716,106474,107946,105028,98359,24,25,19,19,22,26,23,27,20,23,22,23,22,22,23,22,25,25,9,18,21,25,19,17,22,25,23,19,21,43
NEWT_T1,BatchB,1,3037,6476,2751,3288,2983,2488,5068,2609,4543,6208,2916,6331,5240,3085,6963,2730,2813,2568,3156,2921,2928,2999,3065,8370,2457,2872,6568,3100,3096,3039,3354,3112,2850,3141,3204,3149,2845,8038,2922,2879,6842,3226,2995,2894,3266,5888,3298,2938,3224,2905,4361,6682,2668,2696,8184,2676,3284,3202,5817,9076,2687,3165,2954,6254,3221,2828,2965,3375,3131,2875,2828,4128,2892,2959,3322,2975,5319,6009,3028,5975,2750,3144,2940,6092,2954,3198,2785,4422,2883,6089,6089,3000,2763,4049,3107,5893,6002,2942,2757,6590,3115,4965,3158,3181,2748,3227,3082,2805,7591,2546,2811,2805,3718,2606,2757,5039,2941,2940,3109,2676,2792,6277,2750,6519,3491,3021,2911,4973,2919,2914,7573,5567,3217,2943,3074,5930,2937,2989,3313,3950,10250,2820,3968,3171,2883,2988,2803,3116,3431,3246,3125,6370,8248,2929,2987,3346,6388,3113,2704,3071,2684,2908,3303,2713,5168,2825,3478,2998,9520,7793,3841,3088,2896,2839,2896,2886,3244,2821,2770,7166,3324,7183,2783,3127,2968,3070,3008,2551,7130,6483,3186,7950,3756,4364,3697,2961,8140,3054,3090,8062,170,212,203,172,99,143,121,125,118,139,177,180,149,139,140,189,189,209,244,110,305,135,176,112,185,165,217,226,113,286,196,142,172,158,143,158,210,165,100,385,118,131,102,113,780,114,132,164,293,273,131,177,217,192,277,188,133,246,199,344,254,278,158,140,301,174,373,169,156,161,207,159,163,377,253,160,115,124,201,135,233,115,190,435,236,151,192,360,313,270,149,444,455,116,148,308,146,118,107,331,191,120,173,135,149,117,125,194,234,225,173,251,230,143,155,142,246,149,172,129,161,155,203,162,231,302,244,166,107,200,396,182,125,369,314,137,126,392,198,370,161,145,137,170,584,94,140,431,175,181,194,490,133,189,380,137,175,207,141,157,162,151,472,108,155,198,213,390,170,204,114,175,200,182,460,351,124,110,240,141,143,205,274,100,264,125,367,153,232,113,78,159,522,158,164,122,169,161,345,139,157,145,165,139,545,146,142,184,102,103,109,193,120,287,242,312,191,200,132,190,168,117,522,113,108,446,192,238,182,153,121,280,131,297,450,306,132,133,359,172,132,142,165,426,139,237,493,142,187,168,232,148,666,278,152,146,172,546,333,127,169,124,233,149,239,133,148,484,369,124,158,147,133,164,434,161,166,133,158,572,190,342,130,163,131,151,140,182,132,309,421,150,128,308,136,330,91,310,252,119,11,18,15,12,4,6,22,7,7,8,15,7,8,7,10,7,19,14,11,30,9,16,12,14,15,5,11,13,9,12,6,6,9,23,5,18,6,10,4,7,6,6,14,7,14,8,10,5,8,9,8,16,6,30,8,10,19,6,8,12,6,8,16,6,13,10,13,6,9,7,6,15,12,6,8,5,18,11,7,7,4,5,6,5,10,11,9,11,7,12,6,9,12,6,8,7,8,9,16,6,24,7,23,18,7,11,10,12,5,9,7,9,5,9,6,11,24,6,13,9,6,7,9,15,8,15,6,20,6,4,14,13,7,10,12,16,18,6,24,9,6,8,13,8,7,7,9,5,6,8,23,7,13,8,7,8,8,9,31,17,11,7,6,12,17,5,4,9,7,3,9,8,20,5,9,6,13,19,10,17,16,9,9,6,6,8,9,13,9,19,6,9,11,4,5,7,3,5,6,6,695,663,578,689,696,606,609,737,631,705,249,247,198,222,216,218,226,249,218,229,60,58,51,56,52,61,60,62,52,55,66,55,54,52,59,54,59,66,49,46,22,24,19,16,22,23,23,22,19,19
PURVIS_T1,BatchA,1,2957,3177,3298,3055,2833,2998,3061,2763,2861,2795,2944,3336,3138,3168,2806,3173,3154,2788,3142,2883,2990,2758,3380,2813,2843,2712,3097,2677,2844,2988,3188,2750,2854,2909,3069,3141,3033,2947,2533,3027,3183,2992,2957,3182,3035,3068,2950,2852,3180,3137,3039,2923,2698,2998,2843,2956,2997,3158,2808,2816,2399,2921,3114,3011,3310,3028,3134,2942,3326,2750,2691,2867,3295,3026,3019,3519,2769,3053,2943,3104,3101,3164,2965,2898,2423,3360,2926,2729,3052,2847,3569,2730,2756,2819,2704,2490,2780,2944,2734,2817,2737,3159,2891,2885,2892,2860,3055,3091,3191,2626,3094,2936,3046,2723,3081,2773,3067,2648,3185,3306,2750,3217,3180,2922,3013,3202,2962,2945,2892,2958,3319,2745,2940,2993,2679,2796,3033,3123,2940,3260,2895,2801,2704,3478,2703,2896,2989,3144,3274,2845,3371,2730,2716,2776,3208,3459,3018,3415,3204,2872,2884,2707,3312,2753,3246,2597,3263,3215,2868,2838,2993,3312,2965,2735,2990,2939,3376,3207,2939,3326,3401,3089,3067,3229,3258,3345,2759,2677,2607,3066,3466,3091,2983,3040,2911,2842,3305,3349,3163,3089,166,181,145,170,97,140,137,115,104,140,173,115,143,140,154,205,156,151,141,157,135,163,144,113,146,140,235,218,130,125,98,134,150,199,138,132,109,158,128,145,124,135,117,131,235,127,108,185,324,132,148,165,175,140,142,181,186,128,154,110,149,154,148,125,166,184,138,152,135,150,143,153,142,209,186,169,149,114,198,146,168,117,200,147,109,123,166,180,135,145,124,161,220,105,146,154,151,169,110,157,254,108,180,142,144,114,121,265,172,157,166,223,203,138,168,127,132,138,137,102,178,135,183,159,255,204,105,147,126,155,177,166,153,128,116,124,124,153,202,168,94,141,145,191,180,105,115,189,113,232,155,159,136,161,224,165,152,140,123,119,153,152,159,127,142,178,120,137,157,187,158,209,182,160,183,269,132,88,216,126,148,175,108,117,103,125,157,179,148,113,94,132,117,174,133,171,176,139,195,112,130,195,183,132,146,137,126,164,88,113,119,85,134,187,127,179,153,219,148,191,140,119,111,104,118,144,186,220,114,169,124,151,135,115,164,129,152,122,119,148,157,151,150,173,159,112,205,123,173,155,138,181,233,214,156,161,162,123,149,190,154,135,96,93,129,137,172,219,208,135,139,143,128,147,159,131,211,110,133,276,174,197,169,178,150,152,113,159,114,174,198,161,147,160,136,180,95,124,107,115,10,9,7,5,4,7,11,8,6,8,5,7,8,8,8,8,10,6,10,10,6,6,11,6,10,6,11,8,9,11,6,6,6,9,5,8,7,12,4,7,5,6,7,8,7,7,8,5,7,9,7,10,9,11,6,6,6,7,5,6,7,7,7,6,10,9,9,6,8,7,5,8,6,6,8,5,12,10,6,7,3,6,6,5,9,12,6,5,9,11,7,6,13,6,5,6,8,10,9,4,8,6,9,7,7,9,11,9,6,9,5,8,5,8,5,5,11,7,6,8,8,7,9,7,8,8,8,13,6,4,9,16,6,5,7,7,8,5,9,9,5,7,11,8,7,7,9,5,9,7,14,7,11,6,9,9,7,9,9,8,4,8,7,7,7,7,5,10,7,4,8,8,5,5,9,7,12,8,8,8,9,7,8,7,6,7,10,11,6,5,8,6,10,4,6,6,4,6,6,7,74170,62785,62153,59231,66959,62081,60398,63564,66041,67507,5363,5931,4903,5152,5619,4919,4734,6003,4954,5317,222,243,197,215,215,247,219,236,214,211,240,241,251,211,229,249,246,242,188,209,22,24,18,19,20,22,22,21,21,19
TROY_T1,BatchB,1,2932,6378,3108,3495,2703,2761,5684,2975,4875,6271,3251,6629,4897,3011,6153,2697,3380,2934,3202,2994,2758,2786,3129,8209,2913,2877,6145,3182,2933,2870,3260,3120,2721,2723,3116,3020,2894,7635,2929,3096,6962,2733,2800,2780,2836,5694,3204,3219,3098,2829,4666,6393,3032,3073,7891,2849,2938,3520,5517,9334,2823,2840,2896,6604,2942,2915,2802,2810,3120,2998,2901,4316,2753,3374,2938,3039,5078,7161,3332,5980,3103,3005,2899,5620,2931,2938,3187,4569,3238,6273,5932,2727,2855,4033,2745,5948,6033,3243,3099,8234,2898,5028,3245,2987,2837,2997,3017,2828,7847,2790,3053,3031,3965,2656,3066,5963,2911,2876,3431,2953,2749,6290,2877,6374,3174,2865,3095,4833,2791,2861,8244,5886,3437,3152,2538,5269,2711,3123,3563,3331,11016,3032,4528,2831,2836,3290,2860,3194,3069,2933,3023,6103,7920,2944,2753,3376,6500,2745,2867,2873,2950,2970,3366,3076,6135,2982,3061,3094,9853,6708,4471,3241,2732,2844,2819,3002,3156,3151,2809,6852,3254,6781,2671,3471,2719,3139,3036,2755,5815,6090,3520,8145,3757,4356,4424,3066,8141,3248,3048,7680,154,194,236,139,100,138,115,121,143,145,163,207,141,123,154,150,156,187,248,133,331,137,176,118,147,186,243,244,132,275,199,118,189,202,142,107,216,148,134,447,133,168,95,113,709,98,108,209,292,231,149,160,219,157,248,192,149,212,204,286,191,265,171,163,309,200,407,173,137,164,180,173,152,383,167,180,135,152,189,195,216,108,203,484,177,129,175,351,282,244,141,468,439,93,166,323,152,180,111,372,185,131,183,146,166,122,138,183,197,213,177,233,184,163,172,119,276,120,189,118,177,154,197,180,221,273,246,159,133,183,346,173,139,294,298,127,151,503,170,291,183,141,144,169,532,103,140,341,196,228,142,499,175,150,538,143,168,178,136,130,127,172,372,128,159,200,241,367,143,147,148,205,200,179,498,392,147,112,210,129,157,183,260,109,281,147,447,172,257,118,89,173,457,142,153,173,166,170,406,131,151,162,221,152,570,136,165,161,102,129,117,184,152,279,205,352,191,180,151,215,159,128,502,92,124,496,157,182,174,163,125,314,152,237,414,262,125,128,321,144,133,190,177,366,145,287,482,150,190,179,232,167,490,235,131,191,156,457,399,149,163,123,286,182,262,146,164,450,440,138,165,140,131,150,481,167,203,117,147,568,160,309,160,180,126,130,150,155,122,263,484,117,146,250,135,292,103,307,218,114,11,30,16,13,4,7,23,8,7,7,13,7,6,8,10,9,16,12,10,32,10,11,10,15,14,6,12,14,7,10,7,5,6,21,5,17,7,8,4,6,5,8,15,5,16,7,8,6,9,9,10,13,6,28,9,11,20,6,8,12,6,7,19,6,15,8,12,8,7,7,5,12,9,6,7,6,17,9,8,9,4,6,7,5,8,16,11,13,8,12,5,8,10,4,8,5,10,8,17,4,22,7,19,18,8,8,9,11,5,8,6,8,5,9,6,10,22,7,13,12,7,8,8,11,11,18,8,25,5,4,13,14,7,12,14,15,20,6,20,6,5,9,12,8,7,7,8,4,7,8,27,7,12,11,8,7,5,8,27,21,10,8,7,12,14,6,6,8,7,4,8,9,13,5,9,9,13,16,7,20,16,10,10,5,8,7,11,11,12,18,7,10,10,4,5,8,4,7,5,7,223939,173071,187034,202303,205646,180061,197667,200563,195795,214720,60136,67397,49155,49992,52866,46811,46947,58265,54216,51205,74,80,56,64,62,83,71,74,68,64,78,72,79,67,74,69,74,74,72,59,21,23,17,18,19,21,23,21,21,18
VRIESS_T1,BatchB,1,3133,5874,3114,3107,2756,2804,5342,2870,4997,6225,3311,6375,5334,3023,6851,2844,3119,3028,3013,3172,2969,2547,3397,9278,2507,3148,6368,2840,3009,2898,3348,2912,3098,3115,3337,3148,3266,7332,2999,3355,7080,3712,2924,2936,3050,5692,3261,3218,3349,3048,4553,7301,2508,2830,7436,2889,2947,3149,5692,10740,2401,2818,2953,6446,2996,3239,2875,2940,3319,3328,2917,4267,2996,3081,2937,3147,5079,6214,2955,5909,2971,2653,2812,6223,2891,3027,2593,4869,3161,6062,6848,2886,2947,4263,2652,5928,6274,3029,3478,7571,2571,4764,2677,3154,2913,2731,2936,3079,6439,2694,2825,3054,3326,2918,2958,5187,3087,3118,3245,3194,2771,6728,3009,6703,3102,3033,2892,4362,3296,2970,7235,5486,3057,2923,2700,6319,3061,3084,3274,3297,9912,2595,4055,2931,2780,2823,2771,2854,2881,3010,2964,6764,8561,3340,2982,3008,6451,3169,2957,2766,3017,2702,3366,2770,5081,2779,3240,2936,9573,6712,3964,3409,3122,2588,2848,2970,3428,2999,3105,7450,2837,7467,2984,2930,3208,3220,2981,3038,7125,6180,3049,7703,3531,5212,4235,3042,8770,2812,3005,8257,161,182,224,155,96,155,124,121,126,154,159,190,145,159,155,177,162,234,264,118,263,151,148,134,168,175,245,211,120,275,229,130,140,197,124,135,209,180,114,337,135,153,105,107,656,139,131,185,306,249,146,173,204,217,273,185,151,210,190,293,273,273,136,134,314,162,371,144,147,132,179,167,156,400,210,156,117,147,195,127,247,96,167,515,205,152,153,283,299,307,140,388,482,111,126,346,121,165,106,283,226,123,172,137,171,128,157,193,232,218,179,211,189,166,183,134,236,125,187,117,166,124,190,185,205,277,310,176,147,154,444,160,125,295,298,115,168,393,200,407,162,168,160,163,517,97,131,389,220,211,179,509,141,175,467,152,134,178,121,116,150,141,489,115,170,216,271,414,153,160,158,199,150,184,424,344,160,113,251,128,148,162,307,117,241,150,316,130,268,115,104,154,474,186,183,144,168,186,406,114,126,146,179,148,657,136,133,171,99,112,129,185,130,320,217,312,234,190,138,183,144,122,378,108,134,560,133,166,154,136,135,301,156,260,476,279,127,101,313,152,145,154,175,436,136,238,491,122,183,165,230,157,510,217,149,147,199,410,321,150,158,124,228,145,261,131,124,502,443,121,131,131,151,161,475,145,200,131,130,594,146,356,163,159,165,153,135,138,155,280,460,178,151,267,129,300,96,337,232,131,9,22,17,12,4,6,23,9,7,9,11,6,7,7,9,6,17,13,9,23,8,12,11,15,12,6,12,11,7,9,7,5,7,19,5,19,5,9,4,7,4,5,12,8,17,7,7,6,10,9,7,15,8,28,8,9,17,6,8,12,6,7,17,6,15,7,14,6,11,7,5,15,8,6,7,6,19,12,8,7,4,6,6,5,10,14,10,10,8,9,6,8,12,4,11,7,7,7,18,4,22,8,17,19,6,8,8,13,5,7,5,9,4,7,6,11,27,8,13,12,6,8,8,12,10,15,7,19,6,4,11,14,7,9,13,17,19,5,21,9,5,9,14,7,7,7,7,5,9,6,21,9,10,9,8,8,5,7,22,20,9,8,8,11,14,5,6,9,6,4,9,6,17,6,8,7,17,21,8,18,15,8,11,6,6,7,8,11,9,21,9,12,13,4,6,6,5,5,5,7,1682,1380,1312,1513,1515,1303,1225,1464,1479,1496,1629,1748,1675,1719,1690,1625,1562,1907,1671,1657,15,18,12,15,15,17,15,17,16,15,18,15,17,16,16,17,16,17,15,13,21,23,19,17,19,23,25,21,21,17
WILLIAMSON_T1,BatchA,1,3397,2792,3068,2843,2918,2477,2864,2821,3014,3152,3179,2913,2928,3021,3000,3013,3038,2916,3216,2797,2759,2935,3017,2945,3018,3082,2888,2940,3019,3021,3306,3176,3110,3076,2938,2832,3211,2727,2884,3373,3096,3396,2585,3138,3492,2844,3139,3221,3078,2846,3369,3234,2558,3274,2766,3042,2914,3579,2774,3304,2494,2872,2790,3404,3115,3267,2743,2874,3001,2847,2709,2952,2751,2953,2983,3259,2852,2729,3303,3041,2980,3123,2949,3142,2628,2798,2916,2693,2787,2972,3256,2754,2979,3081,2629,2905,2929,2698,3124,2701,2889,3484,2652,3091,2587,2885,2770,2417,2795,2861,2918,2533,2832,2914,3545,2968,3087,3192,3236,3103,2607,3043,3208,2823,3140,2868,3584,2916,2726,2876,2903,2763,3270,2839,2871,2948,2998,3346,3576,3573,2849,2448,2808,2922,2917,2900,2816,3063,3251,3044,2758,2704,3102,3007,2963,3118,2970,3459,2736,2936,3039,3203,3200,2927,3843,2581,3292,2819,3060,3106,2823,3175,2906,2585,2716,3045,3373,2689,3150,2809,3198,2664,2861,2940,2777,3259,3080,2575,2865,3359,3358,2992,2668,3325,2576,2664,2966,2863,3269,2667,179,176,143,198,92,137,132,118,120,126,158,110,145,120,158,157,161,223,133,131,131,139,152,100,132,150,232,233,124,167,119,137,145,185,153,137,88,162,103,135,140,126,124,82,223,120,96,221,308,128,122,168,252,126,133,171,155,145,140,125,142,140,147,125,145,178,174,170,141,162,155,133,139,221,207,166,148,126,171,149,143,97,186,175,146,150,169,155,154,159,159,166,216,107,149,156,162,162,106,152,190,99,211,150,161,116,145,189,138,184,188,160,243,143,144,154,172,135,172,135,186,163,166,171,228,222,125,137,97,163,212,173,119,102,154,115,113,162,200,157,87,120,154,140,197,83,147,162,97,215,153,173,148,178,135,166,168,153,119,145,160,160,162,122,137,196,137,115,167,178,129,174,176,175,155,247,144,97,214,137,124,197,79,105,100,142,157,144,172,102,99,163,155,146,150,140,172,154,179,145,136,162,178,126,170,133,154,187,101,131,102,79,114,170,145,156,196,191,155,194,139,114,141,116,126,128,152,241,132,159,111,164,137,91,186,119,150,118,111,159,142,165,163,204,136,120,195,129,187,168,164,129,204,268,188,159,199,119,151,151,163,113,117,101,133,140,135,240,198,135,163,130,146,144,229,128,184,102,120,234,134,210,145,159,136,136,116,167,117,163,198,168,158,146,139,166,124,131,98,128,9,9,6,5,3,7,13,8,7,7,5,8,8,6,9,8,8,7,10,9,6,5,10,7,10,6,10,7,9,13,7,6,8,9,5,7,6,10,4,6,5,5,9,7,8,7,7,5,7,9,10,9,8,15,6,9,6,5,6,6,7,9,9,5,8,8,6,6,8,6,5,8,6,6,7,5,8,10,6,6,3,4,6,5,7,12,6,6,8,12,6,7,12,5,5,7,7,9,7,4,8,6,12,6,6,9,9,6,6,8,6,9,5,8,8,5,8,9,6,10,8,7,9,5,7,6,7,11,5,5,12,13,5,5,5,6,7,7,9,8,5,9,14,8,6,6,9,4,6,5,12,6,10,5,8,10,7,10,12,7,5,8,7,6,8,5,5,7,6,3,9,8,5,6,10,9,14,8,7,7,8,10,11,7,7,6,8,9,6,6,8,9,9,6,6,7,5,6,6,6,1000000,1000000,970611,1000000,1000000,932231,861353,1000000,1000000,1000000,1000000,1000000,1000000,1000000,1000000,1000000,1000000,1000000,1000000,1000000,17,20,16,14,16,19,20,20,16,16,18,19,19,19,18,19,18,19,15,16,21,23,19,18,23,21,24,20,21,19
ANDREWS_T1,BatchB,1,2733,6484,2914,3249,2869,2767,4741,2747,4729,6236,3538,7124,5307,3336,6459,2821,3263,3188,3279,2916,3142,2862,3080,8567,2989,3249,5935,2965,3435,3079,3720,2925,3177,2758,2637,3599,3223,7747,2677,3419,6758,3035,2874,3160,3064,5325,3299,3154,3235,2984,4733,6972,2613,2934,7513,2936,2941,3354,5776,9530,2488,3000,2903,6645,3193,3160,2583,3200,2880,2906,2922,3978,2735,2989,2924,3735,4889,6245,3242,6227,3029,2949,2914,6127,2625,3027,2820,4504,3068,6165,6280,2940,2795,4046,2446,5681,6811,2606,2634,7340,2996,4795,2986,3172,2988,3097,2806,2719,6805,2722,3327,3223,3558,2700,2999,5650,2981,2987,3046,3106,2722,5951,2820,6428,3386,3276,3074,4641,3195,2725,7636,5628,2812,3163,2866,5887,3108,3053,2984,3440,10738,2639,4590,3048,2948,2658,3063,2764,2915,2929,2904,5506,8466,3003,3057,3024,6268,3048,3021,2684,2687,2923,3163,3038,5748,2568,3386,2840,10444,6267,4513,2993,2909,2895,2951,3047,3377,2905,3000,7034,3156,7402,3039,3214,3247,3171,3067,2949,7293,5785,3405,8195,3324,5165,4081,2909,8624,2703,2989,7814,137,197,216,159,98,146,153,107,144,132,153,210,144,134,105,201,164,223,280,110,298,157,174,139,169,155,282,238,136,284,184,127,181,188,131,131,204,147,111,438,138,158,98,110,787,114,115,203,302,230,138,156,204,219,274,193,142,223,224,325,266,301,153,141,294,167,438,180,131,129,183,172,150,399,212,163,113,124,158,145,220,121,169,562,239,155,144,298,275,278,178,428,542,103,155,330,142,146,90,344,185,109,192,140,133,130,144,187,223,185,199,235,239,174,158,149,250,140,180,123,197,141,198,171,215,284,276,163,110,230,375,178,133,287,295,134,127,406,198,325,167,141,133,150,532,92,143,488,206,170,183,490,151,212,547,179,129,186,131,148,149,159,522,128,135,222,253,329,120,201,160,200,202,164,429,368,144,136,215,147,170,213,237,121,265,112,434,163,261,120,89,151,426,147,169,140,159,161,368,128,121,155,196,148,565,161,132,176,106,98,90,199,143,279,251,342,187,193,126,185,142,137,388,120,135,553,180,204,194,162,142,245,140,302,427,254,150,124,350,137,177,149,164,386,140,215,502,121,153,147,241,146,472,253,143,133,167,510,369,150,177,142,214,160,250,145,162,419,378,144,137,143,134,133,422,134,178,115,161,611,160,348,140,153,189,138,170,166,112,314,370,181,149,289,138,328,99,332,225,110,9,22,17,11,4,7,21,9,7,8,12,6,7,7,9,7,19,13,10,29,9,15,11,15,15,6,10,13,8,11,7,5,7,20,5,18,8,8,4,5,5,7,15,7,16,7,8,6,9,9,9,19,7,36,8,11,16,6,8,12,6,8,15,6,13,9,15,7,8,10,6,16,9,5,10,6,18,10,6,6,5,5,6,5,9,11,10,9,7,10,6,8,13,5,8,6,7,10,21,5,21,6,24,19,7,9,10,12,5,9,6,8,5,9,6,13,24,9,13,10,6,7,8,15,8,13,7,22,7,4,9,13,6,11,16,15,18,5,22,8,4,10,12,5,7,6,9,4,9,6,19,8,13,11,8,7,4,7,30,18,10,6,7,12,14,4,4,9,6,4,9,6,20,5,9,9,16,22,8,17,18,8,11,7,7,6,10,10,12,21,8,12,12,5,7,6,4,5,6,6,0,0,0,0,0,0,0,0,0,0,0,0,0,0,0,0,0,0,0,0,19,22,16,16,18,23,19,21,18,16,21,19,20,20,21,20,22,21,18,17,21,23,19,17,21,21,25,22,20,19
GREGOR_T1,BatchA,1,3357,3069,2639,2980,2575,2481,2890,3358,2826,3027,3259,2974,3131,3547,2947,2852,3157,2612,3249,2986,3218,2985,3111,2948,2797,2970,3321,2938,3099,3128,3189,3006,2896,2811,2783,3527,2861,2916,3046,3601,3016,3222,2632,2782,2890,3131,3153,3143,2960,2722,2988,2983,2795,3118,2975,2961,3032,3191,2744,3085,2988,3236,3015,3234,2819,3356,3275,2940,2878,3001,2974,2664,2954,2869,2944,3190,3184,2954,3022,2787,3416,2997,3086,2779,2971,2796,2985,2869,3036,2959,3093,2840,2902,2795,2885,2622,3139,2729,3399,2538,3042,3323,2813,2898,2794,2801,2861,3042,3069,2694,3203,3063,2865,2556,3462,3214,3053,3145,3187,2824,2854,3299,2791,2998,3407,3097,3047,2886,2554,3053,3081,2649,3142,2909,2924,2735,2956,2978,3027,3372,3126,2821,2618,2842,2804,2603,3191,2719,3057,2859,2885,2363,2409,3014,2967,3118,3285,3335,2718,2856,2905,2833,3347,3305,3269,2878,3610,3087,2877,2869,2887,2798,3032,2773,2714,3126,3049,2718,2882,2908,3260,2863,2850,3132,3412,3316,3162,2930,2936,3168,2911,2809,3122,2965,3038,2813,2999,2773,2958,2933,143,218,180,185,90,140,130,95,126,141,201,86,162,165,149,180,147,194,139,122,136,166,157,116,165,135,219,233,127,143,98,126,132,208,122,146,91,131,113,123,121,136,127,108,219,113,98,252,249,107,141,164,218,126,151,172,155,137,145,119,144,154,137,110,160,218,148,167,146,180,130,155,144,220,227,173,103,108,203,146,139,98,217,182,111,163,184,179,134,118,112,176,204,92,144,145,149,144,124,170,186,99,189,142,142,126,143,244,173,215,208,163,251,170,176,133,141,139,192,123,190,144,184,179,214,174,97,164,118,117,216,196,144,128,138,116,135,171,212,138,85,146,132,151,193,102,140,145,121,238,183,214,122,164,178,152,140,166,94,111,149,147,207,131,150,196,116,125,147,195,140,181,151,180,159,259,142,86,206,168,153,201,115,110,112,124,182,134,159,118,96,135,141,161,164,126,171,176,183,118,168,151,164,147,138,122,123,171,118,134,94,98,122,145,124,172,188,157,142,212,177,123,120,112,139,141,180,272,84,198,133,196,142,114,188,136,124,132,121,161,167,145,189,181,134,98,190,157,158,143,139,168,247,232,155,154,208,119,177,166,150,119,135,116,104,118,119,224,176,121,169,135,129,168,167,131,198,110,124,246,206,190,166,184,158,154,138,157,119,174,213,169,131,199,161,209,100,138,106,121,10,9,7,4,4,6,14,7,6,10,5,6,8,7,10,7,8,8,8,11,6,6,10,6,9,6,9,7,7,10,6,6,7,10,6,9,7,10,4,8,5,5,8,9,7,7,7,5,10,9,9,8,9,13,7,7,8,7,7,6,7,8,8,6,7,8,6,6,7,7,5,9,8,5,7,5,11,9,8,9,4,6,6,5,9,14,6,6,7,11,6,7,11,5,5,8,7,10,8,5,8,7,9,6,7,8,8,8,5,10,6,7,4,7,6,6,9,7,6,9,7,7,10,7,9,9,8,12,5,4,11,15,5,4,6,6,7,4,9,8,6,8,12,9,7,8,10,4,7,7,11,7,12,5,10,9,7,8,8,7,5,8,5,8,8,4,5,10,7,3,8,8,6,5,9,8,15,7,9,7,8,8,9,6,6,8,8,12,6,7,7,8,9,4,6,6,5,6,7,7,0,0,0,0,0,0,0,0,0,0,4,4,4,4,4,4,3,4,4,4,1,1,1,1,1,1,1,1,1,1,1,1,1,1,1,1,1,1,1,1,23,23,20,16,23,23,24,21,20,19
GOLIC_T1,BatchB,1,3342,5485,3117,3114,2814,2915,5222,2791,4742,6185,3108,6385,5440,3351,6476,2650,3217,2816,3110,2761,2936,3022,3276,7500,3206,2818,5835,3040,3184,2794,3436,2662,2886,2903,3123,3357,2944,7103,2838,2837,6193,3019,2798,2770,3156,5635,3024,3436,2876,3174,4388,6532,2840,2511,7601,2992,2783,3307,6116,8535,2598,2844,2992,6216,3106,3035,3046,2915,3549,2870,3090,4193,3041,3124,2907,2969,5137,6472,2818,6820,3114,2784,2932,5806,2817,2772,2808,4170,3108,6335,6945,2956,3008,4262,2523,5916,6098,2474,3079,7211,2632,4599,2738,3418,3130,2860,2648,3147,6946,2736,3224,3324,3570,2724,2653,5148,3123,2939,3211,2694,2928,6279,2742,7526,3213,3147,3167,4663,2811,3041,8538,5973,3140,2850,2972,6610,2744,3210,2827,3656,10390,2737,4304,3316,2663,3017,2808,3083,3147,2725,2933,6087,8942,2828,2867,3136,5224,3198,3209,2603,2914,2688,3710,2722,4791,2840,3145,3335,10581,6835,3966,3145,3132,2879,2541,3428,2826,3199,2826,7388,3258,7645,2753,3311,3003,3322,2971,2912,6243,5855,2981,8255,3721,5121,4370,2823,8095,2983,2923,7887,155,199,194,191,100,145,125,116,132,120,184,227,145,152,126,168,149,184,249,132,305,148,173,122,189,153,230,196,131,288,204,123,153,178,139,115,177,133,123,358,113,143,99,118,830,116,117,204,261,220,124,143,236,233,242,184,151,197,231,314,261,300,169,127,323,200,385,147,150,138,180,153,159,380,230,162,151,106,214,165,228,118,159,492,251,126,158,296,308,322,149,431,437,111,140,265,177,140,96,335,197,95,196,169,137,106,146,195,280,188,192,238,188,165,180,157,251,142,171,120,176,186,188,206,265,287,285,133,122,170,336,159,134,337,320,108,149,473,191,330,191,163,115,171,607,94,143,415,183,212,173,509,141,179,418,144,151,189,114,122,150,164,507,118,135,213,257,375,171,157,145,199,159,177,482,401,129,130,237,119,150,178,289,133,261,150,332,157,197,110,96,175,446,172,168,167,163,133,397,117,152,154,195,155,583,167,156,175,98,132,117,234,150,340,221,358,203,197,158,202,159,102,526,112,148,479,174,221,157,142,137,290,137,260,427,271,134,132,416,167,149,150,137,362,135,248,490,130,187,146,276,180,555,207,159,111,172,530,356,147,157,135,235,191,218,148,127,512,414,108,140,107,122,158,332,147,189,117,137,557,139,293,173,177,163,137,168,144,122,297,488,185,134,266,155,277,120,292,235,106,10,22,17,12,4,8,25,9,7,9,13,9,7,6,9,9,20,15,7,29,9,17,10,13,17,6,13,13,8,10,6,6,7,18,5,13,7,10,5,7,4,6,17,8,21,8,6,5,9,10,10,19,9,25,7,13,20,5,6,12,7,8,17,5,13,10,14,6,7,8,5,15,10,5,7,5,18,12,7,8,4,7,7,6,8,11,9,11,8,12,5,9,13,5,9,6,5,7,15,4,25,6,21,23,6,11,11,14,4,9,5,8,5,9,7,15,23,11,10,11,6,8,8,12,8,18,7,23,5,5,11,15,5,11,14,13,23,5,23,8,5,9,12,7,7,8,8,5,8,7,29,9,10,10,9,8,6,7,24,18,10,7,8,13,13,5,5,7,7,4,9,8,16,4,10,8,14,22,7,17,14,8,9,7,7,8,9,12,9,20,11,9,9,5,6,6,4,6,7,6,0,0,0,0,0,0,0,0,0,0,0,0,0,0,0,0,0,0,0,0,30,31,23,25,25,32,31,31,27,27,30,31,30,31,30,29,31,32,24,25,23,23,18,19,20,21,25,22,20,19
SKELL_T1,BatchB,1,3009,6230,3184,3088,2731,2538,5405,2982,4502,6172,2778,5976,5335,3055,6847,2761,3112,2821,3268,3010,3373,2845,3240,7980,3000,3012,5966,3378,3091,3181,3706,2845,2737,2714,3033,3148,2724,7492,2896,3263,6137,3195,3149,3125,3242,5880,3100,2775,2994,3086,4584,6975,3057,2677,8062,2893,2828,3157,5796,8710,2731,2667,3084,6090,3307,3193,3105,3263,3297,2864,3007,4433,2727,3056,3387,3115,4796,5604,3116,6083,3098,2956,2834,6196,2825,3245,2799,4111,2983,6062,5347,3193,2884,4128,2701,5809,6138,2869,3043,7914,3045,4467,2876,3043,2962,2866,2917,3209,6521,2981,2825,3080,3663,2881,3042,4992,3087,3036,3134,3137,2951,6212,3041,6198,2834,3190,3012,4220,2876,2850,7573,5872,3202,3038,2787,5942,2678,3293,3259,3667,9844,2951,3892,2836,2906,3000,2714,2851,3412,2812,2909,6801,8257,2619,3063,3424,5823,3423,2883,2775,2791,3125,3351,2809,5055,2606,3338,3083,9533,6034,3775,2901,3061,2871,3032,2839,2926,3088,2591,7460,3366,7300,3141,3422,3086,3416,2966,2835,5918,5903,3043,7222,3680,4479,4666,2347,9057,2847,2675,7743,185,172,220,187,106,149,119,131,117,142,140,190,155,161,135,213,189,209,250,143,320,156,154,127,148,163,241,239,119,354,215,142,191,187,111,123,197,156,110,390,130,161,110,100,894,107,120,185,297,251,121,178,217,227,218,204,164,321,197,269,258,311,189,130,318,176,396,145,159,145,164,152,148,502,218,146,144,120,187,135,269,98,177,521,209,130,203,312,327,315,127,455,560,145,131,345,143,125,94,306,185,103,175,128,168,119,137,177,241,218,164,203,231,145,169,141,259,125,187,116,183,138,195,181,205,322,292,141,152,198,291,205,112,327,260,98,123,402,197,395,146,169,149,163,652,101,149,406,181,183,186,443,151,170,452,138,155,213,132,124,138,176,527,122,134,208,189,363,132,184,157,181,179,143,515,368,138,106,214,150,160,202,245,94,276,121,375,158,285,116,98,146,429,174,189,152,189,168,427,104,163,167,185,146,562,152,140,179,108,111,117,180,123,358,230,309,215,195,152,246,153,115,455,107,117,544,194,215,178,156,114,268,156,255,459,273,139,112,353,166,178,139,168,333,143,258,506,133,194,172,240,185,509,243,139,170,152,485,321,170,146,132,232,174,277,154,134,526,366,112,137,111,128,161,447,130,180,122,135,588,158,285,151,174,138,136,145,194,155,301,497,177,129,234,135,368,108,281,196,106,8,26,15,12,4,6,27,8,7,9,12,5,8,7,10,7,18,10,9,28,9,15,11,14,13,7,11,14,6,9,7,5,6,19,5,16,6,10,4,6,5,4,11,9,19,6,8,6,11,10,7,15,8,23,7,14,19,5,8,12,7,8,15,6,17,8,13,7,9,7,5,14,10,6,9,4,14,10,8,9,4,6,7,6,8,10,10,11,7,10,5,9,12,6,10,6,8,8,18,5,20,6,16,23,5,9,8,11,4,10,5,9,5,8,6,11,25,7,11,11,7,7,7,17,7,12,6,21,7,3,9,14,6,10,13,14,19,6,21,8,5,7,14,7,7,7,8,5,6,7,25,6,13,8,10,8,6,9,29,19,11,8,7,13,19,4,6,7,6,4,10,9,16,5,8,8,13,19,8,17,16,8,14,8,6,7,9,10,13,22,8,12,8,5,6,5,4,6,6,6,0,0,0,0,0,0,0,0,0,0,0,0,0,0,0,0,0,0,0,0,921,1004,777,784,864,1017,872,931,825,788,1004,935,949,930,998,962,1057,978,773,743,23,23,18,16,20,21,23,22,20,20
PEREZ_T1,BatchA,1,3026,2778,2886,3316,2808,2817,3063,2870,2814,2835,3247,2896,3293,3078,3040,2851,3565,2921,3273,2933,3284,2997,3215,2813,2944,3019,3370,2821,2867,3132,3315,2883,2830,2745,3234,3051,3074,3047,2805,3060,3249,2841,2853,3045,2782,2880,2972,2823,3151,3041,2904,3342,2765,2617,2802,2676,2937,3097,2997,3509,2610,2792,2607,2858,3364,3217,2809,3249,3178,2836,2739,2695,2822,2928,3286,2878,2785,2850,3294,3020,2541,3052,3007,3036,2857,3097,3167,2902,2923,2968,3131,2720,2852,3153,2638,2947,2675,2687,2905,2786,2709,3249,2780,3182,2631,2954,2639,3077,2841,2713,2947,2602,2655,2708,2814,2684,3192,2791,3816,2667,2943,2840,2997,3058,2959,2895,3454,2653,2871,2681,3137,3067,3146,3091,2880,3188,2982,3412,3120,3385,2634,2921,2976,3391,2819,3048,2703,2816,3423,3034,2984,2666,2757,2791,3107,3629,3082,3048,3044,2904,2732,2913,3082,3035,3293,2810,3243,2970,3018,3229,2706,2914,2978,2979,2804,2988,3169,3175,2967,2809,3335,3097,3094,3182,3023,3171,3285,2830,2809,3406,3274,3102,2747,3421,3257,2924,3061,2789,3090,2620,153,205,171,174,109,142,132,126,123,149,203,118,158,127,155,190,177,191,158,116,165,144,164,127,155,150,286,210,122,138,119,130,161,214,125,124,91,149,144,144,135,146,126,101,230,126,115,200,291,116,143,144,194,118,158,171,141,159,136,118,147,144,158,143,163,202,147,166,140,168,137,155,138,284,233,161,142,111,180,161,140,118,176,145,117,144,151,182,140,119,130,167,201,84,187,156,209,159,105,180,224,99,191,161,147,133,157,186,140,272,183,168,231,157,182,130,141,131,185,115,195,142,172,166,242,233,108,159,107,105,279,160,124,108,172,143,143,153,225,174,85,162,151,140,218,98,140,178,121,183,176,189,143,196,183,163,172,154,134,156,142,183,161,123,128,202,124,128,147,182,170,220,165,186,184,246,119,93,208,135,161,206,114,111,128,117,164,157,153,133,81,143,134,137,167,175,184,143,189,118,154,152,180,179,154,155,158,214,108,119,108,105,165,157,135,148,198,188,143,181,157,153,124,107,123,154,160,215,118,199,114,213,124,96,184,128,143,119,147,151,128,151,151,178,145,97,193,160,234,155,127,173,213,252,146,153,208,143,163,144,134,129,128,102,118,132,132,209,171,134,168,135,133,180,151,148,155,106,150,227,148,184,154,133,144,151,126,154,122,155,218,155,132,169,116,185,103,123,88,108,10,9,7,5,4,5,15,8,7,8,7,7,8,8,10,9,9,6,8,10,7,6,11,8,11,6,13,9,7,10,7,7,6,9,5,10,7,10,5,6,5,6,7,9,7,6,8,6,8,9,8,7,7,11,7,8,7,5,4,6,6,9,7,7,8,11,7,7,7,9,5,7,7,5,8,6,11,10,7,10,5,5,8,6,9,10,5,6,7,11,6,10,12,5,6,7,7,8,8,5,7,6,11,6,6,10,9,8,7,8,7,7,5,8,6,6,10,7,5,10,6,9,9,6,8,7,6,12,7,4,10,18,6,5,8,6,5,6,7,9,5,8,15,8,6,7,8,4,7,6,11,8,9,7,9,9,6,8,9,7,5,7,6,8,6,4,5,9,6,5,10,10,7,5,11,7,12,7,8,8,8,9,9,7,5,7,8,11,6,7,7,7,9,5,7,6,5,5,5,8,0,0,0,0,0,0,0,0,0,0,0,0,0,0,0,0,0,0,0,0,69,74,58,59,60,76,68,73,58,61,66,69,76,65,64,67,69,69,56,58,22,22,19,18,21,23,26,22,18,19
BISHOP_T1,BatchB,1,3161,5761,3264,3095,2533,2579,5470,2719,5122,5653,3284,5933,5611,2951,6360,3076,2953,2821,3244,3220,2659,2858,2777,7090,2804,3301,5212,3021,3087,2906,3340,2946,2732,2737,2932,3364,2915,7569,2706,2900,7232,3013,2956,3152,3027,6137,2956,2992,3209,2799,4128,6801,2994,2894,8156,2994,2962,3087,5846,8999,2627,2971,2587,6134,3210,3141,2865,3213,3240,3309,2950,4311,3016,2986,3074,3311,5047,6485,3182,6507,2997,2987,2980,5759,2907,2872,2945,4037,3037,6130,6312,2673,3132,4428,2634,5597,6016,2506,2984,7373,3289,4528,3190,2985,2758,2989,2867,3100,6446,2693,3000,2905,3219,3107,3163,5699,2877,3130,3275,3090,2648,7087,3089,7016,3234,3133,3593,4216,2921,3026,7954,6362,3109,2923,2723,5408,3177,3008,3162,3554,10193,2756,4338,2496,2834,3085,2850,2773,2999,2796,2936,5803,7991,2799,2761,3069,5994,3218,3186,2918,2733,2592,3236,3043,5145,2917,3243,2953,9519,6528,3922,3362,3095,2645,2732,2929,3272,3284,3183,6475,3366,6832,2667,3029,2844,3019,3174,2882,5863,5826,3566,8646,3227,4928,3776,2673,8938,3066,3292,7585,140,210,251,154,108,148,125,114,106,136,160,156,144,121,131,172,179,195,245,150,281,170,175,118,161,153,301,208,156,262,157,135,169,177,128,134,200,139,102,445,137,122,92,98,711,115,114,198,262,297,127,162,231,198,233,146,154,232,232,367,234,258,176,145,306,167,302,147,179,150,201,167,156,429,237,171,122,120,183,148,230,111,201,482,234,147,152,389,319,301,154,442,448,128,115,348,181,140,93,395,216,124,180,129,129,124,137,215,285,166,198,167,182,157,167,154,261,148,184,114,199,135,202,169,179,266,243,135,120,212,404,155,123,332,322,136,127,441,162,342,153,158,154,174,608,100,113,348,208,183,174,493,136,181,511,169,126,214,109,139,126,162,575,132,151,195,256,360,151,157,161,186,166,178,462,363,139,124,228,132,168,209,280,108,258,140,330,168,278,108,99,152,503,152,171,139,186,152,326,125,141,152,197,128,635,135,147,167,101,116,102,207,114,292,198,360,174,161,174,190,134,128,493,101,112,480,177,202,167,159,125,273,127,243,485,285,129,113,355,155,162,137,168,446,129,209,467,129,206,185,232,164,468,223,129,147,177,479,341,125,160,122,200,186,241,139,142,527,385,128,158,139,122,144,426,157,207,143,144,585,145,373,107,164,142,126,156,162,110,313,426,179,122,224,99,316,104,341,194,100,10,28,13,15,3,7,22,7,6,9,14,7,6,5,10,8,23,9,9,29,9,13,9,13,15,7,11,14,8,10,7,5,7,22,6,15,5,10,4,5,5,6,12,7,18,8,6,5,11,12,9,15,8,26,8,15,16,5,9,10,6,8,20,6,16,9,14,6,8,7,5,16,8,5,9,5,17,9,7,8,4,6,6,6,9,11,10,12,7,12,6,9,12,4,9,8,5,10,19,5,22,6,24,23,6,8,9,12,4,11,6,9,5,9,6,13,25,10,11,10,7,7,8,16,8,19,7,29,5,5,11,14,6,13,14,12,22,5,23,9,5,10,13,8,8,6,8,6,8,6,26,7,10,8,10,8,6,10,33,21,9,9,8,13,11,5,5,8,7,5,8,7,24,6,9,10,11,17,7,18,12,9,10,7,8,6,10,13,14,22,10,10,8,4,8,7,5,7,6,8,0,0,0,0,0,0,0,0,0,0,0,0,0,0,0,0,0,0,0,0,29,31,23,23,26,31,31,29,26,26,29,29,31,27,29,32,29,31,25,23,22,23,18,16,19,21,24,23,18,18
DILLON_T1,BatchB,1,2913,5821,2828,2773,2787,2822,5348,2857,4905,6304,3112,6131,5291,3390,6168,2850,3146,2792,3113,2884,3147,2867,3167,7920,2647,3060,5420,3287,3155,2770,3684,3125,2993,2710,2843,3252,3133,6884,2748,3006,6303,2828,2783,2664,3129,6765,3160,2800,3134,3080,4710,6595,2557,2783,8006,2720,2909,2838,5837,8197,2906,2944,2938,6525,3243,3066,2898,2737,3436,3007,2794,4430,2606,3078,2888,2909,5010,6371,3032,6167,3347,2609,2908,6725,2692,3116,3061,4408,2879,6476,6255,2692,3152,4497,2483,6594,5798,3113,3040,8219,3194,5082,2936,2940,2736,2956,2804,2699,7441,2805,3076,2828,3549,2491,3261,5719,3103,2774,3386,2581,2825,6487,3010,6608,2907,3482,3146,4093,2739,2821,7516,6311,3293,2700,2987,5778,3132,3209,3557,3196,10979,2632,4184,3022,2938,2592,2799,2946,2972,2948,2852,6221,8068,2877,2825,3233,6337,2966,2761,2849,2677,3061,3469,2755,5873,2623,3174,3095,9918,6532,4026,2945,2800,2859,2750,3060,3401,2621,3136,6991,3533,7390,2831,2781,3220,3133,3152,2864,6951,5954,2974,7589,3584,5129,4178,3126,8313,2965,2741,7278,184,141,214,166,100,147,107,113,123,124,176,228,161,145,180,173,161,206,262,132,305,161,159,121,136,146,254,235,111,293,218,135,166,201,134,151,203,127,122,352,132,137,114,113,716,127,117,217,268,228,121,143,209,245,242,195,172,264,231,290,304,269,159,145,344,168,355,157,128,144,185,124,135,333,211,142,141,121,208,180,220,123,170,459,213,152,173,361,274,283,130,421,497,108,149,297,195,109,115,388,181,106,161,142,150,125,125,175,225,170,179,194,214,173,176,132,268,119,176,121,189,131,199,223,241,307,221,150,123,180,332,157,115,313,297,126,107,396,186,329,184,183,139,164,612,96,129,373,192,202,177,492,156,170,518,156,173,195,121,151,125,186,446,96,152,180,255,307,160,203,160,238,172,185,475,356,140,134,194,158,170,222,268,122,276,132,391,150,234,134,94,146,489,162,173,138,186,162,351,141,145,146,219,129,592,120,129,203,100,116,128,221,136,332,175,321,157,204,145,193,158,134,435,105,137,527,204,194,181,165,134,341,160,306,426,256,132,116,342,151,118,177,146,344,154,225,515,139,206,184,243,161,543,240,163,187,191,465,366,151,155,123,268,172,238,138,163,483,404,121,159,146,136,150,461,128,187,121,151,558,157,266,142,160,152,134,185,149,147,331,390,165,167,315,142,387,105,351,206,95,12,25,14,12,4,5,21,7,6,10,14,6,8,6,10,10,20,12,9,32,12,12,10,10,12,6,10,10,8,11,6,7,9,25,5,19,6,9,5,6,5,6,11,7,18,7,8,6,10,7,8,16,7,27,7,12,20,7,9,9,9,8,20,6,18,9,15,6,7,10,6,16,7,6,8,6,17,10,7,9,5,7,9,6,10,14,8,8,8,11,6,8,10,5,9,7,7,9,14,4,23,7,21,17,6,9,9,10,5,8,5,8,5,8,5,13,22,9,13,9,7,9,8,14,8,14,6,21,6,5,12,11,7,15,15,16,20,5,26,7,5,10,10,8,7,7,8,5,8,7,26,6,11,10,8,9,5,7,32,16,10,9,7,12,15,5,5,9,6,3,9,9,16,6,11,10,14,18,6,16,14,9,10,6,7,8,9,10,10,19,10,11,13,4,6,7,4,5,6,6,0,0,0,0,0,0,0,0,0,0,0,0,0,0,0,0,0,0,0,0,128,149,111,111,123,140,127,138,122,119,133,144,146,124,136,126,133,141,117,114,20,23,19,17,22,20,23,21,21,19
DRAKE_T1,BatchB,1,3357,5846,2919,3196,2830,2679,5395,2628,5381,5842,3208,6032,4984,3113,7345,3219,3034,2833,3305,2961,2829,2838,3003,8070,2769,2836,5783,3079,3330,2825,3182,3122,3116,2810,3214,3086,2886,7417,3077,3210,7033,3045,2752,3197,3102,6068,2855,3132,3009,3134,4879,6377,2767,2878,7740,3154,2942,3077,5349,7754,2603,3189,2850,5815,2983,3184,2837,3347,3209,3263,2794,4236,2946,2877,2674,3165,5263,6504,3102,5948,3519,3300,2809,5752,2635,3069,2667,4152,2893,6363,6589,2954,2654,3869,2754,6288,6262,2973,2937,7253,2781,4676,2863,3399,2814,2888,2805,3157,7149,2577,3078,3069,3448,2739,3079,5069,3143,2874,3014,2719,2898,6952,2691,6909,3313,3053,3333,4679,2450,2734,8051,6534,3115,3219,2483,6277,2817,3125,3288,3375,10349,3095,4115,3016,2901,2871,2841,2881,3152,3055,3004,6076,7712,3121,2977,3341,5609,3522,3014,2673,2927,2954,2880,2981,5048,2976,3337,2897,10144,6425,4096,3314,2768,2607,2776,3147,3181,2886,3078,7426,2848,6731,2720,3011,2990,3274,3012,2778,6228,6171,3500,7544,3895,5005,4264,2715,8205,2911,2983,8661,169,196,217,174,96,132,127,106,108,121,178,265,163,120,164,193,159,183,258,138,289,169,140,122,134,145,252,238,120,292,227,135,160,187,121,139,183,147,118,372,142,137,109,118,856,101,93,191,262,274,147,162,211,199,225,182,139,231,236,252,260,271,141,141,286,209,344,173,140,135,195,139,156,389,161,187,123,127,162,155,270,114,152,406,291,182,167,276,285,314,136,420,502,116,156,301,132,141,108,386,222,97,155,131,150,123,132,174,189,212,174,243,208,199,190,138,276,131,160,114,154,144,206,190,213,342,282,134,126,182,380,166,135,318,303,110,119,428,198,430,163,151,168,145,568,102,124,339,189,201,171,454,127,161,495,158,142,209,121,128,170,159,461,130,142,181,245,321,147,198,157,157,163,164,441,398,133,125,206,128,142,222,243,126,291,128,334,169,216,94,95,131,553,174,160,157,148,142,365,120,143,145,203,144,641,148,141,173,96,114,112,191,137,267,210,287,215,202,136,187,186,137,410,126,117,635,169,222,158,156,132,273,160,285,375,314,135,130,314,159,131,155,147,325,140,237,498,123,214,136,222,142,570,259,147,163,212,487,388,148,146,172,274,172,268,134,148,520,447,108,164,168,165,171,403,125,197,117,131,541,159,342,153,160,155,154,196,153,141,338,489,150,144,248,125,317,99,283,226,124,9,29,15,14,3,6,25,9,7,10,12,7,6,7,8,7,22,12,9,31,7,12,10,14,14,7,11,13,8,14,7,7,7,20,6,17,5,11,4,7,5,8,13,8,16,7,7,6,9,8,8,16,8,30,8,11,24,6,7,12,7,8,19,6,13,11,13,6,9,9,5,12,7,6,9,5,18,10,7,7,4,6,6,6,11,12,12,10,7,10,4,10,11,5,11,5,5,11,16,5,23,6,19,18,6,6,9,13,5,8,5,8,5,9,6,12,30,9,13,11,8,8,10,18,9,16,6,21,6,4,12,14,7,12,13,16,21,7,21,9,5,10,12,7,7,8,9,5,8,7,22,7,11,12,10,8,6,8,29,22,9,8,7,10,16,5,6,8,8,4,8,6,17,6,7,8,14,19,8,13,16,11,10,6,7,6,7,14,10,30,6,11,9,5,6,7,5,5,5,7,1,1,1,1,1,1,1,1,1,1,0,0,0,0,0,0,0,0,0,0,41,44,31,36,34,44,41,44,41,34,40,38,38,38,40,36,40,40,35,33,22,21,18,18,21,21,23,22,21,18
RIPLEY_T1,BatchB,1,3054,6036,3280,3106,2512,2851,5457,2707,4908,5690,3227,5903,5023,3289,6833,2662,3149,3025,3111,3092,2623,2749,2909,7222,3073,3306,6329,3074,2876,2676,3243,2909,2991,2859,2955,3322,2988,8057,2434,3224,6709,3102,2955,2884,2858,5922,3417,3001,2686,2803,4740,6661,2585,2988,7990,2795,2931,3054,5708,8458,2540,3091,2831,6875,2833,3132,3058,2957,2953,2798,3175,4320,2683,2762,2863,3013,5247,7098,2956,6442,3165,2469,2913,6358,2654,3244,2595,4263,3024,6705,6342,3075,2868,4336,3023,5595,6640,2583,3132,7189,2911,4621,3021,2868,2946,2895,2925,2913,7152,2518,3292,2947,3412,2510,2888,5399,2855,3097,3405,2808,2920,6647,2789,6988,2997,3143,3265,4780,2960,2633,8600,5714,3285,2834,2800,5407,3061,3095,3263,3326,11315,2901,4101,2869,3029,2999,2621,2960,3316,3016,2821,6792,9176,3052,3172,3468,5776,2865,3039,2783,2665,2943,3485,2689,5008,2930,3280,3047,9326,6957,4267,2988,2889,2428,2879,2903,3114,3214,3242,7156,2967,7198,2661,3187,2815,3344,2997,2865,6387,6035,2992,7997,3753,5043,4143,2927,8952,2740,3037,8039,134,186,202,183,84,168,122,115,136,144,182,222,155,130,164,170,168,173,257,141,314,169,153,129,162,145,271,200,158,298,188,130,170,189,127,130,245,137,119,417,134,125,108,102,719,125,109,193,245,277,124,171,211,160,191,162,174,195,235,272,205,275,170,141,341,176,395,157,136,137,190,163,127,379,197,201,125,124,154,168,248,93,186,488,218,133,133,328,329,291,152,437,554,106,144,317,205,139,106,332,180,105,178,148,159,122,140,184,235,228,181,200,183,206,161,143,252,128,189,122,189,137,216,146,158,272,268,160,99,168,357,168,155,306,324,130,116,375,189,384,123,145,187,186,586,102,154,395,209,169,164,475,124,140,469,175,141,172,128,141,146,152,478,118,144,185,226,360,162,166,140,175,182,149,464,318,150,126,192,131,172,191,252,121,268,134,382,181,239,102,92,150,502,153,157,142,158,162,437,116,141,160,207,130,486,162,161,178,102,105,119,188,155,320,232,329,185,253,168,189,171,140,399,112,103,455,210,211,203,134,118,269,167,232,421,266,125,118,324,179,145,141,174,371,136,295,468,140,169,137,230,139,509,224,138,127,185,522,340,132,154,148,243,145,228,139,140,386,431,124,164,119,128,141,463,144,176,126,137,555,160,410,164,196,147,139,161,174,126,316,422,137,115,307,133,332,115,344,177,107,10,28,18,12,3,7,23,6,6,7,12,7,8,7,12,7,21,12,11,32,9,16,9,13,16,7,9,16,7,12,6,7,8,21,5,17,7,10,4,6,5,6,11,6,19,6,8,6,10,10,9,17,9,41,7,11,23,5,7,11,7,8,16,6,15,8,11,5,9,10,5,16,9,6,8,4,16,9,7,12,3,6,6,5,11,12,10,9,7,11,6,7,10,5,8,6,6,8,16,5,20,6,20,19,5,10,8,10,5,8,4,7,5,7,6,13,19,8,14,10,7,6,8,15,8,14,6,22,6,4,11,13,7,11,13,17,19,6,19,9,5,9,14,7,6,8,8,4,8,6,23,7,11,11,8,8,6,8,33,19,11,7,7,10,16,5,4,9,8,4,9,8,18,5,9,10,14,19,8,20,14,8,11,6,6,6,10,13,12,20,7,15,11,4,6,7,5,5,6,7,0,0,0,0,0,0,0,0,0,0,0,0,0,0,0,0,0,0,0,0,1850,2256,1567,1660,1808,2217,2113,1982,1638,1703,1866,1841,1903,1882,1935,1879,1923,2071,1495,1594,21,21,17,18,21,22,24,19,19,19
SPUNKMEYER_T1,BatchB,1,3103,5749,2876,3139,2853,2506,5280,3106,5085,5902,3040,5845,4925,2830,7208,2767,3182,3163,3339,3212,3112,2980,2950,7579,3160,2954,5744,3289,2910,3209,3280,3152,2801,2757,3239,3240,2843,7193,2529,2709,6490,3055,2687,3172,3002,5828,3127,2868,2878,2850,4468,6697,2774,2862,7319,2802,2888,3001,5818,8740,2881,2642,3118,6142,3236,3492,2884,2929,3387,2823,2701,4017,2652,3387,3001,3037,5000,5895,2919,6864,3132,2540,2659,5993,2725,2781,2987,4245,3289,6140,5871,2604,2870,4077,2757,6158,6447,2620,2815,6955,3308,5148,3154,3090,3120,2812,2464,2900,7342,2611,2804,2815,3728,2682,3315,5550,3303,3032,3105,2965,2733,5983,2955,6380,2953,2797,3380,4296,2733,2953,7541,5437,3065,2880,2802,6291,3109,3271,3366,3154,10915,2922,4338,3081,2546,2950,2978,2911,2954,3354,2789,6207,7920,2863,3173,3357,6402,2832,2684,2830,2786,2641,3195,2944,5707,2904,3079,2708,8944,7201,3814,3143,2819,3031,2622,2959,3154,2763,2863,7156,3032,7146,2818,3567,2719,3116,3323,3102,7312,5587,2882,8222,3808,5111,4763,2597,7953,2765,2972,8400,141,163,224,153,107,160,145,139,116,149,159,231,143,148,134,184,151,215,244,118,305,160,150,119,154,163,242,199,126,283,185,114,190,189,111,156,204,144,107,365,136,169,98,110,821,116,125,222,270,268,154,150,210,158,235,175,188,228,228,286,226,270,172,157,271,170,410,134,120,164,175,136,161,382,223,171,118,112,217,154,265,109,186,517,216,132,182,354,259,289,141,449,521,97,159,318,157,148,104,380,177,110,166,137,145,120,138,200,272,196,179,220,219,166,201,138,257,112,196,110,188,113,204,193,265,308,254,142,124,189,382,180,151,337,279,111,140,586,197,375,151,142,132,187,482,108,138,363,184,171,185,577,136,205,527,179,164,193,120,134,138,184,439,116,167,179,226,451,168,175,180,175,171,180,444,383,116,137,246,144,154,180,244,101,266,131,413,157,276,100,99,126,404,166,177,143,147,165,390,132,173,138,178,147,665,132,128,174,93,120,95,200,125,250,210,318,144,218,156,195,136,124,469,119,128,510,184,206,195,164,122,290,132,326,516,267,130,133,379,183,147,155,177,349,123,219,456,136,164,163,292,155,490,249,159,168,186,480,323,131,155,141,250,159,263,135,135,509,412,113,143,141,136,154,339,127,203,119,155,621,156,391,150,175,150,113,174,173,129,305,465,155,166,257,114,276,100,283,196,114,13,22,15,10,4,7,21,9,6,8,9,7,8,7,9,10,22,13,8,30,8,13,9,14,17,8,13,13,9,10,6,5,7,20,6,14,7,10,5,7,5,6,14,7,17,7,8,6,8,9,8,18,8,25,6,13,21,6,9,13,8,8,18,7,14,9,12,6,9,8,5,15,8,6,9,4,18,10,7,9,5,5,7,5,8,12,10,9,8,11,5,7,14,5,8,6,6,9,23,5,19,6,21,16,8,9,11,12,5,8,8,9,6,9,7,12,30,8,12,11,8,8,8,12,8,13,6,27,6,4,13,15,7,13,14,15,19,5,20,9,4,9,16,7,7,7,10,5,10,5,20,6,10,12,8,10,5,10,31,22,12,8,8,13,15,4,5,8,6,4,9,7,21,6,10,8,11,19,8,18,13,8,10,6,8,7,9,12,12,22,6,12,9,4,7,6,4,6,6,8,2,2,2,2,2,2,2,2,2,2,0,0,0,0,0,0,0,0,0,0,367,378,308,311,308,367,315,372,308,326,356,339,348,328,374,345,378,350,310,300,20,23,18,16,20,22,23,22,19,19
